<DATE>	<TIME>	<BID>	<ASK>	<LAST>	<VOLUME>	<FLAGS>
2026.04.03	00:03:30.824	0.68892	0.69110			6
2026.04.03	00:04:00.055	0.68892				2
2026.04.03	00:04:31.055		0.69110			4
2026.04.03	00:05:00.262	0.68978	0.69106			6
2026.04.03	00:05:02.669		0.69113			4
2026.04.03	00:06:00.164	0.68979	0.69112			6
2026.04.03	00:06:47.729		0.69111			4
2026.04.03	00:07:00.069	0.68979				2
2026.04.03	00:07:35.285		0.69113			4
2026.04.03	00:08:00.276	0.68974				2
2026.04.03	00:08:30.388	0.69026	0.69114			6
2026.04.03	00:08:33.108	0.69014	0.69094			6
2026.04.03	00:08:46.351	0.68989	0.69099			6
2026.04.03	00:09:00.204	0.68989				2
2026.04.03	00:09:01.107		0.69098			4
2026.04.03	00:09:01.709		0.69099			4
2026.04.03	00:09:12.547		0.69103			4
2026.04.03	00:09:34.227		0.69094			4
2026.04.03	00:10:00.054	0.68989				2
2026.04.03	00:10:29.209		0.69091			4
2026.04.03	00:11:00.199	0.68989				2
2026.04.03	00:11:29.361		0.69091			4
2026.04.03	00:12:00.036	0.68989				2
2026.04.03	00:12:29.521		0.69091			4
2026.04.03	00:13:00.224	0.68989				2
2026.04.03	00:13:06.837	0.69037	0.69106			6
2026.04.03	00:13:14.058	0.69038				2
2026.04.03	00:13:18.578	0.69039				2
2026.04.03	00:13:27.309	0.69040				2
2026.04.03	00:13:29.418	0.69036				2
2026.04.03	00:13:31.828	0.69026	0.69097			6
2026.04.03	00:13:32.730	0.69024	0.69095			6
2026.04.03	00:13:37.246	0.69023	0.69094			6
2026.04.03	00:13:44.471	0.69024	0.69095			6
2026.04.03	00:13:46.579	0.69023				2
2026.04.03	00:13:48.084	0.68993	0.69106			6
2026.04.03	00:13:49.287	0.68983	0.69091			6
2026.04.03	00:14:00.124	0.68983				2
2026.04.03	00:14:49.488		0.69091			4
2026.04.03	00:14:57.920	0.69022				2
2026.04.03	00:14:58.225	0.68983				2
2026.04.03	00:14:58.522	0.69022				2
2026.04.03	00:14:58.831	0.68983				2
2026.04.03	00:14:59.128	0.69022				2
2026.04.03	00:14:59.431	0.68983				2
2026.04.03	00:15:00.030	0.69022				2
2026.04.03	00:15:00.332	0.68983				2
2026.04.03	00:15:00.634	0.69022				2
2026.04.03	00:15:00.933	0.68983				2
2026.04.03	00:15:01.238	0.69022				2
2026.04.03	00:15:01.535	0.68983				2
2026.04.03	00:15:09.059	0.68972	0.69111			6
2026.04.03	00:15:10.568	0.68974				2
2026.04.03	00:15:10.869	0.68972				2
2026.04.03	00:15:11.471		0.69105			4
2026.04.03	00:15:12.075		0.69110			4
2026.04.03	00:15:16.285		0.69111			4
2026.04.03	00:16:00.224	0.68972				2
2026.04.03	00:16:07.144		0.69105			4
2026.04.03	00:16:08.651		0.69111			4
2026.04.03	00:16:17.678		0.69110			4
2026.04.03	00:16:27.004		0.69111			4
2026.04.03	00:17:00.117	0.68972				2
2026.04.03	00:17:27.218		0.69111			4
2026.04.03	00:18:00.020	0.68972				2
2026.04.03	00:18:27.409		0.69111			4
2026.04.03	00:19:00.208	0.68972				2
2026.04.03	00:19:27.600		0.69111			4
2026.04.03	00:20:00.095	0.68972				2
2026.04.03	00:20:27.785		0.69111			4
2026.04.03	00:21:00.289	0.68972				2
2026.04.03	00:21:27.978		0.69111			4
2026.04.03	00:22:00.189	0.68972				2
2026.04.03	00:22:18.850		0.69100			4
2026.04.03	00:22:23.368	0.68973				2
2026.04.03	00:22:23.668	0.68972	0.69106			6
2026.04.03	00:22:32.087		0.69107			4
2026.04.03	00:22:33.594		0.69106			4
2026.04.03	00:22:37.203		0.69107			4
2026.04.03	00:22:51.658		0.69108			4
2026.04.03	00:23:00.088	0.68972				2
2026.04.03	00:23:04.908		0.69109			4
2026.04.03	00:23:13.047		0.69111			4
2026.04.03	00:23:23.885		0.69112			4
2026.04.03	00:23:37.444		0.69113			4
2026.04.03	00:24:00.017	0.68972				2
2026.04.03	00:24:18.976		0.69111			4
2026.04.03	00:25:00.210	0.68972				2
2026.04.03	00:25:09.546	0.68968				2
2026.04.03	00:25:17.969	0.68965				2
2026.04.03	00:25:19.174		0.69111			4
2026.04.03	00:25:58.605	0.68968				2
2026.04.03	00:26:00.117	0.68968				2
2026.04.03	00:26:03.430	0.68966				2
2026.04.03	00:26:10.051	0.68967				2
2026.04.03	00:26:19.377		0.69111			4
2026.04.03	00:26:26.604	0.68970				2
2026.04.03	00:26:32.921	0.68966				2
2026.04.03	00:26:39.849	0.68967				2
2026.04.03	00:26:48.576	0.68969				2
2026.04.03	00:26:56.404		0.69102			4
2026.04.03	00:27:00.018	0.68969				2
2026.04.03	00:27:01.828	0.68965	0.69101			6
2026.04.03	00:27:05.140		0.69111			4
2026.04.03	00:27:06.346	0.68974				2
2026.04.03	00:27:09.354	0.68977				2
2026.04.03	00:27:52.099	0.68968				2
2026.04.03	00:28:00.232	0.68968				2
2026.04.03	00:28:05.346		0.69111			4
2026.04.03	00:28:08.351	0.68969				2
2026.04.03	00:28:47.176	0.68970				2
2026.04.03	00:28:51.994	0.68968				2
2026.04.03	00:29:00.112	0.68968				2
2026.04.03	00:29:05.528		0.69111			4
2026.04.03	00:29:20.287	0.68969				2
2026.04.03	00:30:00.016	0.68969				2
2026.04.03	00:30:00.321	0.68971				2
2026.04.03	00:30:05.423	0.68970				2
2026.04.03	00:30:05.725		0.69111			4
2026.04.03	00:30:09.638	0.68997				2
2026.04.03	00:30:10.540	0.68998				2
2026.04.03	00:30:11.442	0.68991				2
2026.04.03	00:30:11.745	0.68998				2
2026.04.03	00:30:12.652	0.68997				2
2026.04.03	00:30:14.456	0.68971				2
2026.04.03	00:30:14.763	0.68996				2
2026.04.03	00:30:15.664	0.68997				2
2026.04.03	00:30:16.568	0.68971				2
2026.04.03	00:30:16.870	0.68996				2
2026.04.03	00:30:18.674	0.68979				2
2026.04.03	00:30:18.979	0.68996				2
2026.04.03	00:30:20.176	0.68997				2
2026.04.03	00:30:21.079	0.68998				2
2026.04.03	00:30:21.985	0.68997				2
2026.04.03	00:30:23.188	0.68996				2
2026.04.03	00:30:24.093	0.68998				2
2026.04.03	00:30:24.997	0.68994				2
2026.04.03	00:30:25.902	0.68997				2
2026.04.03	00:30:27.102	0.68994				2
2026.04.03	00:30:28.005	0.68997				2
2026.04.03	00:30:28.906	0.68993				2
2026.04.03	00:30:29.207	0.68994				2
2026.04.03	00:30:30.110	0.68997				2
2026.04.03	00:30:31.014	0.68994				2
2026.04.03	00:30:31.913	0.68997				2
2026.04.03	00:30:37.032	0.68994				2
2026.04.03	00:30:37.930	0.68997				2
2026.04.03	00:30:39.134	0.68993				2
2026.04.03	00:30:40.037	0.68995				2
2026.04.03	00:30:40.937	0.68988				2
2026.04.03	00:30:41.241	0.68994				2
2026.04.03	00:30:42.143	0.68998				2
2026.04.03	00:30:43.046	0.68999				2
2026.04.03	00:30:43.950	0.68997				2
2026.04.03	00:30:45.152	0.68998				2
2026.04.03	00:30:46.054	0.68996				2
2026.04.03	00:30:47.262	0.68997				2
2026.04.03	00:30:48.168	0.68996				2
2026.04.03	00:30:49.073	0.68995				2
2026.04.03	00:30:49.975	0.68989				2
2026.04.03	00:30:50.278	0.68998				2
2026.04.03	00:30:51.176	0.68999				2
2026.04.03	00:30:52.080	0.68997				2
2026.04.03	00:30:53.281	0.68998				2
2026.04.03	00:30:54.185	0.68999				2
2026.04.03	00:30:56.286	0.68997				2
2026.04.03	00:30:57.193	0.68998				2
2026.04.03	00:30:58.099	0.68999				2
2026.04.03	00:30:59.303	0.68996				2
2026.04.03	00:30:59.605	0.68997				2
2026.04.03	00:31:00.206	0.68997				2
2026.04.03	00:31:04.117	0.68998				2
2026.04.03	00:31:05.322	0.68997				2
2026.04.03	00:31:05.922		0.69111			4
2026.04.03	00:31:06.224	0.68996				2
2026.04.03	00:31:07.127	0.68998				2
2026.04.03	00:31:08.333	0.68999				2
2026.04.03	00:31:09.235	0.68995				2
2026.04.03	00:31:09.840	0.68994				2
2026.04.03	00:31:10.140	0.68997				2
2026.04.03	00:31:13.151	0.68999				2
2026.04.03	00:31:14.354	0.68996				2
2026.04.03	00:31:15.254	0.68998				2
2026.04.03	00:31:17.359	0.68999				2
2026.04.03	00:31:19.166	0.68997				2
2026.04.03	00:31:20.672	0.68995				2
2026.04.03	00:31:21.274	0.68997				2
2026.04.03	00:31:23.376	0.68999				2
2026.04.03	00:31:24.276	0.68998				2
2026.04.03	00:31:30.286	0.68997				2
2026.04.03	00:31:31.188	0.68998				2
2026.04.03	00:31:32.392	0.68997				2
2026.04.03	00:31:33.299	0.68998				2
2026.04.03	00:31:35.405	0.68999				2
2026.04.03	00:31:36.306	0.68998				2
2026.04.03	00:31:37.208	0.68991				2
2026.04.03	00:31:37.508	0.68997				2
2026.04.03	00:31:38.416	0.68998				2
2026.04.03	00:31:40.217	0.68972				2
2026.04.03	00:31:40.517	0.68998				2
2026.04.03	00:31:43.225	0.68972				2
2026.04.03	00:31:43.524	0.68997				2
2026.04.03	00:31:46.534	0.68999				2
2026.04.03	00:31:47.440	0.69000				2
2026.04.03	00:31:48.344	0.68998				2
2026.04.03	00:31:50.451	0.68999				2
2026.04.03	00:31:51.351	0.69001				2
2026.04.03	00:31:52.859	0.69003				2
2026.04.03	00:31:56.472	0.68999				2
2026.04.03	00:31:59.778	0.69002				2
2026.04.03	00:32:00.078	0.69002				2
2026.04.03	00:32:00.381	0.69003				2
2026.04.03	00:32:00.685	0.68997				2
2026.04.03	00:32:02.787	0.68996				2
2026.04.03	00:32:05.490	0.68998				2
2026.04.03	00:32:05.798	0.68999				2
2026.04.03	00:32:06.096		0.69111			4
2026.04.03	00:32:06.698	0.68998				2
2026.04.03	00:32:07.600	0.68972				2
2026.04.03	00:32:07.899	0.68998				2
2026.04.03	00:32:08.803	0.68999				2
2026.04.03	00:32:10.606	0.68997				2
2026.04.03	00:32:10.910	0.68996				2
2026.04.03	00:32:11.811	0.68997				2
2026.04.03	00:32:12.711	0.68998				2
2026.04.03	00:32:16.932	0.68997				2
2026.04.03	00:32:17.836	0.68995				2
2026.04.03	00:32:18.738	0.68998				2
2026.04.03	00:32:19.942	0.68999				2
2026.04.03	00:32:20.844	0.68997				2
2026.04.03	00:32:21.446	0.69002				2
2026.04.03	00:32:21.750	0.68972				2
2026.04.03	00:32:25.359	0.68996				2
2026.04.03	00:32:25.662	0.69001				2
2026.04.03	00:32:26.563	0.68998				2
2026.04.03	00:32:28.669	0.68999				2
2026.04.03	00:32:29.271	0.69001				2
2026.04.03	00:32:30.475	0.69002				2
2026.04.03	00:32:31.378	0.69000				2
2026.04.03	00:32:32.285	0.68999				2
2026.04.03	00:32:33.485	0.68997				2
2026.04.03	00:32:34.989	0.68998				2
2026.04.03	00:32:36.494	0.68999				2
2026.04.03	00:32:38.303	0.68998				2
2026.04.03	00:32:42.515	0.69000				2
2026.04.03	00:32:43.419	0.68998				2
2026.04.03	00:32:44.319	0.68999				2
2026.04.03	00:32:45.522	0.68998				2
2026.04.03	00:32:47.326	0.69000				2
2026.04.03	00:32:48.528	0.68998				2
2026.04.03	00:32:54.551	0.68999				2
2026.04.03	00:32:55.453	0.68998				2
2026.04.03	00:32:55.755	0.68996				2
2026.04.03	00:32:58.466	0.68998				2
2026.04.03	00:33:00.273	0.68998				2
2026.04.03	00:33:02.376	0.68996				2
2026.04.03	00:33:03.577	0.68998				2
2026.04.03	00:33:06.285		0.69111			4
2026.04.03	00:33:08.391	0.68973				2
2026.04.03	00:33:08.699	0.68998				2
2026.04.03	00:33:10.503	0.68996				2
2026.04.03	00:33:12.608	0.68998				2
2026.04.03	00:33:14.417	0.68991				2
2026.04.03	00:33:14.717	0.68996				2
2026.04.03	00:33:17.722	0.68998				2
2026.04.03	00:33:18.625	0.68996				2
2026.04.03	00:33:19.530	0.68998				2
2026.04.03	00:33:20.732	0.68996				2
2026.04.03	00:33:22.238	0.68998				2
2026.04.03	00:33:22.539	0.68996				2
2026.04.03	00:33:23.740	0.68998				2
2026.04.03	00:33:25.546	0.68996				2
2026.04.03	00:33:26.750	0.68998				2
2026.04.03	00:33:27.652	0.68995				2
2026.04.03	00:33:27.954	0.68990				2
2026.04.03	00:33:28.854	0.68995				2
2026.04.03	00:33:29.755	0.68996				2
2026.04.03	00:33:30.657	0.68998				2
2026.04.03	00:33:36.677	0.68999				2
2026.04.03	00:33:37.881	0.68998				2
2026.04.03	00:33:39.687	0.68996				2
2026.04.03	00:33:46.913	0.68998				2
2026.04.03	00:33:47.815	0.68999				2
2026.04.03	00:33:48.716	0.68996				2
2026.04.03	00:33:51.426	0.68999				2
2026.04.03	00:33:52.627	0.69000				2
2026.04.03	00:33:53.528	0.68999				2
2026.04.03	00:33:53.830	0.68997				2
2026.04.03	00:34:00.151	0.68997				2
2026.04.03	00:34:00.451	0.68994				2
2026.04.03	00:34:01.355	0.68996				2
2026.04.03	00:34:01.659	0.68993				2
2026.04.03	00:34:02.559	0.68994				2
2026.04.03	00:34:06.476		0.69111			4
2026.04.03	00:34:10.387	0.68998				2
2026.04.03	00:34:11.592	0.69000				2
2026.04.03	00:34:12.496	0.68998				2
2026.04.03	00:34:13.399	0.68999				2
2026.04.03	00:34:14.602	0.68998				2
2026.04.03	00:34:17.616	0.68999				2
2026.04.03	00:34:18.518	0.68998				2
2026.04.03	00:34:19.420	0.69000				2
2026.04.03	00:34:20.628	0.68996				2
2026.04.03	00:34:21.531	0.68997				2
2026.04.03	00:34:22.431	0.68996				2
2026.04.03	00:34:26.345	0.68997				2
2026.04.03	00:34:26.645	0.68998				2
2026.04.03	00:34:27.550	0.69000				2
2026.04.03	00:34:28.451	0.68996				2
2026.04.03	00:34:29.654	0.68998				2
2026.04.03	00:34:30.554	0.68997				2
2026.04.03	00:34:31.456	0.68998				2
2026.04.03	00:34:34.461	0.68996				2
2026.04.03	00:34:38.376	0.68997				2
2026.04.03	00:34:38.676	0.68999				2
2026.04.03	00:34:39.577	0.68998				2
2026.04.03	00:34:40.478	0.68996				2
2026.04.03	00:34:42.593	0.68998				2
2026.04.03	00:34:43.496	0.68992				2
2026.04.03	00:34:43.796	0.68999				2
2026.04.03	00:34:44.699	0.68996				2
2026.04.03	00:34:45.602	0.68995				2
2026.04.03	00:34:45.903	0.68998				2
2026.04.03	00:34:47.104	0.68992				2
2026.04.03	00:34:47.405	0.68997				2
2026.04.03	00:34:49.513	0.68999				2
2026.04.03	00:34:50.415	0.68998				2
2026.04.03	00:34:51.616	0.68997				2
2026.04.03	00:34:52.517	0.68996				2
2026.04.03	00:34:53.419	0.68999				2
2026.04.03	00:34:54.626	0.68997				2
2026.04.03	00:34:54.927	0.68996				2
2026.04.03	00:34:56.433	0.68999				2
2026.04.03	00:34:57.633	0.68997				2
2026.04.03	00:34:58.537	0.68996				2
2026.04.03	00:34:59.436	0.69000				2
2026.04.03	00:34:59.740	0.68999				2
2026.04.03	00:35:00.043	0.68999				2
2026.04.03	00:35:00.645	0.68996				2
2026.04.03	00:35:00.946	0.68997				2
2026.04.03	00:35:01.850	0.68996				2
2026.04.03	00:35:02.150		0.69129			4
2026.04.03	00:35:02.753	0.68997	0.69118			6
2026.04.03	00:35:03.355	0.68998				2
2026.04.03	00:35:03.658	0.68994				2
2026.04.03	00:35:03.956	0.68997				2
2026.04.03	00:35:04.860	0.68998				2
2026.04.03	00:35:05.464	0.68999				2
2026.04.03	00:35:05.767	0.68973				2
2026.04.03	00:35:06.671	0.68998				2
2026.04.03	00:35:07.573	0.68973				2
2026.04.03	00:35:07.875	0.68997				2
2026.04.03	00:35:08.777	0.69001				2
2026.04.03	00:35:10.282		0.69117			4
2026.04.03	00:35:10.582	0.68973				2
2026.04.03	00:35:10.882	0.68999				2
2026.04.03	00:35:11.786	0.69001	0.69118			6
2026.04.03	00:35:12.686	0.68999				2
2026.04.03	00:35:13.891		0.69129			4
2026.04.03	00:35:14.797		0.69118			4
2026.04.03	00:35:15.701	0.69001				2
2026.04.03	00:35:16.902		0.69129			4
2026.04.03	00:35:17.803	0.68999				2
2026.04.03	00:35:18.102		0.69117			4
2026.04.03	00:35:18.704	0.69001				2
2026.04.03	00:35:19.908		0.69129			4
2026.04.03	00:35:20.811		0.69117			4
2026.04.03	00:35:22.914	0.68999				2
2026.04.03	00:35:23.820		0.69129			4
2026.04.03	00:35:24.721	0.68998	0.69118			6
2026.04.03	00:35:25.923	0.68999				2
2026.04.03	00:35:27.730		0.69129			4
2026.04.03	00:35:28.035		0.69118			4
2026.04.03	00:35:28.932	0.69001				2
2026.04.03	00:35:29.835	0.68999				2
2026.04.03	00:35:32.843	0.68996				2
2026.04.03	00:35:33.439	0.68973				2
2026.04.03	00:35:34.342	0.68992				2
2026.04.03	00:35:34.644	0.68999	0.69124			6
2026.04.03	00:35:35.547	0.68997	0.69116			6
2026.04.03	00:35:36.452	0.68996				2
2026.04.03	00:35:37.654	0.68999				2
2026.04.03	00:35:38.555	0.68996				2
2026.04.03	00:35:39.458	0.68999				2
2026.04.03	00:35:40.658	0.68996				2
2026.04.03	00:35:40.959	0.68994				2
2026.04.03	00:35:41.570	0.68998				2
2026.04.03	00:35:42.475	0.68994				2
2026.04.03	00:35:42.775		0.69124			4
2026.04.03	00:35:43.676	0.68998				2
2026.04.03	00:35:43.976		0.69116			4
2026.04.03	00:35:44.577	0.68994				2
2026.04.03	00:35:45.480	0.68998				2
2026.04.03	00:35:47.586	0.68999				2
2026.04.03	00:35:48.489	0.69000				2
2026.04.03	00:35:50.590	0.69002				2
2026.04.03	00:35:53.605	0.69001				2
2026.04.03	00:35:54.506	0.68998				2
2026.04.03	00:35:55.409	0.68997				2
2026.04.03	00:35:55.712	0.68998				2
2026.04.03	00:35:56.009		0.69124			4
2026.04.03	00:35:56.610	0.68999	0.69117			6
2026.04.03	00:35:58.716	0.69002				2
2026.04.03	00:36:00.216	0.69002				2
2026.04.03	00:36:02.622	0.68993				2
2026.04.03	00:36:02.923	0.68970				2
2026.04.03	00:36:12.560	0.68971				2
2026.04.03	00:36:20.987		0.69121			4
2026.04.03	00:36:21.287		0.69124			4
2026.04.03	00:36:28.215	0.68965	0.69117			6
2026.04.03	00:36:28.814		0.69115			4
2026.04.03	00:36:37.857		0.69116			4
2026.04.03	00:36:39.058		0.69117			4
2026.04.03	00:36:40.564		0.69118			4
2026.04.03	00:36:42.371		0.69117			4
2026.04.03	00:36:44.475		0.69118			4
2026.04.03	00:36:47.477		0.69119			4
2026.04.03	00:36:48.076		0.69118			4
2026.04.03	00:36:59.508	0.68974	0.69122			6
2026.04.03	00:36:59.814	0.68965	0.69121			6
2026.04.03	00:37:00.112	0.68965				2
2026.04.03	00:37:01.615	0.68961	0.69120			6
2026.04.03	00:37:03.718	0.68963	0.69121			6
2026.04.03	00:37:13.354	0.68962				2
2026.04.03	00:37:22.977		0.69118			4
2026.04.03	00:37:23.578	0.68963				2
2026.04.03	00:37:49.155		0.69119			4
2026.04.03	00:38:00.287	0.68963				2
2026.04.03	00:38:13.218	0.68964				2
2026.04.03	00:38:19.242		0.69120			4
2026.04.03	00:38:23.759	0.68963	0.69118			6
2026.04.03	00:38:24.660		0.69119			4
2026.04.03	00:38:24.966		0.69120			4
2026.04.03	00:38:37.012		0.69121			4
2026.04.03	00:38:39.723		0.69120			4
2026.04.03	00:38:40.628	0.68964	0.69122			6
2026.04.03	00:38:40.929	0.68968				2
2026.04.03	00:38:43.632	0.68967				2
2026.04.03	00:38:44.235	0.68979				2
2026.04.03	00:38:47.548	0.68980	0.69123			6
2026.04.03	00:38:51.156	0.68979				2
2026.04.03	00:39:00.177	0.68979				2
2026.04.03	00:39:33.588	0.68963	0.69122			6
2026.04.03	00:39:33.891	0.68978				2
2026.04.03	00:39:34.190	0.68963	0.69121			6
2026.04.03	00:39:35.092	0.68976	0.69123			6
2026.04.03	00:39:45.031	0.68981				2
2026.04.03	00:39:58.279	0.68979				2
2026.04.03	00:39:59.178	0.68981				2
2026.04.03	00:40:00.081	0.68981				2
2026.04.03	00:40:05.502	0.68959	0.69120			6
2026.04.03	00:40:13.617	0.68962				2
2026.04.03	00:40:14.819	0.68963				2
2026.04.03	00:40:32.873		0.69121			4
2026.04.03	00:40:35.576		0.69120			4
2026.04.03	00:40:36.477		0.69121			4
2026.04.03	00:41:00.265	0.68963				2
2026.04.03	00:41:05.378		0.69122			4
2026.04.03	00:41:15.316		0.69121			4
2026.04.03	00:41:23.735	0.68962	0.69116			6
2026.04.03	00:41:29.455		0.69122			4
2026.04.03	00:41:36.381	0.68963	0.69123			6
2026.04.03	00:41:38.787		0.69117			4
2026.04.03	00:41:44.203	0.68973	0.69118			6
2026.04.03	00:41:44.503	0.68972	0.69125			6
2026.04.03	00:41:46.607	0.68978	0.69126			6
2026.04.03	00:41:55.024	0.68983	0.69124			6
2026.04.03	00:42:00.153	0.68983				2
2026.04.03	00:42:04.055	0.68985				2
2026.04.03	00:42:04.355	0.68983	0.69126			6
2026.04.03	00:42:14.593		0.69124			4
2026.04.03	00:42:15.793	0.68981	0.69123			6
2026.04.03	00:42:38.967	0.68982				2
2026.04.03	00:42:39.271	0.68983	0.69127			6
2026.04.03	00:43:00.039	0.68983				2
2026.04.03	00:43:00.941	0.68978	0.69125			6
2026.04.03	00:43:33.741	0.68979	0.69126			6
2026.04.03	00:43:38.256	0.68983				2
2026.04.03	00:43:44.277	0.68977	0.69125			6
2026.04.03	00:43:53.906	0.68979	0.69123			6
2026.04.03	00:44:00.224	0.68979				2
2026.04.03	00:44:15.271	0.68980				2
2026.04.03	00:44:17.676	0.68982	0.69119			6
2026.04.03	00:44:19.779	0.68980	0.69126			6
2026.04.03	00:44:42.950	0.68979				2
2026.04.03	00:44:55.602	0.68978	0.69125			6
2026.04.03	00:45:00.114	0.68978				2
2026.04.03	00:45:02.220	0.69014	0.69134			6
2026.04.03	00:45:04.931	0.68978	0.69125			6
2026.04.03	00:45:18.484	0.68977	0.69126			6
2026.04.03	00:45:21.194	0.68963	0.69123			6
2026.04.03	00:45:21.494	0.68965	0.69124			6
2026.04.03	00:45:23.601	0.68966	0.69119			6
2026.04.03	00:45:23.906	0.68972	0.69123			6
2026.04.03	00:45:30.824	0.68976	0.69126			6
2026.04.03	00:45:38.638	0.68980	0.69124			6
2026.04.03	00:45:51.885		0.69128			4
2026.04.03	00:45:53.387	0.68981	0.69126			6
2026.04.03	00:45:58.504	0.68979	0.69123			6
2026.04.03	00:45:58.804	0.68978				2
2026.04.03	00:45:59.105	0.68966				2
2026.04.03	00:46:00.008	0.68974				2
2026.04.03	00:46:01.217	0.68978	0.69125			6
2026.04.03	00:46:04.823	0.68979	0.69127			6
2026.04.03	00:46:05.123	0.68976	0.69126			6
2026.04.03	00:46:16.263		0.69123			4
2026.04.03	00:46:19.275	0.68977	0.69127			6
2026.04.03	00:46:19.576	0.68976	0.69126			6
2026.04.03	00:46:36.131		0.69105			4
2026.04.03	00:46:36.431	0.69017	0.69123			6
2026.04.03	00:46:36.731	0.68976	0.69105			6
2026.04.03	00:46:37.032	0.69017	0.69123			6
2026.04.03	00:46:37.332	0.68976	0.69105			6
2026.04.03	00:46:37.635	0.69017	0.69123			6
2026.04.03	00:46:38.240	0.68976	0.69105			6
2026.04.03	00:46:38.540	0.69017	0.69123			6
2026.04.03	00:46:38.847	0.68976	0.69105			6
2026.04.03	00:46:39.148	0.69017	0.69123			6
2026.04.03	00:46:39.450	0.68976	0.69105			6
2026.04.03	00:46:39.750	0.69017	0.69123			6
2026.04.03	00:46:40.051	0.68976				2
2026.04.03	00:46:55.402	0.68980				2
2026.04.03	00:47:00.216	0.68980				2
2026.04.03	00:47:02.323	0.69011	0.69135			6
2026.04.03	00:47:03.228	0.68979	0.69131			6
2026.04.03	00:47:04.730	0.68980	0.69123			6
2026.04.03	00:47:10.444	0.68984				2
2026.04.03	00:47:10.749	0.68978				2
2026.04.03	00:47:13.453	0.68972				2
2026.04.03	00:47:16.163		0.69122			4
2026.04.03	00:47:17.368		0.69123			4
2026.04.03	00:47:25.787		0.69122			4
2026.04.03	00:47:30.303		0.69123			4
2026.04.03	00:48:00.110	0.68972				2
2026.04.03	00:48:30.510		0.69123			4
2026.04.03	00:48:40.148		0.69125			4
2026.04.03	00:48:41.050	0.68962				2
2026.04.03	00:48:43.763		0.69123			4
2026.04.03	00:48:44.964		0.69124			4
2026.04.03	00:48:46.473	0.68963	0.69125			6
2026.04.03	00:48:58.506		0.69124			4
2026.04.03	00:49:00.013	0.68963				2
2026.04.03	00:49:01.814		0.69126			4
2026.04.03	00:49:06.627	0.68962	0.69124			6
2026.04.03	00:49:10.545	0.68976	0.69126			6
2026.04.03	00:49:45.150	0.68977	0.69127			6
2026.04.03	00:50:00.204	0.68977				2
2026.04.03	00:50:03.209	0.68980	0.69124			6
2026.04.03	00:50:03.809	0.68964				2
2026.04.03	00:50:13.740	0.68961				2
2026.04.03	00:50:14.345		0.69125			4
2026.04.03	00:50:42.641	0.68963	0.69119			6
2026.04.03	00:50:44.452		0.69120			4
2026.04.03	00:50:53.778	0.68960				2
2026.04.03	00:50:59.796		0.69125			4
2026.04.03	00:51:00.098	0.68960				2
2026.04.03	00:51:37.711		0.69126			4
2026.04.03	00:51:42.824		0.69127			4
2026.04.03	00:51:49.148	0.68962	0.69124			6
2026.04.03	00:51:49.450	0.68981	0.69127			6
2026.04.03	00:51:49.749		0.69128			4
2026.04.03	00:52:00.281	0.68981				2
2026.04.03	00:52:03.598	0.68975	0.69127			6
2026.04.03	00:52:05.702	0.68982	0.69128			6
2026.04.03	00:52:10.509	0.68984	0.69129			6
2026.04.03	00:52:11.111	0.68985				2
2026.04.03	00:52:20.431	0.68987	0.69131			6
2026.04.03	00:52:22.844	0.68963	0.69124			6
2026.04.03	00:52:45.725	0.68962				2
2026.04.03	00:52:49.033	0.68961	0.69123			6
2026.04.03	00:53:00.174	0.68961				2
2026.04.03	00:53:43.834	0.68962	0.69125			6
2026.04.03	00:53:44.136		0.69124			4
2026.04.03	00:53:51.358	0.68970	0.69123			6
2026.04.03	00:54:00.087	0.68970				2
2026.04.03	00:54:02.494	0.68977	0.69126			6
2026.04.03	00:54:02.798	0.68973				2
2026.04.03	00:54:03.395	0.68974	0.69127			6
2026.04.03	00:54:13.623	0.68977	0.69125			6
2026.04.03	00:54:17.237	0.68976	0.69128			6
2026.04.03	00:54:17.537	0.68977	0.69125			6
2026.04.03	00:54:25.066		0.69128			4
2026.04.03	00:54:25.369	0.68962	0.69124			6
2026.04.03	00:54:27.476	0.68976	0.69125			6
2026.04.03	00:54:30.482	0.68979	0.69127			6
2026.04.03	00:54:31.384	0.68977	0.69126			6
2026.04.03	00:54:31.688	0.68978	0.69125			6
2026.04.03	00:54:33.794		0.69127			4
2026.04.03	00:54:45.525	0.68973				2
2026.04.03	00:54:56.955	0.68972	0.69126			6
2026.04.03	00:55:00.265	0.68972				2
2026.04.03	00:55:05.077		0.69125			4
2026.04.03	00:55:06.281		0.69124			4
2026.04.03	00:55:10.941	0.68971	0.69125			6
2026.04.03	00:55:14.483	0.68961				2
2026.04.03	00:55:17.473	0.68974				2
2026.04.03	00:55:17.776		0.69126			4
2026.04.03	00:55:26.797		0.69125			4
2026.04.03	00:55:37.322	0.68976				2
2026.04.03	00:55:37.621		0.69126			4
2026.04.03	00:56:00.192	0.68976				2
2026.04.03	00:56:11.922	0.68969	0.69125			6
2026.04.03	00:56:13.723	0.68971				2
2026.04.03	00:56:19.747	0.68972	0.69122			6
2026.04.03	00:56:20.951	0.68974				2
2026.04.03	00:56:23.956		0.69123			4
2026.04.03	00:56:27.569	0.68976				2
2026.04.03	00:56:32.677		0.69125			4
2026.04.03	00:56:39.008		0.69124			4
2026.04.03	00:56:39.306	0.68978				2
2026.04.03	00:56:42.915	0.68979	0.69091			6
2026.04.03	00:56:43.218	0.68976	0.69094			6
2026.04.03	00:56:43.517	0.68980	0.69090			6
2026.04.03	00:56:44.119	0.68979	0.69091			6
2026.04.03	00:56:44.424	0.68976	0.69094			6
2026.04.03	00:56:45.021	0.68972	0.69098			6
2026.04.03	00:56:45.320	0.68976	0.69094			6
2026.04.03	00:56:45.620	0.68968	0.69102			6
2026.04.03	00:56:47.425	0.68967	0.69103			6
2026.04.03	00:56:48.932	0.68968	0.69102			6
2026.04.03	00:56:51.043	0.68967	0.69103			6
2026.04.03	00:56:51.946	0.68966	0.69104			6
2026.04.03	00:56:52.250	0.68975	0.69122			6
2026.04.03	00:56:54.059	0.68976				2
2026.04.03	00:57:00.079	0.68976	0.69123			6
2026.04.03	00:57:03.082		0.69122			4
2026.04.03	00:57:06.086		0.69123			4
2026.04.03	00:57:08.799		0.69122			4
2026.04.03	00:57:09.101		0.69121			4
2026.04.03	00:57:10.005		0.69122			4
2026.04.03	00:57:10.303	0.68975				2
2026.04.03	00:57:26.855		0.69121			4
2026.04.03	00:57:28.660	0.68976				2
2026.04.03	00:57:28.964	0.68975				2
2026.04.03	00:57:32.877		0.69122			4
2026.04.03	00:57:35.879		0.69121			4
2026.04.03	00:57:36.178		0.69122			4
2026.04.03	00:57:46.412	0.68971				2
2026.04.03	00:57:46.712	0.68975				2
2026.04.03	00:58:00.253	0.68975				2
2026.04.03	00:58:04.167		0.69121			4
2026.04.03	00:58:08.981		0.69122			4
2026.04.03	00:58:09.283	0.68974	0.69121			6
2026.04.03	00:58:11.991	0.68975				2
2026.04.03	00:58:15.007	0.68977				2
2026.04.03	00:58:25.232	0.68978				2
2026.04.03	00:58:35.169	0.68977				2
2026.04.03	00:59:00.155	0.68977				2
2026.04.03	00:59:08.579	0.68980				2
2026.04.03	00:59:09.481		0.69121			4
2026.04.03	00:59:22.127	0.68975				2
2026.04.03	00:59:23.330	0.68969	0.69101			6
2026.04.03	00:59:23.633	0.68980	0.69090			6
2026.04.03	00:59:24.232	0.68974	0.69096			6
2026.04.03	00:59:24.532	0.68971	0.69099			6
2026.04.03	00:59:24.837	0.68973	0.69097			6
2026.04.03	00:59:25.138	0.68968	0.69102			6
2026.04.03	00:59:25.438	0.68966	0.69104			6
2026.04.03	00:59:25.742	0.68965	0.69105			6
2026.04.03	00:59:26.041	0.68974	0.69096			6
2026.04.03	00:59:26.345	0.68960	0.69110			6
2026.04.03	00:59:26.642	0.68965				2
2026.04.03	00:59:27.545		0.69113			4
2026.04.03	00:59:27.849		0.69114			4
2026.04.03	00:59:28.148		0.69117			4
2026.04.03	00:59:28.447		0.69119			4
2026.04.03	00:59:29.050		0.69113			4
2026.04.03	00:59:29.351		0.69117			4
2026.04.03	00:59:29.656		0.69114			4
2026.04.03	00:59:29.952		0.69118			4
2026.04.03	00:59:30.253		0.69114			4
2026.04.03	00:59:30.855		0.69117			4
2026.04.03	00:59:31.158		0.69118			4
2026.04.03	00:59:31.455	0.68960	0.69114			6
2026.04.03	00:59:31.756		0.69116			4
2026.04.03	00:59:32.059	0.68969	0.69122			6
2026.04.03	00:59:32.961	0.68964				2
2026.04.03	00:59:34.167	0.68966				2
2026.04.03	00:59:34.464	0.68970				2
2026.04.03	00:59:38.677		0.69123			4
2026.04.03	00:59:40.178	0.68969	0.69116			6
2026.04.03	00:59:40.480	0.68960				2
2026.04.03	00:59:42.286		0.69119			4
2026.04.03	00:59:42.587		0.69116			4
2026.04.03	00:59:42.886		0.69118			4
2026.04.03	00:59:43.187		0.69116			4
2026.04.03	00:59:44.090	0.68959				2
2026.04.03	00:59:44.696	0.68964				2
2026.04.03	00:59:45.000		0.69118			4
2026.04.03	00:59:45.300	0.68968	0.69121			6
2026.04.03	00:59:45.600	0.68960	0.69116			6
2026.04.03	00:59:46.503	0.68959				2
2026.04.03	00:59:47.104		0.69119			4
2026.04.03	00:59:47.405		0.69116			4
2026.04.03	00:59:51.919	0.68969	0.69121			6
2026.04.03	00:59:52.223	0.68960	0.69117			6
2026.04.03	00:59:54.923	0.68961				2
2026.04.03	01:00:00.051	0.68961				2
2026.04.03	01:00:00.353	0.68966	0.69125			6
2026.04.03	01:00:01.557	0.68962				2
2026.04.03	01:00:01.853		0.69126			4
2026.04.03	01:00:02.456	0.69032	0.69112			6
2026.04.03	01:00:04.113	0.69029	0.69099			6
2026.04.03	01:00:05.016	0.69014	0.69114			6
2026.04.03	01:00:05.317	0.69016				2
2026.04.03	01:00:06.519	0.69020	0.69113			6
2026.04.03	01:00:07.719	0.69027				2
2026.04.03	01:00:10.124	0.69028				2
2026.04.03	01:00:12.526	0.69030	0.69110			6
2026.04.03	01:00:15.229	0.69031				2
2026.04.03	01:00:20.634	0.69035				2
2026.04.03	01:00:20.937	0.69032				2
2026.04.03	01:00:29.056	0.69038				2
2026.04.03	01:00:40.172		0.69108			4
2026.04.03	01:00:40.472	0.69040				2
2026.04.03	01:00:40.774	0.69043				2
2026.04.03	01:00:45.578	0.69041	0.69118			6
2026.04.03	01:00:47.079	0.69045				2
2026.04.03	01:00:47.380	0.69055				2
2026.04.03	01:00:48.882	0.69056	0.69128			6
2026.04.03	01:00:49.783	0.69059				2
2026.04.03	01:00:59.697	0.69064				2
2026.04.03	01:01:00.299	0.69071	0.69125			6
2026.04.03	01:01:00.598	0.69072	0.69122			6
2026.04.03	01:01:00.898	0.69035	0.69121			6
2026.04.03	01:01:02.999	0.69058	0.69119			6
2026.04.03	01:01:05.100	0.69066	0.69123			6
2026.04.03	01:01:05.400	0.69073				2
2026.04.03	01:01:05.700	0.69067				2
2026.04.03	01:01:06.600	0.69074	0.69116			6
2026.04.03	01:01:06.901		0.69118			4
2026.04.03	01:01:08.103	0.69068	0.69117			6
2026.04.03	01:01:08.404		0.69119			4
2026.04.03	01:01:09.004	0.69069				2
2026.04.03	01:01:13.813	0.69075				2
2026.04.03	01:01:20.729	0.69067	0.69116			6
2026.04.03	01:01:21.028	0.69065	0.69120			6
2026.04.03	01:01:21.330	0.69074	0.69119			6
2026.04.03	01:01:22.231	0.69073				2
2026.04.03	01:01:24.934	0.69074				2
2026.04.03	01:01:25.234	0.69077	0.69120			6
2026.04.03	01:01:30.941	0.69062	0.69119			6
2026.04.03	01:01:31.242	0.69070	0.69117			6
2026.04.03	01:01:31.541	0.69064				2
2026.04.03	01:01:32.744	0.69065	0.69121			6
2026.04.03	01:01:33.346		0.69118			4
2026.04.03	01:01:33.647	0.69072	0.69115			6
2026.04.03	01:01:36.049	0.69085	0.69114			6
2026.04.03	01:01:39.354	0.69084	0.69115			6
2026.04.03	01:01:39.954	0.69088	0.69118			6
2026.04.03	01:01:40.254	0.69084	0.69112			6
2026.04.03	01:01:40.554	0.69086	0.69113			6
2026.04.03	01:01:40.854	0.69088				2
2026.04.03	01:01:41.156	0.69076	0.69115			6
2026.04.03	01:01:42.357	0.69074	0.69114			6
2026.04.03	01:01:42.659	0.69070				2
2026.04.03	01:01:42.959	0.69072	0.69112			6
2026.04.03	01:01:43.258		0.69114			4
2026.04.03	01:01:43.559	0.69074	0.69116			6
2026.04.03	01:01:43.859	0.69075				2
2026.04.03	01:01:44.461	0.69077	0.69115			6
2026.04.03	01:01:44.761	0.69075	0.69113			6
2026.04.03	01:01:45.361	0.69074	0.69112			6
2026.04.03	01:01:45.662		0.69113			4
2026.04.03	01:01:47.470	0.69073	0.69112			6
2026.04.03	01:01:48.072	0.69076	0.69115			6
2026.04.03	01:01:49.875	0.69071	0.69114			6
2026.04.03	01:01:50.176	0.69073				2
2026.04.03	01:01:50.477	0.69072				2
2026.04.03	01:01:50.777	0.69073				2
2026.04.03	01:01:53.479	0.69072				2
2026.04.03	01:01:55.283	0.69066	0.69110			6
2026.04.03	01:01:55.583	0.69062	0.69114			6
2026.04.03	01:01:56.184	0.69073	0.69117			6
2026.04.03	01:01:56.484	0.69068	0.69111			6
2026.04.03	01:01:56.784		0.69110			4
2026.04.03	01:01:58.284	0.69072				2
2026.04.03	01:02:00.086	0.69072				2
2026.04.03	01:02:00.387		0.69113			4
2026.04.03	01:02:00.687		0.69109			4
2026.04.03	01:02:01.288	0.69076	0.69111			6
2026.04.03	01:02:01.588	0.69077	0.69113			6
2026.04.03	01:02:01.889	0.69075	0.69111			6
2026.04.03	01:02:02.188	0.69079	0.69115			6
2026.04.03	01:02:05.799	0.69076	0.69120			6
2026.04.03	01:02:07.600	0.69087	0.69106			6
2026.04.03	01:02:10.002	0.69086				2
2026.04.03	01:02:11.203	0.69087				2
2026.04.03	01:02:28.037	0.69085	0.69105			6
2026.04.03	01:02:28.336	0.69086	0.69107			6
2026.04.03	01:02:28.637	0.69088				2
2026.04.03	01:02:31.046	0.69089				2
2026.04.03	01:02:43.076	0.69085				2
2026.04.03	01:02:44.280	0.69089				2
2026.04.03	01:03:00.205	0.69089				2
2026.04.03	01:03:00.505	0.69090				2
2026.04.03	01:03:06.811	0.69091	0.69106			6
2026.04.03	01:03:11.621		0.69104			4
2026.04.03	01:03:13.427	0.69093	0.69107			6
2026.04.03	01:03:29.058		0.69103			4
2026.04.03	01:03:44.089		0.69105			4
2026.04.03	01:04:00.025	0.69093				2
2026.04.03	01:04:01.829		0.69104			4
2026.04.03	01:04:10.546	0.69094	0.69105			6
2026.04.03	01:05:00.154	0.69094				2
2026.04.03	01:05:00.454	0.69099	0.69110			6
2026.04.03	01:05:11.279		0.69109			4
2026.04.03	01:05:37.420	0.69100	0.69112			6
2026.04.03	01:06:00.276	0.69100				2
2026.04.03	01:06:17.405		0.69111			4
2026.04.03	01:06:51.666	0.69099	0.69110			6
2026.04.03	01:06:52.569		0.69109			4
2026.04.03	01:07:00.082	0.69099				2
2026.04.03	01:07:06.692	0.69098	0.69108			6
2026.04.03	01:07:07.898	0.69097	0.69107			6
2026.04.03	01:07:13.610	0.69098				2
2026.04.03	01:07:42.483	0.69097				2
2026.04.03	01:07:46.995	0.69099	0.69108			6
2026.04.03	01:07:55.710	0.69094	0.69103			6
2026.04.03	01:08:00.221	0.69094				2
2026.04.03	01:08:00.521	0.69093	0.69102			6
2026.04.03	01:08:02.623	0.69094	0.69104			6
2026.04.03	01:08:02.923	0.69095	0.69105			6
2026.04.03	01:08:06.837	0.69091	0.69101			6
2026.04.03	01:08:07.438	0.69093	0.69102			6
2026.04.03	01:08:28.814	0.69094	0.69103			6
2026.04.03	01:08:32.422	0.69096	0.69105			6
2026.04.03	01:08:52.575	0.69098	0.69107			6
2026.04.03	01:08:55.278	0.69099				2
2026.04.03	01:08:56.179	0.69098				2
2026.04.03	01:08:58.285	0.69099				2
2026.04.03	01:09:00.085	0.69099				2
2026.04.03	01:09:02.800	0.69096	0.69105			6
2026.04.03	01:09:03.101	0.69094	0.69103			6
2026.04.03	01:09:36.201	0.69095	0.69104			6
2026.04.03	01:09:36.501	0.69096	0.69105			6
2026.04.03	01:09:37.402	0.69098	0.69107			6
2026.04.03	01:09:37.701	0.69099				2
2026.04.03	01:09:38.002	0.69097				2
2026.04.03	01:09:47.326	0.69099				2
2026.04.03	01:10:00.258	0.69096	0.69105			6
2026.04.03	01:10:01.460	0.69094	0.69103			6
2026.04.03	01:10:02.665	0.69093	0.69102			6
2026.04.03	01:10:02.965		0.69101			4
2026.04.03	01:10:06.872		0.69100			4
2026.04.03	01:10:08.075	0.69092				2
2026.04.03	01:10:11.381	0.69093	0.69101			6
2026.04.03	01:11:00.109	0.69093				2
2026.04.03	01:11:00.409	0.69092				2
2026.04.03	01:11:00.710	0.69093				2
2026.04.03	01:11:07.315		0.69100			4
2026.04.03	01:11:08.517		0.69101			4
2026.04.03	01:11:19.950	0.69096	0.69103			6
2026.04.03	01:11:20.550	0.69097	0.69104			6
2026.04.03	01:11:20.850	0.69096				2
2026.04.03	01:11:26.267	0.69094	0.69101			6
2026.04.03	01:11:26.567	0.69091	0.69098			6
2026.04.03	01:11:37.986		0.69099			4
2026.04.03	01:11:50.331		0.69098			4
2026.04.03	01:11:55.144		0.69099			4
2026.04.03	01:12:00.264	0.69091				2
2026.04.03	01:12:10.490	0.69093	0.69100			6
2026.04.03	01:12:11.998		0.69099			4
2026.04.03	01:12:12.599	0.69091				2
2026.04.03	01:12:13.501		0.69098			4
2026.04.03	01:12:15.308		0.69099			4
2026.04.03	01:12:23.431		0.69098			4
2026.04.03	01:13:00.136	0.69091				2
2026.04.03	01:13:23.585		0.69098			4
2026.04.03	01:14:00.298	0.69091				2
2026.04.03	01:14:19.251	0.69095	0.69101			6
2026.04.03	01:14:19.554		0.69102			4
2026.04.03	01:14:24.975		0.69103			4
2026.04.03	01:14:42.715		0.69102			4
2026.04.03	01:14:43.015		0.69101			4
2026.04.03	01:15:00.150	0.69095				2
2026.04.03	01:15:02.558		0.69100			4
2026.04.03	01:15:07.975		0.69101			4
2026.04.03	01:15:20.602		0.69103			4
2026.04.03	01:16:00.003	0.69095				2
2026.04.03	01:16:19.563	0.69096				2
2026.04.03	01:16:19.863		0.69104			4
2026.04.03	01:16:20.766		0.69103			4
2026.04.03	01:17:00.175	0.69096				2
2026.04.03	01:17:20.917		0.69103			4
2026.04.03	01:17:44.382		0.69102			4
2026.04.03	01:17:49.808		0.69103			4
2026.04.03	01:17:57.633		0.69104			4
2026.04.03	01:18:00.043	0.69096				2
2026.04.03	01:18:00.646		0.69103			4
2026.04.03	01:18:08.777	0.69099	0.69106			6
2026.04.03	01:18:34.957		0.69105			4
2026.04.03	01:18:36.460		0.69106			4
2026.04.03	01:19:00.212	0.69099				2
2026.04.03	01:19:00.509	0.69100	0.69107			6
2026.04.03	01:19:02.913		0.69106			4
2026.04.03	01:19:11.333	0.69101	0.69108			6
2026.04.03	01:19:12.236	0.69100	0.69106			6
2026.04.03	01:19:13.136		0.69105			4
2026.04.03	01:19:17.648	0.69101	0.69108			6
2026.04.03	01:19:17.951	0.69100	0.69106			6
2026.04.03	01:19:19.153	0.69101	0.69108			6
2026.04.03	01:19:29.076		0.69107			4
2026.04.03	01:19:30.881		0.69106			4
2026.04.03	01:19:34.189	0.69100				2
2026.04.03	01:19:47.733		0.69104			4
2026.04.03	01:19:48.037	0.69101	0.69106			6
2026.04.03	01:19:48.339	0.69100	0.69104			6
2026.04.03	01:19:48.639	0.69101	0.69106			6
2026.04.03	01:19:48.938	0.69100	0.69104			6
2026.04.03	01:19:49.239	0.69101	0.69106			6
2026.04.03	01:19:49.539	0.69100	0.69104			6
2026.04.03	01:19:49.839	0.69101	0.69106			6
2026.04.03	01:19:50.142	0.69100	0.69104			6
2026.04.03	01:19:50.443	0.69101	0.69106			6
2026.04.03	01:19:50.747	0.69100	0.69104			6
2026.04.03	01:19:51.047	0.69101	0.69106			6
2026.04.03	01:19:51.347	0.69100				2
2026.04.03	01:19:57.060	0.69098	0.69105			6
2026.04.03	01:19:57.358	0.69099	0.69106			6
2026.04.03	01:20:00.067	0.69099				2
2026.04.03	01:20:30.423	0.69098				2
2026.04.03	01:20:30.724	0.69099				2
2026.04.03	01:20:34.337	0.69098				2
2026.04.03	01:20:34.938	0.69099				2
2026.04.03	01:20:35.238	0.69098				2
2026.04.03	01:20:36.740	0.69094	0.69101			6
2026.04.03	01:20:40.947	0.69093				2
2026.04.03	01:21:00.207	0.69093				2
2026.04.03	01:21:17.358	0.69092				2
2026.04.03	01:21:33.015	0.69094	0.69102			6
2026.04.03	01:22:00.103	0.69094				2
2026.04.03	01:22:08.518	0.69095	0.69103			6
2026.04.03	01:22:22.046	0.69098	0.69105			6
2026.04.03	01:22:31.070	0.69095	0.69103			6
2026.04.03	01:22:45.210	0.69098	0.69105			6
2026.04.03	01:22:48.213	0.69099				2
2026.04.03	01:22:53.630	0.69098				2
2026.04.03	01:23:00.241	0.69097				2
2026.04.03	01:23:00.539	0.69096	0.69104			6
2026.04.03	01:23:15.280	0.69095	0.69103			6
2026.04.03	01:23:32.435	0.69097	0.69105			6
2026.04.03	01:23:32.731	0.69098				2
2026.04.03	01:23:58.302	0.69099				2
2026.04.03	01:24:00.105	0.69099				2
2026.04.03	01:24:00.404	0.69097				2
2026.04.03	01:24:00.706	0.69099				2
2026.04.03	01:24:03.715	0.69097				2
2026.04.03	01:24:06.420	0.69099				2
2026.04.03	01:24:07.324		0.69106			4
2026.04.03	01:24:41.616	0.69098				2
2026.04.03	01:24:41.918	0.69099				2
2026.04.03	01:25:00.259	0.69096	0.69104			6
2026.04.03	01:25:00.558	0.69094	0.69102			6
2026.04.03	01:26:00.117	0.69094				2
2026.04.03	01:26:00.717		0.69102			4
2026.04.03	01:26:10.641		0.69101			4
2026.04.03	01:27:00.278	0.69094				2
2026.04.03	01:27:10.495		0.69102			4
2026.04.03	01:27:26.735	0.69093	0.69100			6
2026.04.03	01:27:27.032	0.69089	0.69097			6
2026.04.03	01:27:38.777	0.69094	0.69100			6
2026.04.03	01:27:45.089		0.69101			4
2026.04.03	01:28:00.124	0.69094				2
2026.04.03	01:28:45.238		0.69101			4
2026.04.03	01:29:00.282	0.69094				2
2026.04.03	01:29:45.432		0.69101			4
2026.04.03	01:30:00.179	0.69094				2
2026.04.03	01:30:02.278	0.69096	0.69099			6
2026.04.03	01:30:04.082	0.69095	0.69098			6
2026.04.03	01:30:04.689	0.69094	0.69101			6
2026.04.03	01:30:16.410	0.69093				2
2026.04.03	01:31:00.013	0.69093				2
2026.04.03	01:31:04.820		0.69101			4
2026.04.03	01:31:12.037	0.69094	0.69102			6
2026.04.03	01:31:13.240	0.69095	0.69103			6
2026.04.03	01:31:55.934	0.69098	0.69106			6
2026.04.03	01:31:56.238	0.69099				2
2026.04.03	01:31:58.939		0.69107			4
2026.04.03	01:32:00.142	0.69099				2
2026.04.03	01:32:01.949		0.69108			4
2026.04.03	01:32:09.459	0.69101				2
2026.04.03	01:32:20.879	0.69103	0.69109			6
2026.04.03	01:32:22.978		0.69110			4
2026.04.03	01:32:25.091	0.69104				2
2026.04.03	01:32:26.296		0.69112			4
2026.04.03	01:32:33.212	0.69102	0.69108			6
2026.04.03	01:32:33.511		0.69107			4
2026.04.03	01:32:35.617		0.69109			4
2026.04.03	01:32:35.920	0.69103				2
2026.04.03	01:32:46.146	0.69102				2
2026.04.03	01:32:53.663	0.69101	0.69107			6
2026.04.03	01:32:57.876	0.69104	0.69111			6
2026.04.03	01:33:00.279	0.69104				2
2026.04.03	01:33:04.788		0.69110			4
2026.04.03	01:34:00.145	0.69104				2
2026.04.03	01:34:04.959		0.69110			4
2026.04.03	01:34:12.485		0.69111			4
2026.04.03	01:34:21.507		0.69110			4
2026.04.03	01:34:27.817		0.69111			4
2026.04.03	01:34:35.635		0.69110			4
2026.04.03	01:34:38.035	0.69103	0.69111			6
2026.04.03	01:34:47.063	0.69104				2
2026.04.03	01:34:50.971		0.69110			4
2026.04.03	01:34:53.073		0.69111			4
2026.04.03	01:35:00.296	0.69104				2
2026.04.03	01:35:31.294		0.69110			4
2026.04.03	01:35:34.905	0.69105	0.69112			6
2026.04.03	01:35:47.226	0.69106				2
2026.04.03	01:36:00.171	0.69106				2
2026.04.03	01:36:00.475	0.69105				2
2026.04.03	01:36:11.901	0.69104				2
2026.04.03	01:36:35.079		0.69112			4
2026.04.03	01:37:00.022	0.69104				2
2026.04.03	01:37:05.135	0.69105	0.69110			6
2026.04.03	01:37:07.233	0.69104				2
2026.04.03	01:37:32.191		0.69111			4
2026.04.03	01:37:57.150	0.69106				2
2026.04.03	01:37:58.352	0.69105				2
2026.04.03	01:37:58.953	0.69104				2
2026.04.03	01:38:00.163	0.69104				2
2026.04.03	01:38:21.809	0.69105				2
2026.04.03	01:38:24.815	0.69104				2
2026.04.03	01:38:27.224	0.69105				2
2026.04.03	01:38:29.930	0.69104				2
2026.04.03	01:38:32.341	0.69105	0.69111			6
2026.04.03	01:38:33.243	0.69104				2
2026.04.03	01:39:00.019	0.69104				2
2026.04.03	01:39:00.319		0.69110			4
2026.04.03	01:39:59.268		0.69111			4
2026.04.03	01:40:00.172	0.69104				2
2026.04.03	01:40:59.415		0.69111			4
2026.04.03	01:41:00.018	0.69104				2
2026.04.03	01:41:27.387		0.69110			4
2026.04.03	01:42:00.175	0.69104				2
2026.04.03	01:42:16.720	0.69102	0.69109			6
2026.04.03	01:42:17.022	0.69103				2
2026.04.03	01:42:19.730	0.69102				2
2026.04.03	01:42:51.608	0.69101				2
2026.04.03	01:43:00.023	0.69101				2
2026.04.03	01:43:15.052	0.69100	0.69108			6
2026.04.03	01:43:15.355	0.69102				2
2026.04.03	01:43:17.159	0.69101				2
2026.04.03	01:43:30.382	0.69100				2
2026.04.03	01:43:55.346	0.69101	0.69109			6
2026.04.03	01:44:00.158	0.69101				2
2026.04.03	01:44:22.414	0.69102				2
2026.04.03	01:44:22.713	0.69101				2
2026.04.03	01:44:51.891	0.69100				2
2026.04.03	01:44:55.508		0.69109			4
2026.04.03	01:44:57.312	0.69099	0.69107			6
2026.04.03	01:45:00.025	0.69099				2
2026.04.03	01:45:00.626	0.69098				2
2026.04.03	01:45:02.429	0.69097				2
2026.04.03	01:45:11.506	0.69098	0.69106			6
2026.04.03	01:45:15.045	0.69100				2
2026.04.03	01:46:00.129	0.69100				2
2026.04.03	01:46:11.566		0.69106			4
2026.04.03	01:46:21.786	0.69099				2
2026.04.03	01:46:35.333	0.69098	0.69103			6
2026.04.03	01:46:38.337	0.69097				2
2026.04.03	01:46:44.955		0.69102			4
2026.04.03	01:46:45.856	0.69096				2
2026.04.03	01:47:00.004	0.69096				2
2026.04.03	01:47:03.012	0.69099	0.69106			6
2026.04.03	01:47:17.755	0.69096	0.69102			6
2026.04.03	01:47:18.959	0.69097	0.69103			6
2026.04.03	01:48:00.150	0.69097				2
2026.04.03	01:48:09.164	0.69098	0.69104			6
2026.04.03	01:48:10.672	0.69099	0.69105			6
2026.04.03	01:49:00.279	0.69099				2
2026.04.03	01:49:10.802		0.69105			4
2026.04.03	01:49:20.719	0.69098	0.69104			6
2026.04.03	01:49:25.532	0.69100	0.69105			6
2026.04.03	01:49:35.459		0.69106			4
2026.04.03	01:50:00.122	0.69100				2
2026.04.03	01:50:01.623	0.69101	0.69107			6
2026.04.03	01:50:12.439	0.69102	0.69108			6
2026.04.03	01:51:00.287	0.69102				2
2026.04.03	01:51:12.614		0.69108			4
2026.04.03	01:51:26.444	0.69103	0.69109			6
2026.04.03	01:51:35.464		0.69108			4
2026.04.03	01:51:56.513	0.69102	0.69105			6
2026.04.03	01:51:56.814	0.69103	0.69108			6
2026.04.03	01:51:57.115	0.69102	0.69105			6
2026.04.03	01:51:57.416	0.69103	0.69108			6
2026.04.03	01:51:57.717	0.69102	0.69105			6
2026.04.03	01:51:58.018	0.69103	0.69108			6
2026.04.03	01:51:58.618	0.69102	0.69105			6
2026.04.03	01:51:58.920	0.69103	0.69108			6
2026.04.03	01:51:59.221	0.69102	0.69105			6
2026.04.03	01:51:59.523	0.69103	0.69108			6
2026.04.03	01:51:59.823	0.69102	0.69105			6
2026.04.03	01:52:00.124	0.69103	0.69108			6
2026.04.03	01:52:03.732	0.69104	0.69111			6
2026.04.03	01:52:38.010	0.69105	0.69112			6
2026.04.03	01:52:38.309		0.69111			4
2026.04.03	01:52:38.608		0.69112			4
2026.04.03	01:52:41.917	0.69108	0.69113			6
2026.04.03	01:53:00.277	0.69108				2
2026.04.03	01:53:00.579	0.69110	0.69115			6
2026.04.03	01:53:12.907	0.69108	0.69114			6
2026.04.03	01:53:20.430	0.69109	0.69115			6
2026.04.03	01:53:20.732	0.69110				2
2026.04.03	01:53:41.785		0.69114			4
2026.04.03	01:54:00.125	0.69110				2
2026.04.03	01:54:32.940	0.69108	0.69113			6
2026.04.03	01:54:34.747	0.69107				2
2026.04.03	01:54:50.100		0.69112			4
2026.04.03	01:55:00.022	0.69107				2
2026.04.03	01:55:11.749	0.69106				2
2026.04.03	01:55:50.229		0.69112			4
2026.04.03	01:56:00.165	0.69106				2
2026.04.03	01:56:50.391		0.69112			4
2026.04.03	01:57:00.014	0.69106				2
2026.04.03	01:57:23.169		0.69111			4
2026.04.03	01:57:26.177		0.69112			4
2026.04.03	01:57:34.893		0.69111			4
2026.04.03	01:58:00.171	0.69106				2
2026.04.03	01:58:02.278	0.69104	0.69108			6
2026.04.03	01:58:03.179	0.69102				2
2026.04.03	01:58:05.586	0.69103				2
2026.04.03	01:58:06.789	0.69102				2
2026.04.03	01:58:13.400	0.69104	0.69109			6
2026.04.03	01:58:20.924		0.69108			4
2026.04.03	01:58:49.210		0.69109			4
2026.04.03	01:58:59.136		0.69108			4
2026.04.03	01:59:00.032	0.69104				2
2026.04.03	01:59:00.332	0.69105	0.69112			6
2026.04.03	01:59:01.839	0.69106	0.69113			6
2026.04.03	01:59:11.177		0.69112			4
2026.04.03	02:00:00.199	0.69106				2
2026.04.03	02:00:03.506	0.69107				2
2026.04.03	02:00:04.104	0.69106				2
2026.04.03	02:00:09.220		0.69111			4
2026.04.03	02:00:09.521		0.69110			4
2026.04.03	02:01:00.019	0.69106				2
2026.04.03	02:01:09.640		0.69110			4
2026.04.03	02:01:37.007	0.69107	0.69111			6
2026.04.03	02:01:41.507		0.69112			4
2026.04.03	02:02:00.175	0.69107				2
2026.04.03	02:02:00.771	0.69112	0.69117			6
2026.04.03	02:02:04.681		0.69118			4
2026.04.03	02:02:28.430		0.69117			4
2026.04.03	02:02:58.506		0.69118			4
2026.04.03	02:02:59.111	0.69114	0.69119			6
2026.04.03	02:03:00.010	0.69114				2
2026.04.03	02:03:03.019	0.69115				2
2026.04.03	02:03:09.331	0.69114				2
2026.04.03	02:03:34.009	0.69115	0.69120			6
2026.04.03	02:03:54.459	0.69114				2
2026.04.03	02:04:00.176	0.69114				2
2026.04.03	02:04:04.686	0.69115				2
2026.04.03	02:04:21.825		0.69119			4
2026.04.03	02:04:24.528		0.69120			4
2026.04.03	02:04:57.003	0.69114				2
2026.04.03	02:05:00.016	0.69114				2
2026.04.03	02:05:01.220	0.69115				2
2026.04.03	02:05:16.267	0.69116				2
2026.04.03	02:05:18.974	0.69115				2
2026.04.03	02:05:24.687		0.69120			4
2026.04.03	02:05:31.306		0.69119			4
2026.04.03	02:05:34.308	0.69116	0.69120			6
2026.04.03	02:05:34.608	0.69115				2
2026.04.03	02:06:00.167	0.69118	0.69122			6
2026.04.03	02:06:07.685	0.69117	0.69121			6
2026.04.03	02:06:56.703	0.69118	0.69122			6
2026.04.03	02:07:00.009	0.69118				2
2026.04.03	02:07:10.231	0.69117	0.69121			6
2026.04.03	02:07:35.807	0.69116	0.69120			6
2026.04.03	02:07:52.347	0.69115	0.69119			6
2026.04.03	02:08:00.177	0.69115				2
2026.04.03	02:08:02.880	0.69116	0.69120			6
2026.04.03	02:09:00.016	0.69116				2
2026.04.03	02:09:03.018		0.69120			4
2026.04.03	02:10:00.151	0.69116				2
2026.04.03	02:10:03.160		0.69120			4
2026.04.03	02:10:15.482		0.69122			4
2026.04.03	02:10:17.896		0.69120			4
2026.04.03	02:11:00.034	0.69116				2
2026.04.03	02:11:18.078		0.69120			4
2026.04.03	02:11:32.817	0.69117	0.69121			6
2026.04.03	02:12:00.165	0.69117				2
2026.04.03	02:12:19.714	0.69116	0.69120			6
2026.04.03	02:13:00.012	0.69116				2
2026.04.03	02:13:06.934	0.69114	0.69118			6
2026.04.03	02:13:43.927	0.69115	0.69119			6
2026.04.03	02:14:00.174	0.69115				2
2026.04.03	02:14:16.403	0.69117	0.69121			6
2026.04.03	02:14:16.702		0.69122			4
2026.04.03	02:14:17.602	0.69118				2
2026.04.03	02:15:00.011	0.69118				2
2026.04.03	02:15:01.809	0.69119	0.69123			6
2026.04.03	02:15:14.132	0.69120	0.69124			6
2026.04.03	02:16:00.147	0.69120				2
2026.04.03	02:16:13.381	0.69116	0.69120			6
2026.04.03	02:16:29.020	0.69115	0.69119			6
2026.04.03	02:17:00.003	0.69115				2
2026.04.03	02:17:29.172	0.69114	0.69118			6
2026.04.03	02:17:36.986	0.69115	0.69119			6
2026.04.03	02:18:00.143	0.69115				2
2026.04.03	02:18:37.130		0.69119			4
2026.04.03	02:18:39.234	0.69114	0.69118			6
2026.04.03	02:19:00.278	0.69114				2
2026.04.03	02:19:39.372		0.69118			4
2026.04.03	02:20:00.146	0.69114				2
2026.04.03	02:20:11.869	0.69115	0.69119			6
2026.04.03	02:20:50.051	0.69113	0.69118			6
2026.04.03	02:21:00.283	0.69113				2
2026.04.03	02:21:27.362	0.69114				2
2026.04.03	02:21:50.209		0.69118			4
2026.04.03	02:21:51.412	0.69115	0.69119			6
2026.04.03	02:22:00.124	0.69115				2
2026.04.03	02:22:51.519		0.69119			4
2026.04.03	02:23:00.235	0.69115				2
2026.04.03	02:23:43.222	0.69116				2
2026.04.03	02:23:43.520	0.69115				2
2026.04.03	02:23:43.821	0.69116				2
2026.04.03	02:23:44.122	0.69115				2
2026.04.03	02:23:44.426	0.69116				2
2026.04.03	02:23:44.727	0.69115				2
2026.04.03	02:23:45.028	0.69116				2
2026.04.03	02:23:45.327	0.69115				2
2026.04.03	02:23:45.630	0.69116				2
2026.04.03	02:23:45.927	0.69115				2
2026.04.03	02:23:51.639		0.69119			4
2026.04.03	02:24:00.056	0.69115				2
2026.04.03	02:24:47.276	0.69114	0.69118			6
2026.04.03	02:25:00.208	0.69114				2
2026.04.03	02:25:47.404		0.69118			4
2026.04.03	02:26:00.052	0.69114				2
2026.04.03	02:26:27.419	0.69115	0.69119			6
2026.04.03	02:27:00.224	0.69115				2
2026.04.03	02:27:05.648	0.69113	0.69117			6
2026.04.03	02:27:50.759	0.69116	0.69120			6
2026.04.03	02:27:55.266	0.69117	0.69121			6
2026.04.03	02:28:00.076	0.69117				2
2026.04.03	02:28:21.717	0.69118	0.69122			6
2026.04.03	02:28:45.181	0.69117	0.69121			6
2026.04.03	02:29:00.221	0.69117				2
2026.04.03	02:29:45.354		0.69121			4
2026.04.03	02:29:57.399	0.69115	0.69120			6
2026.04.03	02:30:00.106	0.69115				2
2026.04.03	02:30:00.404		0.69119			4
2026.04.03	02:30:00.705		0.69120			4
2026.04.03	02:30:11.237	0.69116				2
2026.04.03	02:30:45.851	0.69117	0.69121			6
2026.04.03	02:31:00.292	0.69117				2
2026.04.03	02:31:14.727	0.69118	0.69122			6
2026.04.03	02:31:38.183	0.69121	0.69125			6
2026.04.03	02:31:45.397	0.69125	0.69129			6
2026.04.03	02:31:46.900	0.69126	0.69130			6
2026.04.03	02:31:55.010	0.69124	0.69128			6
2026.04.03	02:32:00.126	0.69124				2
2026.04.03	02:32:32.587	0.69123	0.69127			6
2026.04.03	02:32:33.789	0.69124	0.69128			6
2026.04.03	02:33:00.250	0.69124				2
2026.04.03	02:33:00.552		0.69129			4
2026.04.03	02:33:01.751		0.69128			4
2026.04.03	02:33:05.959	0.69125	0.69129			6
2026.04.03	02:33:53.757	0.69126	0.69130			6
2026.04.03	02:33:54.662	0.69127	0.69131			6
2026.04.03	02:33:59.177		0.69132			4
2026.04.03	02:33:59.777		0.69131			4
2026.04.03	02:34:00.078	0.69127				2
2026.04.03	02:34:51.193	0.69128	0.69132			6
2026.04.03	02:35:00.217	0.69128				2
2026.04.03	02:35:14.653	0.69130	0.69134			6
2026.04.03	02:35:27.895	0.69129	0.69133			6
2026.04.03	02:36:00.057	0.69129				2
2026.04.03	02:36:28.027		0.69133			4
2026.04.03	02:36:34.641	0.69128	0.69132			6
2026.04.03	02:36:39.763		0.69131			4
2026.04.03	02:36:42.474	0.69127				2
2026.04.03	02:37:00.217	0.69127				2
2026.04.03	02:37:09.532	0.69126	0.69130			6
2026.04.03	02:37:14.343	0.69125	0.69129			6
2026.04.03	02:37:16.448	0.69124	0.69128			6
2026.04.03	02:37:17.051	0.69122				2
2026.04.03	02:37:17.651	0.69124				2
2026.04.03	02:37:23.373	0.69126	0.69129			6
2026.04.03	02:37:36.595	0.69125				2
2026.04.03	02:37:42.908	0.69123	0.69127			6
2026.04.03	02:38:00.052	0.69123				2
2026.04.03	02:38:43.079		0.69127			4
2026.04.03	02:38:49.400	0.69124				2
2026.04.03	02:39:00.225	0.69123				2
2026.04.03	02:39:32.121	0.69124				2
2026.04.03	02:39:43.248		0.69127			4
2026.04.03	02:40:00.089	0.69124				2
2026.04.03	02:40:01.892	0.69125				2
2026.04.03	02:40:02.192		0.69129			4
2026.04.03	02:40:03.693	0.69124	0.69128			6
2026.04.03	02:41:00.230	0.69124				2
2026.04.03	02:41:03.837		0.69128			4
2026.04.03	02:41:17.376	0.69123	0.69127			6
2026.04.03	02:41:25.490	0.69124				2
2026.04.03	02:41:32.104	0.69125				2
2026.04.03	02:41:48.043	0.69124				2
2026.04.03	02:41:53.460	0.69123				2
2026.04.03	02:42:00.078	0.69123				2
2026.04.03	02:42:17.506		0.69127			4
2026.04.03	02:42:58.987	0.69120	0.69123			6
2026.04.03	02:42:59.286	0.69119				2
2026.04.03	02:43:00.191	0.69119				2
2026.04.03	02:43:29.045	0.69122	0.69124			6
2026.04.03	02:43:29.952	0.69119	0.69123			6
2026.04.03	02:43:47.104	0.69120				2
2026.04.03	02:43:51.013	0.69119				2
2026.04.03	02:43:55.825	0.69120	0.69124			6
2026.04.03	02:44:00.034	0.69120				2
2026.04.03	02:44:14.477	0.69123	0.69127			6
2026.04.03	02:44:16.282	0.69122	0.69126			6
2026.04.03	02:44:20.487	0.69121	0.69125			6
2026.04.03	02:44:36.750	0.69120	0.69124			6
2026.04.03	02:44:43.668	0.69121				2
2026.04.03	02:45:00.199	0.69121				2
2026.04.03	02:45:03.806	0.69120				2
2026.04.03	02:45:14.633		0.69122			4
2026.04.03	02:45:15.238	0.69118	0.69121			6
2026.04.03	02:45:36.584	0.69117				2
2026.04.03	02:46:00.066	0.69117				2
2026.04.03	02:46:15.395		0.69121			4
2026.04.03	02:46:19.603	0.69115	0.69119			6
2026.04.03	02:46:19.903	0.69113	0.69117			6
2026.04.03	02:46:31.936	0.69114	0.69118			6
2026.04.03	02:46:34.041	0.69113	0.69117			6
2026.04.03	02:46:35.543	0.69109	0.69112			6
2026.04.03	02:46:38.857	0.69108				2
2026.04.03	02:47:00.211	0.69108				2
2026.04.03	02:47:01.713	0.69111	0.69115			6
2026.04.03	02:47:02.012	0.69112				2
2026.04.03	02:47:04.721	0.69113	0.69117			6
2026.04.03	02:47:09.223	0.69112	0.69116			6
2026.04.03	02:47:14.940	0.69113	0.69117			6
2026.04.03	02:47:29.377	0.69115	0.69119			6
2026.04.03	02:47:55.232	0.69114	0.69118			6
2026.04.03	02:48:00.049	0.69114				2
2026.04.03	02:48:16.579	0.69115	0.69119			6
2026.04.03	02:48:56.871	0.69116	0.69120			6
2026.04.03	02:49:00.177	0.69116				2
2026.04.03	02:49:06.186	0.69118	0.69122			6
2026.04.03	02:49:13.703	0.69117	0.69121			6
2026.04.03	02:49:23.322	0.69116	0.69120			6
2026.04.03	02:49:27.540	0.69118	0.69122			6
2026.04.03	02:49:41.378	0.69117	0.69121			6
2026.04.03	02:49:41.679	0.69118	0.69122			6
2026.04.03	02:49:44.683	0.69117	0.69121			6
2026.04.03	02:49:55.506	0.69115	0.69119			6
2026.04.03	02:49:55.808	0.69114	0.69118			6
2026.04.03	02:50:00.016	0.69114				2
2026.04.03	02:50:01.218	0.69117	0.69121			6
2026.04.03	02:50:22.865	0.69115	0.69119			6
2026.04.03	02:50:27.679	0.69110	0.69114			6
2026.04.03	02:50:32.186	0.69112	0.69116			6
2026.04.03	02:50:47.214	0.69109	0.69113			6
2026.04.03	02:50:59.835	0.69107				2
2026.04.03	02:51:00.137	0.69109				2
2026.04.03	02:51:18.492	0.69108	0.69112			6
2026.04.03	02:52:00.002	0.69108				2
2026.04.03	02:52:04.220	0.69111	0.69115			6
2026.04.03	02:52:04.518	0.69113	0.69117			6
2026.04.03	02:52:05.118	0.69111	0.69115			6
2026.04.03	02:52:06.322	0.69112	0.69116			6
2026.04.03	02:52:25.271	0.69111	0.69115			6
2026.04.03	02:52:55.036	0.69108	0.69112			6
2026.04.03	02:53:00.155	0.69108				2
2026.04.03	02:53:10.385	0.69109	0.69113			6
2026.04.03	02:53:40.161	0.69108	0.69112			6
2026.04.03	02:54:00.012	0.69108				2
2026.04.03	02:54:17.749	0.69107	0.69111			6
2026.04.03	02:55:00.156	0.69107				2
2026.04.03	02:55:17.898		0.69111			4
2026.04.03	02:56:00.299	0.69107				2
2026.04.03	02:56:06.309	0.69110	0.69113			6
2026.04.03	02:56:15.027	0.69111	0.69115			6
2026.04.03	02:56:15.632	0.69112	0.69116			6
2026.04.03	02:56:54.124	0.69111	0.69115			6
2026.04.03	02:57:00.146	0.69111				2
2026.04.03	02:57:01.651	0.69112	0.69116			6
2026.04.03	02:57:18.494	0.69111	0.69113			6
2026.04.03	02:57:18.797	0.69112	0.69116			6
2026.04.03	02:57:19.099	0.69111	0.69113			6
2026.04.03	02:57:19.399	0.69112	0.69116			6
2026.04.03	02:57:19.700	0.69111	0.69113			6
2026.04.03	02:57:20.000	0.69112	0.69116			6
2026.04.03	02:57:20.301	0.69111	0.69113			6
2026.04.03	02:57:20.601	0.69112	0.69116			6
2026.04.03	02:57:20.902	0.69111	0.69113			6
2026.04.03	02:57:21.505	0.69112	0.69116			6
2026.04.03	02:57:21.805	0.69111	0.69113			6
2026.04.03	02:57:22.106	0.69112	0.69116			6
2026.04.03	02:57:42.266	0.69109	0.69113			6
2026.04.03	02:57:51.899	0.69108	0.69112			6
2026.04.03	02:58:00.018	0.69108				2
2026.04.03	02:58:00.317	0.69107	0.69111			6
2026.04.03	02:58:30.089	0.69108	0.69112			6
2026.04.03	02:58:50.243	0.69107	0.69111			6
2026.04.03	02:58:54.155	0.69108	0.69112			6
2026.04.03	02:59:00.179	0.69108				2
2026.04.03	02:59:44.379	0.69107	0.69111			6
2026.04.03	02:59:46.484	0.69108	0.69112			6
2026.04.03	02:59:50.087	0.69107	0.69111			6
2026.04.03	02:59:58.501	0.69108	0.69112			6
2026.04.03	03:00:00.007	0.69108				2
2026.04.03	03:00:04.207	0.69112	0.69116			6
2026.04.03	03:00:08.411	0.69116	0.69120			6
2026.04.03	03:00:11.121	0.69114	0.69118			6
2026.04.03	03:00:11.422	0.69112	0.69116			6
2026.04.03	03:00:18.340	0.69113	0.69117			6
2026.04.03	03:00:20.448	0.69112	0.69116			6
2026.04.03	03:00:21.050	0.69113	0.69117			6
2026.04.03	03:00:22.856	0.69112	0.69116			6
2026.04.03	03:00:33.677	0.69113	0.69117			6
2026.04.03	03:00:34.276	0.69115	0.69119			6
2026.04.03	03:00:34.577	0.69116	0.69120			6
2026.04.03	03:00:34.879	0.69119	0.69123			6
2026.04.03	03:00:35.179	0.69120	0.69124			6
2026.04.03	03:00:35.478	0.69117	0.69121			6
2026.04.03	03:00:41.490	0.69126	0.69130			6
2026.04.03	03:00:56.218	0.69127				2
2026.04.03	03:00:56.519		0.69131			4
2026.04.03	03:01:00.126	0.69127				2
2026.04.03	03:01:03.429	0.69129	0.69132			6
2026.04.03	03:01:04.330	0.69128				2
2026.04.03	03:01:12.452	0.69129	0.69133			6
2026.04.03	03:01:14.251	0.69130				2
2026.04.03	03:01:14.554	0.69132	0.69136			6
2026.04.03	03:01:15.153	0.69133	0.69137			6
2026.04.03	03:01:16.055	0.69134	0.69138			6
2026.04.03	03:01:16.658	0.69135				2
2026.04.03	03:01:17.558		0.69139			4
2026.04.03	03:01:25.677	0.69136				2
2026.04.03	03:01:35.304		0.69140			4
2026.04.03	03:01:35.904	0.69138	0.69142			6
2026.04.03	03:01:43.729	0.69142	0.69146			6
2026.04.03	03:01:44.028	0.69150	0.69154			6
2026.04.03	03:01:44.631	0.69151				2
2026.04.03	03:01:44.931	0.69156	0.69160			6
2026.04.03	03:01:48.535	0.69155	0.69159			6
2026.04.03	03:01:54.852	0.69154	0.69158			6
2026.04.03	03:01:57.256	0.69155	0.69159			6
2026.04.03	03:01:57.556	0.69156	0.69160			6
2026.04.03	03:01:58.759	0.69152	0.69156			6
2026.04.03	03:01:59.357	0.69150	0.69154			6
2026.04.03	03:01:59.657	0.69149	0.69153			6
2026.04.03	03:02:00.259	0.69149				2
2026.04.03	03:02:02.961	0.69145	0.69150			6
2026.04.03	03:02:03.264		0.69149			4
2026.04.03	03:02:05.364	0.69144				2
2026.04.03	03:02:06.565		0.69148			4
2026.04.03	03:02:14.088	0.69145	0.69149			6
2026.04.03	03:02:15.291	0.69147	0.69151			6
2026.04.03	03:02:17.991	0.69142	0.69146			6
2026.04.03	03:02:25.204	0.69143	0.69147			6
2026.04.03	03:02:33.022		0.69146			4
2026.04.03	03:02:35.422		0.69147			4
2026.04.03	03:02:38.729	0.69142	0.69146			6
2026.04.03	03:02:52.562	0.69139	0.69143			6
2026.04.03	03:02:53.765	0.69141	0.69145			6
2026.04.03	03:02:59.782	0.69142	0.69146			6
2026.04.03	03:03:00.081	0.69142				2
2026.04.03	03:03:08.497	0.69143	0.69147			6
2026.04.03	03:03:15.409	0.69142	0.69146			6
2026.04.03	03:03:34.343	0.69139	0.69143			6
2026.04.03	03:03:46.077	0.69138	0.69142			6
2026.04.03	03:03:48.780	0.69134	0.69138			6
2026.04.03	03:03:50.281	0.69135	0.69139			6
2026.04.03	03:03:50.582	0.69134	0.69138			6
2026.04.03	03:04:00.204	0.69134				2
2026.04.03	03:04:08.930	0.69137	0.69141			6
2026.04.03	03:04:24.876	0.69138				2
2026.04.03	03:04:25.177		0.69142			4
2026.04.03	03:04:26.077	0.69141	0.69145			6
2026.04.03	03:04:26.677	0.69142	0.69146			6
2026.04.03	03:04:44.122	0.69143				2
2026.04.03	03:04:44.424		0.69147			4
2026.04.03	03:04:53.750	0.69142	0.69146			6
2026.04.03	03:04:54.351	0.69143	0.69147			6
2026.04.03	03:04:55.556	0.69142	0.69146			6
2026.04.03	03:04:55.859	0.69141	0.69145			6
2026.04.03	03:04:56.760	0.69136	0.69140			6
2026.04.03	03:04:58.564	0.69137	0.69141			6
2026.04.03	03:05:00.072	0.69137				2
2026.04.03	03:05:02.774	0.69135	0.69139			6
2026.04.03	03:05:03.075	0.69134	0.69138			6
2026.04.03	03:05:04.877	0.69133	0.69137			6
2026.04.03	03:05:56.917	0.69137	0.69141			6
2026.04.03	03:05:57.820	0.69139	0.69143			6
2026.04.03	03:06:00.220	0.69139				2
2026.04.03	03:06:08.643	0.69140				2
2026.04.03	03:06:08.945	0.69139				2
2026.04.03	03:06:17.364	0.69138	0.69142			6
2026.04.03	03:07:00.050	0.69138				2
2026.04.03	03:07:00.352	0.69139				2
2026.04.03	03:07:01.853	0.69140				2
2026.04.03	03:07:03.051	0.69138				2
2026.04.03	03:07:03.355	0.69139				2
2026.04.03	03:07:06.962	0.69138				2
2026.04.03	03:07:14.176	0.69140				2
2026.04.03	03:07:14.475	0.69138				2
2026.04.03	03:07:17.484		0.69142			4
2026.04.03	03:07:18.084	0.69140				2
2026.04.03	03:07:18.384	0.69139				2
2026.04.03	03:07:20.189	0.69138				2
2026.04.03	03:07:54.477	0.69139				2
2026.04.03	03:07:56.584	0.69138				2
2026.04.03	03:08:00.188	0.69138				2
2026.04.03	03:08:02.590	0.69141	0.69144			6
2026.04.03	03:08:04.997	0.69142	0.69146			6
2026.04.03	03:08:13.115	0.69141	0.69145			6
2026.04.03	03:08:13.415	0.69142	0.69146			6
2026.04.03	03:09:00.002	0.69142				2
2026.04.03	03:09:03.304	0.69141	0.69145			6
2026.04.03	03:09:04.505	0.69140	0.69144			6
2026.04.03	03:09:04.807	0.69139	0.69143			6
2026.04.03	03:09:06.007	0.69138	0.69142			6
2026.04.03	03:09:14.422	0.69139	0.69143			6
2026.04.03	03:09:31.558	0.69138	0.69142			6
2026.04.03	03:09:42.985	0.69136	0.69141			6
2026.04.03	03:09:44.183		0.69140			4
2026.04.03	03:09:44.785	0.69138	0.69141			6
2026.04.03	03:09:48.093	0.69136				2
2026.04.03	03:09:48.390		0.69140			4
2026.04.03	03:09:49.894	0.69134	0.69138			6
2026.04.03	03:10:00.111	0.69134				2
2026.04.03	03:10:03.118	0.69133	0.69137			6
2026.04.03	03:10:05.220	0.69135	0.69139			6
2026.04.03	03:10:05.820	0.69136	0.69140			6
2026.04.03	03:10:10.636	0.69135	0.69139			6
2026.04.03	03:10:13.950	0.69136				2
2026.04.03	03:10:16.357	0.69135				2
2026.04.03	03:10:47.633	0.69136	0.69140			6
2026.04.03	03:10:55.151	0.69137	0.69141			6
2026.04.03	03:10:56.651	0.69136	0.69140			6
2026.04.03	03:11:00.255	0.69136				2
2026.04.03	03:11:02.660	0.69137	0.69141			6
2026.04.03	03:11:04.159	0.69136	0.69140			6
2026.04.03	03:11:57.386	0.69137				2
2026.04.03	03:11:59.190	0.69136				2
2026.04.03	03:12:00.092	0.69136				2
2026.04.03	03:12:04.300		0.69140			4
2026.04.03	03:12:15.417	0.69138	0.69142			6
2026.04.03	03:12:15.718	0.69137	0.69141			6
2026.04.03	03:12:22.632	0.69136	0.69140			6
2026.04.03	03:12:24.435	0.69135	0.69139			6
2026.04.03	03:12:24.734	0.69134	0.69138			6
2026.04.03	03:12:27.140	0.69136	0.69140			6
2026.04.03	03:12:36.157	0.69135	0.69139			6
2026.04.03	03:12:38.562	0.69134	0.69138			6
2026.04.03	03:13:00.225	0.69134				2
2026.04.03	03:13:01.131	0.69131	0.69135			6
2026.04.03	03:13:02.632	0.69129	0.69133			6
2026.04.03	03:13:14.352	0.69132	0.69134			6
2026.04.03	03:13:14.955	0.69129	0.69133			6
2026.04.03	03:13:15.556	0.69132	0.69134			6
2026.04.03	03:13:16.458	0.69129	0.69133			6
2026.04.03	03:13:17.359	0.69131				2
2026.04.03	03:13:17.961	0.69129				2
2026.04.03	03:13:19.768	0.69130				2
2026.04.03	03:13:20.971	0.69129				2
2026.04.03	03:13:26.381	0.69130				2
2026.04.03	03:13:29.685	0.69129				2
2026.04.03	03:13:36.303	0.69130				2
2026.04.03	03:13:36.603	0.69128	0.69132			6
2026.04.03	03:13:44.120	0.69129				2
2026.04.03	03:13:45.320	0.69128				2
2026.04.03	03:14:00.054	0.69128				2
2026.04.03	03:14:09.977	0.69129				2
2026.04.03	03:14:11.478	0.69128				2
2026.04.03	03:14:12.978	0.69129				2
2026.04.03	03:14:13.280	0.69128				2
2026.04.03	03:14:13.580	0.69133	0.69136			6
2026.04.03	03:14:13.880	0.69132				2
2026.04.03	03:14:18.699	0.69133	0.69137			6
2026.04.03	03:14:18.999	0.69132	0.69136			6
2026.04.03	03:14:34.933	0.69133				2
2026.04.03	03:14:35.237	0.69132				2
2026.04.03	03:14:58.693	0.69131	0.69135			6
2026.04.03	03:15:00.197	0.69131				2
2026.04.03	03:15:20.956	0.69129	0.69133			6
2026.04.03	03:15:41.103	0.69130				2
2026.04.03	03:15:45.008		0.69134			4
2026.04.03	03:15:54.626	0.69131	0.69135			6
2026.04.03	03:16:00.041	0.69131				2
2026.04.03	03:16:01.542	0.69134	0.69137			6
2026.04.03	03:16:03.344	0.69131	0.69135			6
2026.04.03	03:16:04.246	0.69132	0.69136			6
2026.04.03	03:16:04.546	0.69134	0.69137			6
2026.04.03	03:16:05.147	0.69136	0.69139			6
2026.04.03	03:16:10.559	0.69135				2
2026.04.03	03:16:15.967	0.69130	0.69134			6
2026.04.03	03:16:16.267	0.69129	0.69132			6
2026.04.03	03:16:16.569	0.69128				2
2026.04.03	03:16:20.779	0.69129	0.69133			6
2026.04.03	03:16:21.079	0.69130				2
2026.04.03	03:16:21.982	0.69126	0.69130			6
2026.04.03	03:16:23.185	0.69127				2
2026.04.03	03:16:24.391	0.69126				2
2026.04.03	03:16:29.500		0.69129			4
2026.04.03	03:16:46.032	0.69125				2
2026.04.03	03:16:47.534	0.69126				2
2026.04.03	03:16:52.949	0.69128	0.69131			6
2026.04.03	03:16:56.255	0.69129				2
2026.04.03	03:17:00.162	0.69129				2
2026.04.03	03:17:12.793	0.69128				2
2026.04.03	03:17:53.085		0.69131			4
2026.04.03	03:17:56.388	0.69127				2
2026.04.03	03:17:56.995	0.69128				2
2026.04.03	03:18:00.001	0.69128				2
2026.04.03	03:18:11.424	0.69127				2
2026.04.03	03:18:11.724	0.69126	0.69130			6
2026.04.03	03:18:12.926	0.69127				2
2026.04.03	03:18:16.231	0.69126				2
2026.04.03	03:18:20.440	0.69127				2
2026.04.03	03:18:20.737	0.69128	0.69131			6
2026.04.03	03:18:24.948	0.69126	0.69130			6
2026.04.03	03:19:00.130	0.69126				2
2026.04.03	03:19:25.085		0.69130			4
2026.04.03	03:19:55.179		0.69129			4
2026.04.03	03:19:56.382		0.69130			4
2026.04.03	03:20:00.289	0.69125	0.69129			6
2026.04.03	03:20:00.589	0.69123	0.69127			6
2026.04.03	03:20:00.895	0.69124				2
2026.04.03	03:20:20.447	0.69123				2
2026.04.03	03:20:25.856	0.69121	0.69125			6
2026.04.03	03:21:00.131	0.69121				2
2026.04.03	03:21:08.848	0.69126	0.69130			6
2026.04.03	03:21:09.144	0.69124	0.69128			6
2026.04.03	03:21:14.255	0.69129	0.69133			6
2026.04.03	03:21:14.555	0.69130				2
2026.04.03	03:21:17.559		0.69134			4
2026.04.03	03:21:34.998	0.69128	0.69132			6
2026.04.03	03:21:44.017	0.69129				2
2026.04.03	03:21:46.418	0.69131	0.69133			6
2026.04.03	03:21:46.719	0.69132	0.69135			6
2026.04.03	03:21:59.355	0.69133				2
2026.04.03	03:21:59.655	0.69132				2
2026.04.03	03:22:00.259	0.69132				2
2026.04.03	03:22:01.159	0.69131				2
2026.04.03	03:22:04.770	0.69133				2
2026.04.03	03:22:05.068	0.69132				2
2026.04.03	03:22:08.073	0.69134	0.69136			6
2026.04.03	03:22:08.372		0.69137			4
2026.04.03	03:22:14.384	0.69136	0.69138			6
2026.04.03	03:22:17.691	0.69135	0.69137			6
2026.04.03	03:22:24.004	0.69134				2
2026.04.03	03:22:24.606	0.69132	0.69136			6
2026.04.03	03:22:26.409	0.69133				2
2026.04.03	03:22:31.218	0.69134				2
2026.04.03	03:22:31.516		0.69137			4
2026.04.03	03:22:32.419	0.69133				2
2026.04.03	03:22:34.521	0.69134				2
2026.04.03	03:22:36.321	0.69133				2
2026.04.03	03:22:36.622	0.69134				2
2026.04.03	03:22:37.822	0.69133				2
2026.04.03	03:22:38.723		0.69136			4
2026.04.03	03:22:41.431	0.69134				2
2026.04.03	03:22:44.743	0.69133				2
2026.04.03	03:22:45.043	0.69134				2
2026.04.03	03:22:45.644	0.69133				2
2026.04.03	03:22:45.945	0.69132				2
2026.04.03	03:22:46.245	0.69131	0.69135			6
2026.04.03	03:22:53.158	0.69132				2
2026.04.03	03:22:55.270	0.69133				2
2026.04.03	03:23:00.085	0.69133				2
2026.04.03	03:23:03.993	0.69135	0.69137			6
2026.04.03	03:23:12.722	0.69134				2
2026.04.03	03:23:15.728	0.69135				2
2026.04.03	03:23:21.441	0.69133	0.69136			6
2026.04.03	03:23:27.454	0.69134	0.69137			6
2026.04.03	03:23:32.869	0.69135	0.69138			6
2026.04.03	03:23:49.999	0.69134				2
2026.04.03	03:23:53.299		0.69137			4
2026.04.03	03:23:56.604	0.69135				2
2026.04.03	03:23:57.207	0.69136	0.69139			6
2026.04.03	03:24:00.216	0.69136				2
2026.04.03	03:24:05.322	0.69135				2
2026.04.03	03:24:10.131	0.69136				2
2026.04.03	03:24:16.450	0.69135				2
2026.04.03	03:24:20.056	0.69136				2
2026.04.03	03:24:21.258	0.69135				2
2026.04.03	03:24:33.287	0.69138	0.69141			6
2026.04.03	03:24:33.889	0.69139				2
2026.04.03	03:24:34.187	0.69138				2
2026.04.03	03:24:50.728		0.69142			4
2026.04.03	03:24:54.035	0.69137	0.69141			6
2026.04.03	03:24:58.852	0.69138				2
2026.04.03	03:25:00.053	0.69138				2
2026.04.03	03:25:19.905	0.69139				2
2026.04.03	03:25:23.518	0.69138				2
2026.04.03	03:25:27.724	0.69139				2
2026.04.03	03:25:28.625	0.69138				2
2026.04.03	03:25:35.236	0.69139				2
2026.04.03	03:25:36.438	0.69138				2
2026.04.03	03:25:42.451	0.69139				2
2026.04.03	03:25:42.752	0.69138				2
2026.04.03	03:25:46.960	0.69139				2
2026.04.03	03:25:48.766	0.69138				2
2026.04.03	03:25:51.169	0.69139				2
2026.04.03	03:25:54.176		0.69141			4
2026.04.03	03:25:56.882	0.69138				2
2026.04.03	03:26:00.193	0.69138				2
2026.04.03	03:26:00.494	0.69139				2
2026.04.03	03:26:00.797	0.69138				2
2026.04.03	03:26:10.415	0.69134	0.69137			6
2026.04.03	03:26:18.823		0.69138			4
2026.04.03	03:26:29.353	0.69133	0.69137			6
2026.04.03	03:26:32.963	0.69134				2
2026.04.03	03:26:33.266	0.69135	0.69139			6
2026.04.03	03:27:00.022	0.69135				2
2026.04.03	03:27:10.243	0.69137	0.69140			6
2026.04.03	03:27:14.444		0.69141			4
2026.04.03	03:27:17.453	0.69138				2
2026.04.03	03:27:17.756	0.69139	0.69142			6
2026.04.03	03:27:30.687	0.69138				2
2026.04.03	03:27:30.989	0.69139				2
2026.04.03	03:27:31.587	0.69138				2
2026.04.03	03:27:31.888	0.69139				2
2026.04.03	03:27:41.223	0.69140				2
2026.04.03	03:27:41.825	0.69139				2
2026.04.03	03:27:43.325	0.69140				2
2026.04.03	03:27:43.928		0.69144			4
2026.04.03	03:27:59.872	0.69139	0.69142			6
2026.04.03	03:28:00.173	0.69139				2
2026.04.03	03:28:00.472	0.69140	0.69143			6
2026.04.03	03:28:02.880	0.69139	0.69142			6
2026.04.03	03:28:13.091		0.69143			4
2026.04.03	03:28:13.391	0.69140				2
2026.04.03	03:28:26.024		0.69144			4
2026.04.03	03:28:53.693	0.69141				2
2026.04.03	03:28:53.995	0.69140	0.69142			6
2026.04.03	03:29:00.008	0.69140				2
2026.04.03	03:29:06.012	0.69137	0.69140			6
2026.04.03	03:29:07.815	0.69138				2
2026.04.03	03:29:09.618	0.69137				2
2026.04.03	03:29:21.037	0.69139	0.69142			6
2026.04.03	03:29:21.341	0.69140				2
2026.04.03	03:29:44.514	0.69139				2
2026.04.03	03:29:56.235	0.69140				2
2026.04.03	03:29:56.535	0.69139				2
2026.04.03	03:30:00.140	0.69139				2
2026.04.03	03:30:00.744	0.69138				2
2026.04.03	03:30:01.042	0.69139				2
2026.04.03	03:30:02.244	0.69140	0.69144			6
2026.04.03	03:30:05.854	0.69141				2
2026.04.03	03:30:13.077	0.69140				2
2026.04.03	03:30:22.405	0.69138	0.69142			6
2026.04.03	03:30:23.306	0.69137	0.69140			6
2026.04.03	03:30:23.607	0.69136				2
2026.04.03	03:30:24.209	0.69137	0.69141			6
2026.04.03	03:30:29.615	0.69138	0.69142			6
2026.04.03	03:30:34.422	0.69139				2
2026.04.03	03:30:34.722		0.69143			4
2026.04.03	03:30:38.332	0.69138	0.69141			6
2026.04.03	03:30:38.635		0.69142			4
2026.04.03	03:30:48.551		0.69141			4
2026.04.03	03:30:49.752		0.69142			4
2026.04.03	03:30:50.653		0.69141			4
2026.04.03	03:30:51.255	0.69135	0.69139			6
2026.04.03	03:31:00.277	0.69135				2
2026.04.03	03:31:03.584		0.69138			4
2026.04.03	03:31:03.887	0.69132	0.69136			6
2026.04.03	03:31:04.186	0.69135	0.69139			6
2026.04.03	03:31:11.105	0.69136				2
2026.04.03	03:31:33.663	0.69137				2
2026.04.03	03:31:37.271	0.69136				2
2026.04.03	03:31:43.584	0.69137				2
2026.04.03	03:31:44.487	0.69136				2
2026.04.03	03:32:00.120	0.69136				2
2026.04.03	03:32:04.327	0.69137	0.69139			6
2026.04.03	03:32:05.228	0.69139	0.69141			6
2026.04.03	03:32:05.526	0.69140	0.69143			6
2026.04.03	03:32:11.841	0.69139				2
2026.04.03	03:32:13.643		0.69142			4
2026.04.03	03:32:15.446	0.69138				2
2026.04.03	03:32:17.252	0.69139				2
2026.04.03	03:32:23.876	0.69141	0.69145			6
2026.04.03	03:32:24.179	0.69144	0.69148			6
2026.04.03	03:32:26.279	0.69147	0.69151			6
2026.04.03	03:32:27.183	0.69148				2
2026.04.03	03:32:38.007	0.69147				2
2026.04.03	03:32:45.522	0.69148				2
2026.04.03	03:32:51.839	0.69147				2
2026.04.03	03:33:00.266	0.69147				2
2026.04.03	03:33:06.882	0.69148				2
2026.04.03	03:33:11.089	0.69153	0.69156			6
2026.04.03	03:33:11.386	0.69152				2
2026.04.03	03:33:56.804	0.69153				2
2026.04.03	03:34:00.110	0.69152				2
2026.04.03	03:34:01.912	0.69153				2
2026.04.03	03:34:11.222		0.69156			4
2026.04.03	03:34:50.923		0.69157			4
2026.04.03	03:35:00.243	0.69153				2
2026.04.03	03:35:01.145		0.69156			4
2026.04.03	03:35:22.490	0.69157	0.69161			6
2026.04.03	03:35:23.390	0.69158				2
2026.04.03	03:35:25.495	0.69157				2
2026.04.03	03:35:29.103	0.69158				2
2026.04.03	03:35:36.630		0.69162			4
2026.04.03	03:35:44.455	0.69157	0.69160			6
2026.04.03	03:35:45.354	0.69156				2
2026.04.03	03:35:48.359	0.69155	0.69158			6
2026.04.03	03:35:49.863		0.69157			4
2026.04.03	03:35:50.162	0.69156	0.69159			6
2026.04.03	03:35:50.463	0.69155	0.69158			6
2026.04.03	03:35:53.174		0.69157			4
2026.04.03	03:35:54.075	0.69156	0.69158			6
2026.04.03	03:35:54.375	0.69158	0.69161			6
2026.04.03	03:35:55.875	0.69157	0.69159			6
2026.04.03	03:35:56.179	0.69155	0.69157			6
2026.04.03	03:36:00.081	0.69155				2
2026.04.03	03:36:02.786	0.69153				2
2026.04.03	03:36:06.398	0.69152	0.69156			6
2026.04.03	03:36:17.513	0.69153	0.69157			6
2026.04.03	03:36:35.242	0.69152	0.69156			6
2026.04.03	03:36:43.660	0.69153	0.69157			6
2026.04.03	03:36:43.961	0.69152	0.69156			6
2026.04.03	03:36:44.260	0.69153	0.69157			6
2026.04.03	03:36:50.877	0.69152	0.69156			6
2026.04.03	03:36:56.585	0.69153	0.69157			6
2026.04.03	03:36:58.686	0.69152	0.69156			6
2026.04.03	03:37:00.202	0.69152				2
2026.04.03	03:37:01.699	0.69153	0.69157			6
2026.04.03	03:37:46.806	0.69148	0.69152			6
2026.04.03	03:38:00.025	0.69148				2
2026.04.03	03:38:11.457	0.69147	0.69151			6
2026.04.03	03:38:12.960	0.69148				2
2026.04.03	03:38:35.519	0.69147				2
2026.04.03	03:38:55.362	0.69148				2
2026.04.03	03:38:57.770	0.69152	0.69156			6
2026.04.03	03:39:00.176	0.69152				2
2026.04.03	03:39:03.479	0.69151	0.69155			6
2026.04.03	03:39:06.482	0.69152				2
2026.04.03	03:39:07.085	0.69151				2
2026.04.03	03:39:07.685		0.69154			4
2026.04.03	03:39:08.286	0.69150				2
2026.04.03	03:39:10.399	0.69151				2
2026.04.03	03:39:15.512	0.69150				2
2026.04.03	03:39:19.112	0.69151				2
2026.04.03	03:39:29.338		0.69153			4
2026.04.03	03:39:29.640	0.69152	0.69154			6
2026.04.03	03:39:29.942	0.69151	0.69153			6
2026.04.03	03:39:30.547		0.69155			4
2026.04.03	03:39:31.752	0.69149	0.69153			6
2026.04.03	03:39:37.758	0.69148	0.69152			6
2026.04.03	03:39:47.380	0.69152	0.69156			6
2026.04.03	03:39:48.279	0.69151	0.69155			6
2026.04.03	03:39:59.100	0.69152				2
2026.04.03	03:40:00.001	0.69152				2
2026.04.03	03:40:00.301	0.69153	0.69156			6
2026.04.03	03:40:07.508	0.69154				2
2026.04.03	03:40:10.819	0.69153				2
2026.04.03	03:40:11.722	0.69154				2
2026.04.03	03:40:12.322	0.69156	0.69160			6
2026.04.03	03:40:26.149	0.69154	0.69158			6
2026.04.03	03:40:26.446	0.69153	0.69157			6
2026.04.03	03:40:27.348	0.69152	0.69156			6
2026.04.03	03:40:40.279	0.69150	0.69153			6
2026.04.03	03:40:49.299	0.69149				2
2026.04.03	03:40:50.504	0.69148	0.69152			6
2026.04.03	03:40:50.803	0.69147	0.69151			6
2026.04.03	03:40:58.325	0.69146	0.69150			6
2026.04.03	03:41:00.132	0.69146				2
2026.04.03	03:41:08.572	0.69147	0.69151			6
2026.04.03	03:41:21.189	0.69148	0.69152			6
2026.04.03	03:41:31.712	0.69147	0.69151			6
2026.04.03	03:41:45.861	0.69148	0.69152			6
2026.04.03	03:41:46.461	0.69149	0.69153			6
2026.04.03	03:41:46.763	0.69150	0.69154			6
2026.04.03	03:41:52.479	0.69151	0.69155			6
2026.04.03	03:41:53.076	0.69152				2
2026.04.03	03:42:00.290	0.69152				2
2026.04.03	03:42:05.396	0.69151				2
2026.04.03	03:42:06.297	0.69152				2
2026.04.03	03:42:08.401	0.69153				2
2026.04.03	03:42:08.701		0.69157			4
2026.04.03	03:42:21.327	0.69156	0.69160			6
2026.04.03	03:42:24.330	0.69157				2
2026.04.03	03:42:33.351	0.69156				2
2026.04.03	03:43:00.114	0.69156				2
2026.04.03	03:43:21.467		0.69160			4
2026.04.03	03:43:28.699	0.69154	0.69157			6
2026.04.03	03:43:29.001	0.69153				2
2026.04.03	03:43:38.314	0.69152	0.69156			6
2026.04.03	03:43:45.833	0.69151	0.69155			6
2026.04.03	03:44:00.271	0.69151				2
2026.04.03	03:44:03.577	0.69152	0.69156			6
2026.04.03	03:44:05.982	0.69154	0.69158			6
2026.04.03	03:44:10.184	0.69153	0.69157			6
2026.04.03	03:44:44.465	0.69154	0.69158			6
2026.04.03	03:44:45.068	0.69155	0.69159			6
2026.04.03	03:44:45.370	0.69154	0.69158			6
2026.04.03	03:44:48.378	0.69153	0.69157			6
2026.04.03	03:44:54.384	0.69152	0.69156			6
2026.04.03	03:44:59.191	0.69153				2
2026.04.03	03:45:00.093	0.69153				2
2026.04.03	03:45:00.398	0.69152				2
2026.04.03	03:45:54.540		0.69156			4
2026.04.03	03:46:00.253	0.69152				2
2026.04.03	03:46:54.661		0.69156			4
2026.04.03	03:47:00.078	0.69152				2
2026.04.03	03:47:31.052	0.69153				2
2026.04.03	03:47:32.553		0.69157			4
2026.04.03	03:48:00.203	0.69153				2
2026.04.03	03:48:01.106	0.69154	0.69158			6
2026.04.03	03:48:04.415		0.69160			4
2026.04.03	03:48:06.217		0.69158			4
2026.04.03	03:48:07.419	0.69153	0.69157			6
2026.04.03	03:48:44.118	0.69155	0.69158			6
2026.04.03	03:48:44.419	0.69153	0.69156			6
2026.04.03	03:48:46.824		0.69155			4
2026.04.03	03:48:51.328	0.69154	0.69158			6
2026.04.03	03:49:00.045	0.69154				2
2026.04.03	03:49:24.089	0.69153	0.69157			6
2026.04.03	03:49:26.187	0.69151	0.69155			6
2026.04.03	03:49:40.316	0.69150	0.69154			6
2026.04.03	03:49:42.118	0.69151	0.69155			6
2026.04.03	03:49:46.325	0.69152	0.69156			6
2026.04.03	03:49:48.435	0.69151	0.69155			6
2026.04.03	03:49:53.255	0.69152	0.69156			6
2026.04.03	03:50:00.178	0.69152				2
2026.04.03	03:50:32.058	0.69151	0.69155			6
2026.04.03	03:50:33.857	0.69152	0.69156			6
2026.04.03	03:50:44.687	0.69153	0.69157			6
2026.04.03	03:50:59.120	0.69152	0.69156			6
2026.04.03	03:51:00.023	0.69152				2
2026.04.03	03:51:00.624	0.69153	0.69157			6
2026.04.03	03:51:06.638	0.69154				2
2026.04.03	03:51:08.147	0.69153				2
2026.04.03	03:51:08.751	0.69152	0.69156			6
2026.04.03	03:51:10.256	0.69151	0.69155			6
2026.04.03	03:51:10.559	0.69150	0.69154			6
2026.04.03	03:51:10.856	0.69149	0.69153			6
2026.04.03	03:51:16.277	0.69147	0.69151			6
2026.04.03	03:51:20.187	0.69148	0.69152			6
2026.04.03	03:51:24.998	0.69147	0.69151			6
2026.04.03	03:51:40.032	0.69148				2
2026.04.03	03:51:44.242	0.69149				2
2026.04.03	03:51:46.045	0.69148				2
2026.04.03	03:51:47.851	0.69147				2
2026.04.03	03:51:51.158		0.69149			4
2026.04.03	03:51:51.457		0.69151			4
2026.04.03	03:51:52.965	0.69146	0.69150			6
2026.04.03	03:51:54.172	0.69145	0.69149			6
2026.04.03	03:52:00.190	0.69145				2
2026.04.03	03:52:06.810	0.69144	0.69148			6
2026.04.03	03:52:10.415	0.69143	0.69147			6
2026.04.03	03:52:16.423	0.69140	0.69144			6
2026.04.03	03:52:19.128	0.69139	0.69143			6
2026.04.03	03:52:19.432	0.69140	0.69144			6
2026.04.03	03:52:20.631	0.69142	0.69146			6
2026.04.03	03:52:21.834	0.69140	0.69144			6
2026.04.03	03:52:41.078	0.69142	0.69146			6
2026.04.03	03:52:45.282	0.69143				2
2026.04.03	03:52:47.389	0.69142				2
2026.04.03	03:52:56.713	0.69143				2
2026.04.03	03:53:00.018	0.69143				2
2026.04.03	03:53:13.845	0.69145	0.69149			6
2026.04.03	03:53:17.455	0.69144	0.69148			6
2026.04.03	03:53:19.564	0.69140	0.69144			6
2026.04.03	03:53:25.881	0.69138	0.69142			6
2026.04.03	03:53:30.996	0.69135	0.69139			6
2026.04.03	03:53:34.311	0.69134	0.69137			6
2026.04.03	03:53:35.815	0.69133				2
2026.04.03	03:53:36.417		0.69135			4
2026.04.03	03:53:37.017		0.69136			4
2026.04.03	03:53:38.823	0.69132				2
2026.04.03	03:53:40.932	0.69133				2
2026.04.03	03:53:41.238		0.69137			4
2026.04.03	03:53:43.640	0.69132	0.69136			6
2026.04.03	03:53:49.653	0.69128	0.69132			6
2026.04.03	03:53:49.952	0.69127	0.69131			6
2026.04.03	03:53:53.559	0.69124	0.69128			6
2026.04.03	03:53:55.062	0.69123	0.69127			6
2026.04.03	03:54:00.178	0.69123				2
2026.04.03	03:54:03.184	0.69124	0.69128			6
2026.04.03	03:54:12.807	0.69123	0.69127			6
2026.04.03	03:54:18.220	0.69122	0.69126			6
2026.04.03	03:54:18.521		0.69125			4
2026.04.03	03:54:18.821		0.69126			4
2026.04.03	03:54:21.823	0.69119	0.69123			6
2026.04.03	03:54:22.123	0.69118	0.69122			6
2026.04.03	03:54:46.181	0.69117	0.69121			6
2026.04.03	03:54:47.084	0.69116	0.69120			6
2026.04.03	03:54:49.486	0.69115	0.69117			6
2026.04.03	03:54:49.786	0.69114				2
2026.04.03	03:54:51.886		0.69118			4
2026.04.03	03:54:59.409	0.69119	0.69122			6
2026.04.03	03:54:59.708	0.69118				2
2026.04.03	03:55:00.005	0.69118				2
2026.04.03	03:55:00.607	0.69121	0.69125			6
2026.04.03	03:55:00.907	0.69120	0.69124			6
2026.04.03	03:55:03.311	0.69122	0.69126			6
2026.04.03	03:55:26.750	0.69120	0.69124			6
2026.04.03	03:55:35.763	0.69123	0.69126			6
2026.04.03	03:55:36.066		0.69127			4
2026.04.03	03:55:39.671	0.69119	0.69123			6
2026.04.03	03:55:41.777	0.69118	0.69122			6
2026.04.03	03:55:42.676	0.69119	0.69123			6
2026.04.03	03:55:56.812	0.69118	0.69122			6
2026.04.03	03:55:59.515	0.69119	0.69123			6
2026.04.03	03:56:00.115	0.69119				2
2026.04.03	03:56:25.062	0.69118	0.69122			6
2026.04.03	03:56:38.897	0.69119				2
2026.04.03	03:56:39.198	0.69118				2
2026.04.03	03:56:40.999	0.69119				2
2026.04.03	03:56:43.102	0.69120	0.69124			6
2026.04.03	03:56:44.302	0.69121	0.69125			6
2026.04.03	03:56:44.602	0.69122	0.69126			6
2026.04.03	03:56:56.332	0.69124	0.69127			6
2026.04.03	03:57:00.243	0.69129	0.69132			6
2026.04.03	03:57:04.755	0.69128				2
2026.04.03	03:57:08.362	0.69125	0.69129			6
2026.04.03	03:57:08.965	0.69126	0.69130			6
2026.04.03	03:57:17.083	0.69124	0.69128			6
2026.04.03	03:57:17.383	0.69123	0.69127			6
2026.04.03	03:57:22.793	0.69124				2
2026.04.03	03:57:29.111	0.69125	0.69129			6
2026.04.03	03:57:30.614	0.69124	0.69128			6
2026.04.03	03:57:31.515	0.69123	0.69127			6
2026.04.03	03:57:41.738		0.69126			4
2026.04.03	03:57:43.540		0.69127			4
2026.04.03	03:57:46.554	0.69124				2
2026.04.03	03:57:48.959		0.69128			4
2026.04.03	03:57:53.177	0.69123	0.69127			6
2026.04.03	03:57:53.777	0.69124				2
2026.04.03	03:57:54.078		0.69128			4
2026.04.03	03:57:54.378	0.69125				2
2026.04.03	03:57:56.481	0.69126				2
2026.04.03	03:57:56.779	0.69125				2
2026.04.03	03:57:59.185	0.69126				2
2026.04.03	03:58:00.084	0.69126				2
2026.04.03	03:58:03.701	0.69125				2
2026.04.03	03:58:04.603		0.69129			4
2026.04.03	03:58:16.024	0.69124	0.69128			6
2026.04.03	03:58:16.323	0.69123	0.69127			6
2026.04.03	03:58:19.033	0.69124	0.69128			6
2026.04.03	03:58:19.936	0.69125	0.69129			6
2026.04.03	03:58:20.239	0.69126	0.69130			6
2026.04.03	03:58:20.839	0.69127	0.69131			6
2026.04.03	03:58:22.340	0.69126	0.69130			6
2026.04.03	03:58:27.750	0.69127	0.69131			6
2026.04.03	03:59:00.231	0.69127				2
2026.04.03	03:59:06.540	0.69129	0.69133			6
2026.04.03	03:59:06.839	0.69130				2
2026.04.03	03:59:07.441	0.69129				2
2026.04.03	03:59:18.572	0.69130	0.69134			6
2026.04.03	03:59:20.678	0.69129	0.69133			6
2026.04.03	03:59:23.079	0.69128	0.69132			6
2026.04.03	03:59:26.086	0.69129	0.69133			6
2026.04.03	03:59:28.488	0.69128	0.69132			6
2026.04.03	03:59:50.436	0.69127	0.69131			6
2026.04.03	03:59:50.736	0.69126	0.69130			6
2026.04.03	03:59:54.955	0.69128	0.69132			6
2026.04.03	04:00:00.074	0.69128				2
2026.04.03	04:00:05.785	0.69127	0.69131			6
2026.04.03	04:00:06.087	0.69124	0.69128			6
2026.04.03	04:00:07.592	0.69125	0.69129			6
2026.04.03	04:00:08.798	0.69127				2
2026.04.03	04:00:09.395		0.69131			4
2026.04.03	04:00:17.809	0.69128	0.69132			6
2026.04.03	04:00:22.621	0.69125	0.69129			6
2026.04.03	04:00:37.345	0.69126	0.69130			6
2026.04.03	04:00:50.876	0.69125	0.69129			6
2026.04.03	04:00:54.484	0.69126	0.69130			6
2026.04.03	04:00:55.385	0.69127	0.69131			6
2026.04.03	04:01:00.195	0.69127				2
2026.04.03	04:01:08.310	0.69128	0.69132			6
2026.04.03	04:01:16.432	0.69127	0.69131			6
2026.04.03	04:01:30.555	0.69128	0.69132			6
2026.04.03	04:01:37.476	0.69127	0.69131			6
2026.04.03	04:01:54.314	0.69129				2
2026.04.03	04:02:00.032	0.69129				2
2026.04.03	04:02:01.533		0.69132			4
2026.04.03	04:02:02.133		0.69131			4
2026.04.03	04:02:03.632	0.69127	0.69129			6
2026.04.03	04:02:04.234	0.69126				2
2026.04.03	04:02:04.535	0.69125				2
2026.04.03	04:02:19.582	0.69124	0.69128			6
2026.04.03	04:02:44.238	0.69125	0.69129			6
2026.04.03	04:02:55.356	0.69124	0.69128			6
2026.04.03	04:02:56.259	0.69125	0.69129			6
2026.04.03	04:02:56.859	0.69124	0.69128			6
2026.04.03	04:02:57.159	0.69125	0.69129			6
2026.04.03	04:03:00.175	0.69125				2
2026.04.03	04:03:02.877	0.69122	0.69126			6
2026.04.03	04:03:11.296	0.69123	0.69127			6
2026.04.03	04:03:25.125	0.69124	0.69128			6
2026.04.03	04:03:25.428	0.69126	0.69130			6
2026.04.03	04:03:25.728	0.69127	0.69131			6
2026.04.03	04:03:32.038	0.69129	0.69132			6
2026.04.03	04:03:38.659	0.69127	0.69131			6
2026.04.03	04:03:42.568	0.69128	0.69132			6
2026.04.03	04:03:55.491	0.69129	0.69133			6
2026.04.03	04:03:55.794	0.69130	0.69134			6
2026.04.03	04:04:00.003	0.69130				2
2026.04.03	04:04:29.764	0.69129	0.69133			6
2026.04.03	04:04:31.576	0.69130	0.69134			6
2026.04.03	04:04:51.423	0.69129	0.69132			6
2026.04.03	04:04:51.724	0.69130	0.69134			6
2026.04.03	04:04:52.025	0.69129	0.69132			6
2026.04.03	04:04:52.325	0.69130	0.69134			6
2026.04.03	04:04:52.624	0.69129	0.69132			6
2026.04.03	04:04:52.926	0.69130	0.69134			6
2026.04.03	04:04:53.227	0.69129	0.69132			6
2026.04.03	04:04:53.526	0.69130	0.69134			6
2026.04.03	04:04:53.826	0.69129	0.69132			6
2026.04.03	04:04:54.126	0.69130	0.69134			6
2026.04.03	04:04:54.428	0.69128	0.69130			6
2026.04.03	04:04:54.728	0.69129	0.69133			6
2026.04.03	04:05:00.140	0.69129				2
2026.04.03	04:05:04.956	0.69130	0.69134			6
2026.04.03	04:05:08.871	0.69131				2
2026.04.03	04:05:09.176	0.69134	0.69138			6
2026.04.03	04:05:10.074	0.69133	0.69137			6
2026.04.03	04:05:22.705	0.69132	0.69136			6
2026.04.03	04:05:41.043	0.69133	0.69137			6
2026.04.03	04:05:47.054	0.69134	0.69138			6
2026.04.03	04:05:47.355	0.69133	0.69137			6
2026.04.03	04:06:00.298	0.69133				2
2026.04.03	04:06:02.401	0.69134	0.69138			6
2026.04.03	04:06:02.703	0.69133	0.69137			6
2026.04.03	04:06:04.203	0.69134	0.69138			6
2026.04.03	04:06:05.708	0.69133	0.69137			6
2026.04.03	04:06:06.606	0.69134	0.69138			6
2026.04.03	04:06:06.906	0.69132	0.69136			6
2026.04.03	04:06:13.522	0.69130	0.69134			6
2026.04.03	04:06:17.431	0.69129	0.69133			6
2026.04.03	04:06:40.886	0.69128	0.69132			6
2026.04.03	04:06:44.797	0.69129	0.69133			6
2026.04.03	04:07:00.150	0.69129				2
2026.04.03	04:07:00.451	0.69130	0.69134			6
2026.04.03	04:07:06.165		0.69132			4
2026.04.03	04:07:06.766		0.69134			4
2026.04.03	04:07:07.673	0.69129	0.69133			6
2026.04.03	04:07:54.870	0.69130	0.69134			6
2026.04.03	04:08:00.276	0.69130				2
2026.04.03	04:08:19.218	0.69129	0.69133			6
2026.04.03	04:08:19.517	0.69130	0.69134			6
2026.04.03	04:08:19.821	0.69129	0.69133			6
2026.04.03	04:08:24.930	0.69130	0.69134			6
2026.04.03	04:08:31.844	0.69129	0.69133			6
2026.04.03	04:08:57.095	0.69131				2
2026.04.03	04:08:57.396	0.69132	0.69136			6
2026.04.03	04:09:00.105	0.69132				2
2026.04.03	04:09:17.558	0.69130	0.69134			6
2026.04.03	04:09:33.811	0.69131	0.69135			6
2026.04.03	04:09:34.113	0.69132	0.69136			6
2026.04.03	04:09:41.635	0.69133	0.69137			6
2026.04.03	04:09:41.934	0.69132	0.69136			6
2026.04.03	04:10:00.283	0.69132				2
2026.04.03	04:10:01.184	0.69133	0.69137			6
2026.04.03	04:10:02.986	0.69132	0.69136			6
2026.04.03	04:10:16.508	0.69131	0.69135			6
2026.04.03	04:10:18.013	0.69130	0.69134			6
2026.04.03	04:10:22.523	0.69131	0.69135			6
2026.04.03	04:10:23.122	0.69130	0.69134			6
2026.04.03	04:10:44.486	0.69129	0.69133			6
2026.04.03	04:10:56.208	0.69131	0.69135			6
2026.04.03	04:11:00.112	0.69131				2
2026.04.03	04:11:01.014	0.69130	0.69134			6
2026.04.03	04:11:28.099	0.69129	0.69133			6
2026.04.03	04:11:28.702	0.69130	0.69134			6
2026.04.03	04:11:29.002	0.69129	0.69133			6
2026.04.03	04:11:37.714	0.69130	0.69134			6
2026.04.03	04:11:38.012	0.69129	0.69133			6
2026.04.03	04:11:42.829	0.69130	0.69134			6
2026.04.03	04:11:54.554	0.69129	0.69131			6
2026.04.03	04:12:00.260	0.69129				2
2026.04.03	04:12:03.573	0.69130	0.69134			6
2026.04.03	04:12:41.472	0.69132	0.69136			6
2026.04.03	04:13:00.114	0.69132				2
2026.04.03	04:13:00.409	0.69131	0.69135			6
2026.04.03	04:13:06.124	0.69128	0.69132			6
2026.04.03	04:13:13.940	0.69129	0.69133			6
2026.04.03	04:13:15.145	0.69128	0.69132			6
2026.04.03	04:13:15.447	0.69127	0.69131			6
2026.04.03	04:13:16.351	0.69126	0.69130			6
2026.04.03	04:13:16.655	0.69125	0.69129			6
2026.04.03	04:13:16.954	0.69124	0.69128			6
2026.04.03	04:13:17.553	0.69121	0.69125			6
2026.04.03	04:13:23.876	0.69120	0.69124			6
2026.04.03	04:13:27.482	0.69119	0.69123			6
2026.04.03	04:13:28.079	0.69118	0.69122			6
2026.04.03	04:13:28.681	0.69120	0.69123			6
2026.04.03	04:13:29.280	0.69119				2
2026.04.03	04:13:29.581	0.69120				2
2026.04.03	04:13:30.182	0.69119	0.69122			6
2026.04.03	04:13:30.784	0.69120	0.69123			6
2026.04.03	04:13:31.084	0.69119				2
2026.04.03	04:14:00.258	0.69119				2
2026.04.03	04:14:08.977	0.69120	0.69124			6
2026.04.03	04:15:00.101	0.69120				2
2026.04.03	04:15:00.399	0.69122	0.69126			6
2026.04.03	04:15:00.698	0.69123	0.69127			6
2026.04.03	04:15:12.724	0.69120	0.69124			6
2026.04.03	04:15:14.520	0.69121	0.69125			6
2026.04.03	04:15:14.823	0.69120	0.69124			6
2026.04.03	04:15:43.082	0.69118	0.69122			6
2026.04.03	04:16:00.220	0.69118				2
2026.04.03	04:16:02.924	0.69120	0.69124			6
2026.04.03	04:16:03.228	0.69123	0.69127			6
2026.04.03	04:16:11.639	0.69122	0.69126			6
2026.04.03	04:16:15.252	0.69121	0.69125			6
2026.04.03	04:16:15.551		0.69124			4
2026.04.03	04:16:16.757	0.69120				2
2026.04.03	04:16:17.058	0.69119	0.69123			6
2026.04.03	04:16:17.958	0.69120	0.69124			6
2026.04.03	04:16:19.463	0.69119	0.69123			6
2026.04.03	04:16:20.672	0.69120	0.69124			6
2026.04.03	04:16:23.978	0.69119	0.69123			6
2026.04.03	04:16:30.594	0.69120	0.69124			6
2026.04.03	04:16:31.194	0.69119	0.69123			6
2026.04.03	04:16:40.815	0.69117	0.69121			6
2026.04.03	04:16:41.117	0.69118	0.69122			6
2026.04.03	04:16:54.946	0.69120	0.69124			6
2026.04.03	04:17:00.068	0.69120				2
2026.04.03	04:17:00.671	0.69121	0.69125			6
2026.04.03	04:17:00.971	0.69120	0.69124			6
2026.04.03	04:17:02.477	0.69121	0.69125			6
2026.04.03	04:17:02.780	0.69120	0.69124			6
2026.04.03	04:17:05.184	0.69121	0.69125			6
2026.04.03	04:17:06.687	0.69122	0.69126			6
2026.04.03	04:17:35.269	0.69123	0.69127			6
2026.04.03	04:17:38.578	0.69121	0.69125			6
2026.04.03	04:18:00.218	0.69121				2
2026.04.03	04:18:31.499	0.69122				2
2026.04.03	04:18:32.707	0.69121				2
2026.04.03	04:18:38.719		0.69125			4
2026.04.03	04:18:39.620	0.69122	0.69126			6
2026.04.03	04:18:41.423	0.69121	0.69125			6
2026.04.03	04:18:41.721	0.69120	0.69124			6
2026.04.03	04:18:55.252	0.69119	0.69123			6
2026.04.03	04:19:00.064	0.69119				2
2026.04.03	04:19:22.922	0.69120				2
2026.04.03	04:19:27.732	0.69121	0.69125			6
2026.04.03	04:19:41.574	0.69122	0.69126			6
2026.04.03	04:19:42.176	0.69123	0.69127			6
2026.04.03	04:19:59.318	0.69124				2
2026.04.03	04:20:00.222	0.69124				2
2026.04.03	04:20:01.725	0.69123				2
2026.04.03	04:20:02.324	0.69124				2
2026.04.03	04:20:02.624	0.69123				2
2026.04.03	04:20:29.683	0.69122	0.69126			6
2026.04.03	04:20:59.162	0.69121	0.69125			6
2026.04.03	04:21:00.066	0.69121				2
2026.04.03	04:21:10.886		0.69124			4
2026.04.03	04:21:11.190		0.69125			4
2026.04.03	04:21:11.492	0.69122	0.69126			6
2026.04.03	04:21:26.527	0.69121	0.69125			6
2026.04.03	04:21:27.130		0.69123			4
2026.04.03	04:21:27.430	0.69117	0.69121			6
2026.04.03	04:21:41.278	0.69120	0.69124			6
2026.04.03	04:21:48.787	0.69122	0.69126			6
2026.04.03	04:22:00.216	0.69122				2
2026.04.03	04:22:08.628	0.69123				2
2026.04.03	04:22:16.146	0.69122				2
2026.04.03	04:22:27.280	0.69123				2
2026.04.03	04:22:32.386		0.69127			4
2026.04.03	04:22:44.106	0.69124				2
2026.04.03	04:22:45.308	0.69125	0.69129			6
2026.04.03	04:22:51.926	0.69124	0.69128			6
2026.04.03	04:22:58.237	0.69125	0.69129			6
2026.04.03	04:23:00.039	0.69125				2
2026.04.03	04:23:00.338	0.69126	0.69130			6
2026.04.03	04:23:07.254	0.69127	0.69131			6
2026.04.03	04:23:23.789	0.69126	0.69130			6
2026.04.03	04:23:34.614	0.69125	0.69127			6
2026.04.03	04:23:36.120	0.69124	0.69126			6
2026.04.03	04:23:40.028		0.69127			4
2026.04.03	04:23:40.328	0.69125				2
2026.04.03	04:23:40.933	0.69124				2
2026.04.03	04:23:41.234	0.69125				2
2026.04.03	04:23:42.133	0.69124				2
2026.04.03	04:23:42.433		0.69128			4
2026.04.03	04:23:43.037	0.69125	0.69129			6
2026.04.03	04:23:43.337	0.69123	0.69127			6
2026.04.03	04:23:44.539	0.69122	0.69126			6
2026.04.03	04:24:00.176	0.69122				2
2026.04.03	04:24:01.377	0.69123	0.69127			6
2026.04.03	04:24:03.779	0.69122	0.69126			6
2026.04.03	04:24:04.079	0.69121	0.69124			6
2026.04.03	04:24:15.802	0.69120				2
2026.04.03	04:24:22.412	0.69119	0.69123			6
2026.04.03	04:24:22.717	0.69120	0.69124			6
2026.04.03	04:24:23.617	0.69119	0.69123			6
2026.04.03	04:24:29.031	0.69121	0.69124			6
2026.04.03	04:24:29.329	0.69120				2
2026.04.03	04:24:39.845	0.69118	0.69122			6
2026.04.03	04:24:41.651	0.69119	0.69123			6
2026.04.03	04:24:41.951	0.69120				2
2026.04.03	04:24:42.554		0.69124			4
2026.04.03	04:24:53.387	0.69118	0.69122			6
2026.04.03	04:25:00.012	0.69118				2
2026.04.03	04:25:00.312	0.69119	0.69123			6
2026.04.03	04:25:00.613	0.69120				2
2026.04.03	04:25:00.913	0.69119				2
2026.04.03	04:25:21.682	0.69120				2
2026.04.03	04:25:21.981	0.69119				2
2026.04.03	04:25:33.416	0.69120	0.69124			6
2026.04.03	04:25:36.427	0.69119	0.69123			6
2026.04.03	04:25:36.729	0.69120	0.69124			6
2026.04.03	04:26:00.188	0.69120				2
2026.04.03	04:26:14.629	0.69121	0.69125			6
2026.04.03	04:26:21.855	0.69120	0.69124			6
2026.04.03	04:26:22.155	0.69121	0.69125			6
2026.04.03	04:26:24.561	0.69120	0.69124			6
2026.04.03	04:26:32.380	0.69121	0.69125			6
2026.04.03	04:26:32.684	0.69120	0.69124			6
2026.04.03	04:26:32.982	0.69122	0.69125			6
2026.04.03	04:26:36.896	0.69119	0.69123			6
2026.04.03	04:26:37.197	0.69120	0.69124			6
2026.04.03	04:26:58.257	0.69121	0.69125			6
2026.04.03	04:27:00.063	0.69121				2
2026.04.03	04:27:03.068	0.69120	0.69124			6
2026.04.03	04:27:28.332	0.69121	0.69125			6
2026.04.03	04:27:32.250	0.69122	0.69126			6
2026.04.03	04:28:00.225	0.69122				2
2026.04.03	04:28:08.336	0.69121	0.69124			6
2026.04.03	04:28:08.636	0.69120				2
2026.04.03	04:28:14.055		0.69123			4
2026.04.03	04:28:14.357	0.69124	0.69128			6
2026.04.03	04:28:14.957	0.69125	0.69129			6
2026.04.03	04:28:17.361	0.69126	0.69130			6
2026.04.03	04:28:17.659	0.69125	0.69129			6
2026.04.03	04:28:19.467		0.69128			4
2026.04.03	04:28:20.070	0.69124				2
2026.04.03	04:28:26.382	0.69125	0.69129			6
2026.04.03	04:28:28.488	0.69124	0.69126			6
2026.04.03	04:28:28.791	0.69123				2
2026.04.03	04:28:54.677	0.69124	0.69128			6
2026.04.03	04:28:54.979	0.69125	0.69129			6
2026.04.03	04:29:00.084	0.69125				2
2026.04.03	04:29:31.665	0.69124	0.69128			6
2026.04.03	04:29:35.877	0.69125	0.69129			6
2026.04.03	04:29:50.911	0.69124	0.69128			6
2026.04.03	04:29:51.212	0.69125	0.69129			6
2026.04.03	04:29:54.514	0.69124	0.69128			6
2026.04.03	04:29:56.618	0.69125	0.69129			6
2026.04.03	04:30:00.223	0.69125				2
2026.04.03	04:30:04.431	0.69124	0.69126			6
2026.04.03	04:30:04.736	0.69123	0.69125			6
2026.04.03	04:30:05.031	0.69122				2
2026.04.03	04:30:06.532	0.69123				2
2026.04.03	04:30:09.541	0.69122				2
2026.04.03	04:30:12.544		0.69124			4
2026.04.03	04:30:13.751		0.69126			4
2026.04.03	04:31:00.076	0.69122				2
2026.04.03	04:31:00.377	0.69123	0.69127			6
2026.04.03	04:31:04.884	0.69124	0.69128			6
2026.04.03	04:31:18.414	0.69123	0.69127			6
2026.04.03	04:31:19.011	0.69122	0.69126			6
2026.04.03	04:31:21.117	0.69120	0.69124			6
2026.04.03	04:31:35.552	0.69119	0.69123			6
2026.04.03	04:31:35.852	0.69120	0.69124			6
2026.04.03	04:31:45.165	0.69119	0.69123			6
2026.04.03	04:31:48.475	0.69120	0.69124			6
2026.04.03	04:31:48.777	0.69119	0.69123			6
2026.04.03	04:31:50.876	0.69120	0.69124			6
2026.04.03	04:31:51.176	0.69121	0.69125			6
2026.04.03	04:31:52.679	0.69120	0.69124			6
2026.04.03	04:32:00.204	0.69120				2
2026.04.03	04:32:06.508	0.69121	0.69125			6
2026.04.03	04:32:38.085	0.69122	0.69126			6
2026.04.03	04:32:45.898	0.69121	0.69125			6
2026.04.03	04:32:53.110	0.69122	0.69126			6
2026.04.03	04:32:53.408	0.69121	0.69125			6
2026.04.03	04:33:00.022	0.69121				2
2026.04.03	04:33:01.225	0.69119	0.69123			6
2026.04.03	04:33:06.640	0.69116	0.69120			6
2026.04.03	04:33:18.382	0.69115	0.69119			6
2026.04.03	04:33:18.682	0.69116	0.69120			6
2026.04.03	04:33:19.882	0.69115	0.69119			6
2026.04.03	04:33:20.182	0.69116	0.69120			6
2026.04.03	04:33:21.385	0.69115	0.69119			6
2026.04.03	04:33:21.687	0.69116	0.69120			6
2026.04.03	04:33:23.795	0.69115	0.69119			6
2026.04.03	04:33:49.681	0.69111	0.69115			6
2026.04.03	04:33:59.911	0.69112	0.69116			6
2026.04.03	04:34:00.215	0.69112				2
2026.04.03	04:34:06.232	0.69111	0.69115			6
2026.04.03	04:34:08.342	0.69108	0.69112			6
2026.04.03	04:34:08.641	0.69109	0.69113			6
2026.04.03	04:34:13.461	0.69106	0.69109			6
2026.04.03	04:34:13.763		0.69110			4
2026.04.03	04:34:14.363		0.69109			4
2026.04.03	04:34:14.662	0.69105	0.69108			6
2026.04.03	04:34:16.163	0.69104	0.69107			6
2026.04.03	04:34:20.980		0.69108			4
2026.04.03	04:34:21.882		0.69107			4
2026.04.03	04:34:22.484		0.69108			4
2026.04.03	04:34:32.110	0.69103	0.69107			6
2026.04.03	04:34:46.837	0.69102	0.69106			6
2026.04.03	04:35:00.075	0.69102				2
2026.04.03	04:35:08.791		0.69105			4
2026.04.03	04:35:09.690	0.69104	0.69108			6
2026.04.03	04:35:09.991	0.69103	0.69107			6
2026.04.03	04:35:21.412	0.69104	0.69108			6
2026.04.03	04:35:45.151	0.69108	0.69112			6
2026.04.03	04:35:45.457	0.69106	0.69110			6
2026.04.03	04:35:54.780	0.69108	0.69112			6
2026.04.03	04:35:59.589	0.69107	0.69111			6
2026.04.03	04:36:00.190	0.69107				2
2026.04.03	04:36:24.527	0.69108	0.69112			6
2026.04.03	04:36:35.650	0.69109	0.69113			6
2026.04.03	04:36:38.355	0.69108	0.69112			6
2026.04.03	04:37:00.016	0.69108				2
2026.04.03	04:37:04.830	0.69109	0.69113			6
2026.04.03	04:37:06.335	0.69108	0.69112			6
2026.04.03	04:37:13.554	0.69107	0.69111			6
2026.04.03	04:37:19.266	0.69106	0.69110			6
2026.04.03	04:37:23.775		0.69109			4
2026.04.03	04:37:24.077	0.69107	0.69110			6
2026.04.03	04:37:24.379	0.69106	0.69109			6
2026.04.03	04:37:24.976	0.69107	0.69110			6
2026.04.03	04:37:25.278	0.69106	0.69109			6
2026.04.03	04:37:25.580	0.69107	0.69110			6
2026.04.03	04:37:25.878	0.69106	0.69109			6
2026.04.03	04:37:26.181	0.69107	0.69110			6
2026.04.03	04:37:26.479	0.69106	0.69109			6
2026.04.03	04:37:26.783	0.69107	0.69110			6
2026.04.03	04:37:27.082	0.69106	0.69109			6
2026.04.03	04:37:27.685	0.69107	0.69110			6
2026.04.03	04:37:27.986	0.69106				2
2026.04.03	04:37:32.802	0.69104	0.69108			6
2026.04.03	04:37:33.103	0.69105				2
2026.04.03	04:37:54.736	0.69104				2
2026.04.03	04:37:57.440	0.69105				2
2026.04.03	04:37:58.944	0.69104				2
2026.04.03	04:38:00.147	0.69104				2
2026.04.03	04:38:00.448	0.69103	0.69107			6
2026.04.03	04:38:10.072	0.69105	0.69108			6
2026.04.03	04:38:16.077	0.69106	0.69110			6
2026.04.03	04:38:19.083	0.69107	0.69111			6
2026.04.03	04:38:19.383	0.69106	0.69110			6
2026.04.03	04:38:20.284	0.69105	0.69109			6
2026.04.03	04:38:28.706	0.69104	0.69108			6
2026.04.03	04:38:37.133	0.69105	0.69109			6
2026.04.03	04:39:00.278	0.69105				2
2026.04.03	04:39:06.296	0.69106	0.69110			6
2026.04.03	04:39:26.128	0.69103	0.69107			6
2026.04.03	04:39:46.873	0.69102	0.69106			6
2026.04.03	04:39:50.180	0.69101	0.69105			6
2026.04.03	04:39:50.783	0.69100	0.69104			6
2026.04.03	04:39:51.384	0.69101	0.69105			6
2026.04.03	04:39:51.983	0.69100	0.69104			6
2026.04.03	04:39:52.885	0.69101	0.69105			6
2026.04.03	04:39:53.187	0.69100	0.69104			6
2026.04.03	04:39:53.486	0.69101	0.69105			6
2026.04.03	04:39:53.786		0.69104			4
2026.04.03	04:39:56.187		0.69105			4
2026.04.03	04:39:57.088		0.69104			4
2026.04.03	04:39:59.797	0.69100				2
2026.04.03	04:40:00.099	0.69100				2
2026.04.03	04:40:01.000	0.69101	0.69105			6
2026.04.03	04:40:01.300	0.69100	0.69104			6
2026.04.03	04:40:01.903	0.69101	0.69105			6
2026.04.03	04:40:10.313	0.69100	0.69104			6
2026.04.03	04:40:11.515	0.69101	0.69105			6
2026.04.03	04:40:25.342	0.69100	0.69104			6
2026.04.03	04:40:26.846	0.69099	0.69103			6
2026.04.03	04:40:42.787	0.69098	0.69102			6
2026.04.03	04:40:44.894	0.69096	0.69100			6
2026.04.03	04:40:45.194	0.69095	0.69099			6
2026.04.03	04:41:00.230	0.69095				2
2026.04.03	04:41:05.033	0.69096				2
2026.04.03	04:41:05.334	0.69098	0.69102			6
2026.04.03	04:41:07.438	0.69097	0.69101			6
2026.04.03	04:41:11.047	0.69098	0.69102			6
2026.04.03	04:41:22.170	0.69099	0.69103			6
2026.04.03	04:41:23.977	0.69098	0.69102			6
2026.04.03	04:41:24.882	0.69099	0.69103			6
2026.04.03	04:41:28.795	0.69098	0.69102			6
2026.04.03	04:41:29.398	0.69099	0.69103			6
2026.04.03	04:41:33.903	0.69098	0.69102			6
2026.04.03	04:41:49.838	0.69099	0.69103			6
2026.04.03	04:41:50.438	0.69098	0.69102			6
2026.04.03	04:41:57.355		0.69103			4
2026.04.03	04:41:57.957	0.69096	0.69100			6
2026.04.03	04:42:00.065	0.69096				2
2026.04.03	04:42:00.964	0.69097	0.69101			6
2026.04.03	04:42:15.701	0.69095	0.69099			6
2026.04.03	04:43:00.229	0.69095				2
2026.04.03	04:43:15.869		0.69099			4
2026.04.03	04:43:35.714	0.69094	0.69098			6
2026.04.03	04:43:45.936	0.69093	0.69097			6
2026.04.03	04:43:54.665	0.69092	0.69096			6
2026.04.03	04:43:55.265	0.69093	0.69097			6
2026.04.03	04:43:56.463	0.69094	0.69098			6
2026.04.03	04:43:56.763	0.69093	0.69097			6
2026.04.03	04:44:00.073	0.69093				2
2026.04.03	04:44:09.400	0.69094	0.69098			6
2026.04.03	04:44:12.406	0.69093	0.69097			6
2026.04.03	04:44:13.308	0.69094	0.69098			6
2026.04.03	04:44:15.415	0.69093	0.69097			6
2026.04.03	04:44:16.919	0.69095	0.69099			6
2026.04.03	04:44:17.819	0.69094	0.69098			6
2026.04.03	04:44:27.154	0.69096	0.69100			6
2026.04.03	04:44:28.956	0.69094	0.69098			6
2026.04.03	04:44:29.258	0.69093	0.69097			6
2026.04.03	04:44:30.761	0.69095	0.69099			6
2026.04.03	04:44:32.565	0.69094	0.69098			6
2026.04.03	04:44:35.275	0.69095	0.69099			6
2026.04.03	04:44:40.382	0.69094	0.69098			6
2026.04.03	04:44:44.288	0.69095	0.69099			6
2026.04.03	04:44:44.887	0.69094	0.69098			6
2026.04.03	04:44:45.191	0.69095	0.69099			6
2026.04.03	04:44:48.499	0.69094	0.69098			6
2026.04.03	04:44:51.209		0.69099			4
2026.04.03	04:44:55.716		0.69100			4
2026.04.03	04:44:58.121		0.69099			4
2026.04.03	04:44:58.421	0.69093				2
2026.04.03	04:44:58.723		0.69100			4
2026.04.03	04:44:59.023	0.69094				2
2026.04.03	04:45:00.221	0.69094				2
2026.04.03	04:45:06.238		0.69099			4
2026.04.03	04:45:16.776	0.69095				2
2026.04.03	04:45:17.676	0.69094				2
2026.04.03	04:45:22.787		0.69098			4
2026.04.03	04:45:37.822	0.69095	0.69099			6
2026.04.03	04:45:38.119	0.69094	0.69098			6
2026.04.03	04:45:48.640	0.69093				2
2026.04.03	04:45:48.940	0.69089	0.69093			6
2026.04.03	04:45:49.240	0.69090	0.69094			6
2026.04.03	04:45:53.455		0.69093			4
2026.04.03	04:45:53.756	0.69089				2
2026.04.03	04:45:58.571	0.69088	0.69092			6
2026.04.03	04:45:59.474	0.69089	0.69093			6
2026.04.03	04:46:00.075	0.69089				2
2026.04.03	04:46:04.879	0.69090	0.69094			6
2026.04.03	04:46:05.778	0.69089	0.69093			6
2026.04.03	04:46:12.690	0.69090	0.69094			6
2026.04.03	04:46:13.594	0.69089	0.69093			6
2026.04.03	04:46:16.606	0.69090	0.69094			6
2026.04.03	04:46:20.508	0.69091	0.69095			6
2026.04.03	04:46:22.915		0.69094			4
2026.04.03	04:46:23.215	0.69089	0.69093			6
2026.04.03	04:46:30.427	0.69090	0.69094			6
2026.04.03	04:46:32.231	0.69089	0.69093			6
2026.04.03	04:46:35.238	0.69090	0.69094			6
2026.04.03	04:46:36.144	0.69089	0.69093			6
2026.04.03	04:46:40.655	0.69090	0.69094			6
2026.04.03	04:46:42.763	0.69091	0.69095			6
2026.04.03	04:46:52.379	0.69090	0.69094			6
2026.04.03	04:46:54.783	0.69091	0.69095			6
2026.04.03	04:46:56.588	0.69090	0.69094			6
2026.04.03	04:47:00.192	0.69090				2
2026.04.03	04:47:04.103	0.69091	0.69095			6
2026.04.03	04:47:05.306	0.69090	0.69094			6
2026.04.03	04:47:17.932	0.69091	0.69095			6
2026.04.03	04:47:18.533	0.69090	0.69094			6
2026.04.03	04:47:19.441	0.69091	0.69095			6
2026.04.03	04:47:19.741	0.69090	0.69094			6
2026.04.03	04:47:21.851	0.69091	0.69095			6
2026.04.03	04:47:24.855	0.69092	0.69096			6
2026.04.03	04:47:31.482	0.69090	0.69094			6
2026.04.03	04:47:31.782	0.69091	0.69095			6
2026.04.03	04:47:56.748	0.69092	0.69096			6
2026.04.03	04:48:00.054	0.69093	0.69097			6
2026.04.03	04:48:01.254	0.69092	0.69096			6
2026.04.03	04:48:06.668	0.69091	0.69094			6
2026.04.03	04:48:12.686		0.69093			4
2026.04.03	04:48:14.185		0.69094			4
2026.04.03	04:48:15.691		0.69093			4
2026.04.03	04:48:22.606		0.69094			4
2026.04.03	04:48:30.416	0.69090				2
2026.04.03	04:48:31.921	0.69091	0.69095			6
2026.04.03	04:48:32.524	0.69090	0.69094			6
2026.04.03	04:48:40.640	0.69091	0.69095			6
2026.04.03	04:48:40.945	0.69090	0.69094			6
2026.04.03	04:48:45.455	0.69091	0.69095			6
2026.04.03	04:48:46.355	0.69090	0.69094			6
2026.04.03	04:48:46.656	0.69091	0.69095			6
2026.04.03	04:48:55.981	0.69090	0.69094			6
2026.04.03	04:48:57.782	0.69091	0.69095			6
2026.04.03	04:48:58.081	0.69090	0.69094			6
2026.04.03	04:49:00.191	0.69091	0.69095			6
2026.04.03	04:49:03.504	0.69092	0.69096			6
2026.04.03	04:49:06.207	0.69093	0.69097			6
2026.04.03	04:49:24.232	0.69094	0.69098			6
2026.04.03	04:49:25.434	0.69095	0.69099			6
2026.04.03	04:49:31.743	0.69094	0.69098			6
2026.04.03	04:49:35.346	0.69095	0.69099			6
2026.04.03	04:49:39.553	0.69094	0.69098			6
2026.04.03	04:49:42.857	0.69095	0.69099			6
2026.04.03	04:49:47.373	0.69094	0.69098			6
2026.04.03	04:49:48.575	0.69095	0.69099			6
2026.04.03	04:49:55.787	0.69094	0.69098			6
2026.04.03	04:50:00.000	0.69094				2
2026.04.03	04:50:03.603	0.69095	0.69099			6
2026.04.03	04:50:10.826	0.69094	0.69098			6
2026.04.03	04:50:24.062	0.69095	0.69099			6
2026.04.03	04:50:25.572	0.69094	0.69098			6
2026.04.03	04:50:40.308	0.69093	0.69097			6
2026.04.03	04:50:53.836	0.69094	0.69098			6
2026.04.03	04:51:00.152	0.69094				2
2026.04.03	04:51:03.160	0.69091	0.69095			6
2026.04.03	04:51:04.060	0.69090	0.69094			6
2026.04.03	04:51:12.479	0.69091	0.69095			6
2026.04.03	04:51:16.078	0.69090	0.69094			6
2026.04.03	04:51:16.378	0.69091	0.69095			6
2026.04.03	04:51:17.584	0.69090	0.69094			6
2026.04.03	04:51:17.884	0.69091	0.69095			6
2026.04.03	04:51:24.502	0.69092	0.69096			6
2026.04.03	04:51:38.331	0.69093	0.69097			6
2026.04.03	04:51:46.146	0.69090	0.69094			6
2026.04.03	04:51:50.055	0.69091	0.69095			6
2026.04.03	04:51:50.656	0.69090	0.69094			6
2026.04.03	04:51:51.561	0.69091	0.69095			6
2026.04.03	04:51:55.776	0.69092	0.69096			6
2026.04.03	04:51:56.076	0.69091	0.69095			6
2026.04.03	04:51:56.979	0.69092	0.69096			6
2026.04.03	04:51:58.483	0.69091	0.69095			6
2026.04.03	04:51:59.084	0.69092	0.69096			6
2026.04.03	04:52:00.286	0.69091	0.69095			6
2026.04.03	04:52:10.809	0.69092	0.69096			6
2026.04.03	04:52:12.013	0.69094	0.69098			6
2026.04.03	04:52:15.622	0.69093	0.69097			6
2026.04.03	04:52:26.147	0.69092	0.69096			6
2026.04.03	04:52:29.751	0.69093	0.69097			6
2026.04.03	04:52:36.676	0.69092	0.69096			6
2026.04.03	04:52:47.199	0.69093	0.69097			6
2026.04.03	04:52:51.412	0.69092	0.69096			6
2026.04.03	04:52:59.523	0.69093				2
2026.04.03	04:53:00.124	0.69094	0.69097			6
2026.04.03	04:53:15.459	0.69093				2
2026.04.03	04:53:15.759	0.69094				2
2026.04.03	04:53:21.177		0.69098			4
2026.04.03	04:53:51.565	0.69096				2
2026.04.03	04:53:51.865		0.69099			4
2026.04.03	04:53:53.676	0.69095				2
2026.04.03	04:54:00.302	0.69095				2
2026.04.03	04:54:15.037	0.69094	0.69098			6
2026.04.03	04:54:19.254	0.69093	0.69097			6
2026.04.03	04:54:35.798	0.69092	0.69096			6
2026.04.03	04:54:37.600	0.69091	0.69095			6
2026.04.03	04:54:50.224	0.69092				2
2026.04.03	04:54:53.232		0.69096			4
2026.04.03	04:54:58.346	0.69093	0.69097			6
2026.04.03	04:55:00.149	0.69093				2
2026.04.03	04:55:01.950	0.69092	0.69096			6
2026.04.03	04:55:02.551	0.69093	0.69097			6
2026.04.03	04:55:02.851	0.69092	0.69096			6
2026.04.03	04:55:08.864	0.69093	0.69097			6
2026.04.03	04:55:15.482	0.69092	0.69096			6
2026.04.03	04:55:28.720	0.69091	0.69095			6
2026.04.03	04:55:29.621		0.69094			4
2026.04.03	04:55:29.921	0.69087	0.69091			6
2026.04.03	04:55:30.223	0.69088	0.69092			6
2026.04.03	04:55:32.327	0.69087	0.69091			6
2026.04.03	04:55:34.432	0.69086	0.69090			6
2026.04.03	04:55:41.046	0.69085	0.69089			6
2026.04.03	04:55:46.755	0.69086	0.69090			6
2026.04.03	04:55:47.655	0.69087	0.69091			6
2026.04.03	04:55:48.256	0.69086	0.69090			6
2026.04.03	04:55:48.555	0.69088	0.69092			6
2026.04.03	04:55:53.664	0.69087	0.69091			6
2026.04.03	04:55:57.276	0.69088	0.69092			6
2026.04.03	04:56:00.278	0.69087	0.69091			6
2026.04.03	04:56:02.983	0.69086	0.69090			6
2026.04.03	04:56:05.387	0.69088	0.69092			6
2026.04.03	04:56:05.989	0.69087	0.69091			6
2026.04.03	04:56:07.191	0.69088	0.69092			6
2026.04.03	04:56:08.094	0.69087	0.69091			6
2026.04.03	04:56:08.392	0.69088	0.69092			6
2026.04.03	04:56:11.099	0.69087	0.69091			6
2026.04.03	04:56:17.420	0.69088	0.69092			6
2026.04.03	04:56:18.021	0.69087	0.69090			6
2026.04.03	04:56:24.641		0.69091			4
2026.04.03	04:56:28.855	0.69088	0.69092			6
2026.04.03	04:56:38.780	0.69087	0.69090			6
2026.04.03	04:56:40.885	0.69084	0.69088			6
2026.04.03	04:56:55.921	0.69086				2
2026.04.03	04:57:00.136	0.69086				2
2026.04.03	04:57:01.037	0.69085				2
2026.04.03	04:57:01.338	0.69084				2
2026.04.03	04:57:17.583	0.69085				2
2026.04.03	04:57:19.386	0.69084				2
2026.04.03	04:57:21.794	0.69085	0.69089			6
2026.04.03	04:57:25.107	0.69083	0.69087			6
2026.04.03	04:57:25.408	0.69082	0.69086			6
2026.04.03	04:57:30.215	0.69083	0.69087			6
2026.04.03	04:57:32.617	0.69085	0.69089			6
2026.04.03	04:57:33.820	0.69084	0.69088			6
2026.04.03	04:57:34.120	0.69085	0.69089			6
2026.04.03	04:57:38.328	0.69084	0.69088			6
2026.04.03	04:57:40.135	0.69085	0.69089			6
2026.04.03	04:57:41.932	0.69084	0.69088			6
2026.04.03	04:57:43.435	0.69085	0.69089			6
2026.04.03	04:57:49.454	0.69084	0.69088			6
2026.04.03	04:57:56.667	0.69085	0.69089			6
2026.04.03	04:58:00.277	0.69085				2
2026.04.03	04:58:01.177	0.69086	0.69090			6
2026.04.03	04:58:01.479	0.69085	0.69089			6
2026.04.03	04:58:05.981	0.69084	0.69088			6
2026.04.03	04:58:18.012	0.69085	0.69089			6
2026.04.03	04:58:18.613	0.69086	0.69090			6
2026.04.03	04:58:52.595	0.69085	0.69089			6
2026.04.03	04:58:57.407	0.69086	0.69090			6
2026.04.03	04:59:00.114	0.69086				2
2026.04.03	04:59:02.512	0.69088	0.69092			6
2026.04.03	04:59:06.422	0.69089	0.69093			6
2026.04.03	04:59:06.722	0.69088	0.69092			6
2026.04.03	04:59:07.022	0.69089	0.69093			6
2026.04.03	04:59:08.825	0.69088	0.69092			6
2026.04.03	04:59:15.138	0.69089	0.69093			6
2026.04.03	04:59:18.150	0.69088	0.69092			6
2026.04.03	04:59:24.774	0.69087	0.69091			6
2026.04.03	04:59:27.776	0.69086	0.69090			6
2026.04.03	04:59:29.582	0.69087	0.69091			6
2026.04.03	04:59:31.686	0.69088	0.69092			6
2026.04.03	04:59:32.586	0.69089	0.69093			6
2026.04.03	04:59:37.999	0.69088	0.69092			6
2026.04.03	04:59:39.803	0.69089	0.69093			6
2026.04.03	04:59:40.706	0.69088	0.69092			6
2026.04.03	04:59:41.306	0.69089	0.69093			6
2026.04.03	05:00:00.254	0.69089				2
2026.04.03	05:00:00.856	0.69088	0.69092			6
2026.04.03	05:00:01.158	0.69089	0.69093			6
2026.04.03	05:00:32.733	0.69090	0.69094			6
2026.04.03	05:00:41.155	0.69089	0.69093			6
2026.04.03	05:00:51.383	0.69088	0.69092			6
2026.04.03	05:00:58.901	0.69087	0.69091			6
2026.04.03	05:00:59.503	0.69086	0.69090			6
2026.04.03	05:00:59.804	0.69085	0.69089			6
2026.04.03	05:01:00.107	0.69085				2
2026.04.03	05:01:04.912	0.69087	0.69091			6
2026.04.03	05:01:05.512	0.69088	0.69092			6
2026.04.03	05:01:06.713	0.69089	0.69093			6
2026.04.03	05:01:16.641	0.69088	0.69092			6
2026.04.03	05:01:20.852	0.69089	0.69093			6
2026.04.03	05:01:28.358	0.69090	0.69094			6
2026.04.03	05:01:37.977	0.69091	0.69095			6
2026.04.03	05:02:00.224	0.69091				2
2026.04.03	05:02:00.527	0.69094	0.69098			6
2026.04.03	05:02:00.827	0.69095	0.69099			6
2026.04.03	05:02:02.027	0.69094	0.69098			6
2026.04.03	05:02:21.881	0.69093	0.69097			6
2026.04.03	05:02:41.738	0.69094	0.69098			6
2026.04.03	05:02:49.263	0.69093	0.69097			6
2026.04.03	05:02:51.676	0.69094	0.69098			6
2026.04.03	05:03:00.103	0.69094				2
2026.04.03	05:03:33.468	0.69093	0.69097			6
2026.04.03	05:03:35.269	0.69094	0.69098			6
2026.04.03	05:03:37.376	0.69093	0.69097			6
2026.04.03	05:03:53.304	0.69091	0.69095			6
2026.04.03	05:03:53.604	0.69092				2
2026.04.03	05:03:53.905	0.69091				2
2026.04.03	05:04:00.214	0.69091				2
2026.04.03	05:04:03.824	0.69090	0.69094			6
2026.04.03	05:04:53.447	0.69091				2
2026.04.03	05:04:54.050	0.69090				2
2026.04.03	05:05:00.062	0.69090				2
2026.04.03	05:05:03.975		0.69094			4
2026.04.03	05:05:12.392	0.69089	0.69093			6
2026.04.03	05:06:00.224	0.69089				2
2026.04.03	05:06:12.553		0.69093			4
2026.04.03	05:06:17.361	0.69090	0.69094			6
2026.04.03	05:06:26.086	0.69093	0.69097			6
2026.04.03	05:06:26.686	0.69094	0.69098			6
2026.04.03	05:06:26.986	0.69096	0.69100			6
2026.04.03	05:06:54.969	0.69100	0.69102			6
2026.04.03	05:06:56.173	0.69099				2
2026.04.03	05:07:00.081	0.69099				2
2026.04.03	05:07:00.379	0.69100				2
2026.04.03	05:07:03.684	0.69099				2
2026.04.03	05:07:12.711	0.69101	0.69105			6
2026.04.03	05:07:13.011	0.69099	0.69103			6
2026.04.03	05:07:15.115		0.69102			4
2026.04.03	05:07:18.125	0.69098				2
2026.04.03	05:07:19.624	0.69099				2
2026.04.03	05:08:00.234	0.69099				2
2026.04.03	05:08:03.835	0.69100				2
2026.04.03	05:08:14.970	0.69099				2
2026.04.03	05:08:15.273		0.69102			4
2026.04.03	05:08:15.573	0.69100				2
2026.04.03	05:08:29.407	0.69098				2
2026.04.03	05:08:35.120	0.69097	0.69101			6
2026.04.03	05:08:48.648	0.69098	0.69102			6
2026.04.03	05:08:55.562	0.69099	0.69103			6
2026.04.03	05:09:00.079	0.69098	0.69102			6
2026.04.03	05:09:03.079	0.69096	0.69100			6
2026.04.03	05:09:05.183	0.69097	0.69101			6
2026.04.03	05:09:08.787	0.69096	0.69100			6
2026.04.03	05:09:11.796	0.69097	0.69101			6
2026.04.03	05:09:19.308	0.69099	0.69103			6
2026.04.03	05:09:26.529	0.69100	0.69104			6
2026.04.03	05:09:28.332	0.69099	0.69103			6
2026.04.03	05:09:54.203	0.69098	0.69102			6
2026.04.03	05:09:57.812	0.69099	0.69103			6
2026.04.03	05:10:00.218	0.69100	0.69104			6
2026.04.03	05:10:03.221	0.69105	0.69109			6
2026.04.03	05:10:05.321	0.69108	0.69112			6
2026.04.03	05:10:05.621	0.69109	0.69113			6
2026.04.03	05:10:05.922	0.69108	0.69112			6
2026.04.03	05:10:18.544	0.69109	0.69113			6
2026.04.03	05:10:32.381	0.69110	0.69114			6
2026.04.03	05:10:35.089	0.69111	0.69115			6
2026.04.03	05:10:40.190	0.69110	0.69114			6
2026.04.03	05:10:45.605	0.69108	0.69112			6
2026.04.03	05:10:45.905	0.69109	0.69113			6
2026.04.03	05:10:48.312	0.69110				2
2026.04.03	05:10:48.910	0.69111	0.69114			6
2026.04.03	05:10:49.210	0.69110	0.69113			6
2026.04.03	05:10:49.513	0.69111	0.69114			6
2026.04.03	05:10:49.812	0.69110	0.69113			6
2026.04.03	05:10:50.115	0.69111	0.69114			6
2026.04.03	05:10:50.411	0.69110	0.69113			6
2026.04.03	05:10:50.711	0.69111	0.69114			6
2026.04.03	05:10:51.013	0.69110	0.69113			6
2026.04.03	05:10:51.311	0.69111	0.69114			6
2026.04.03	05:10:51.612	0.69112				2
2026.04.03	05:10:51.913	0.69110				2
2026.04.03	05:10:52.216	0.69112				2
2026.04.03	05:10:52.516	0.69110				2
2026.04.03	05:11:00.032	0.69110				2
2026.04.03	05:11:01.232	0.69109	0.69113			6
2026.04.03	05:11:01.833	0.69108	0.69112			6
2026.04.03	05:11:04.838	0.69107	0.69111			6
2026.04.03	05:11:07.249	0.69108	0.69112			6
2026.04.03	05:11:14.469	0.69107	0.69111			6
2026.04.03	05:11:20.785	0.69108	0.69112			6
2026.04.03	05:11:40.629	0.69107	0.69111			6
2026.04.03	05:11:40.931	0.69106	0.69110			6
2026.04.03	05:11:44.835	0.69107	0.69111			6
2026.04.03	05:11:46.638	0.69106	0.69110			6
2026.04.03	05:11:48.443	0.69107	0.69111			6
2026.04.03	05:11:49.645	0.69106	0.69110			6
2026.04.03	05:11:51.451	0.69103	0.69107			6
2026.04.03	05:12:00.176	0.69103				2
2026.04.03	05:12:01.676	0.69104	0.69108			6
2026.04.03	05:12:04.984	0.69105	0.69109			6
2026.04.03	05:12:22.715	0.69106				2
2026.04.03	05:12:27.831	0.69104	0.69108			6
2026.04.03	05:12:28.133	0.69103	0.69107			6
2026.04.03	05:12:28.732	0.69104	0.69108			6
2026.04.03	05:12:30.834	0.69103	0.69107			6
2026.04.03	05:12:38.656	0.69101	0.69105			6
2026.04.03	05:13:00.291	0.69101				2
2026.04.03	05:13:24.337	0.69100	0.69103			6
2026.04.03	05:13:32.461	0.69101	0.69105			6
2026.04.03	05:13:49.008	0.69097	0.69101			6
2026.04.03	05:13:49.310	0.69098	0.69102			6
2026.04.03	05:13:53.222	0.69097	0.69101			6
2026.04.03	05:13:53.525	0.69098	0.69102			6
2026.04.03	05:13:54.424	0.69097	0.69101			6
2026.04.03	05:13:55.930	0.69098	0.69102			6
2026.04.03	05:13:59.234	0.69097	0.69101			6
2026.04.03	05:13:59.539	0.69098	0.69102			6
2026.04.03	05:14:00.137	0.69098				2
2026.04.03	05:14:05.555	0.69097	0.69101			6
2026.04.03	05:14:17.886	0.69098	0.69102			6
2026.04.03	05:14:50.361	0.69101	0.69105			6
2026.04.03	05:14:53.969	0.69099	0.69103			6
2026.04.03	05:15:00.285	0.69099				2
2026.04.03	05:15:11.414	0.69097	0.69101			6
2026.04.03	05:15:16.524	0.69096	0.69100			6
2026.04.03	05:15:35.459	0.69097	0.69101			6
2026.04.03	05:15:36.058		0.69100			4
2026.04.03	05:16:00.109	0.69097				2
2026.04.03	05:16:04.620	0.69096	0.69099			6
2026.04.03	05:16:04.920	0.69097	0.69101			6
2026.04.03	05:16:13.942	0.69095	0.69099			6
2026.04.03	05:16:14.243	0.69093	0.69097			6
2026.04.03	05:16:15.442	0.69092	0.69096			6
2026.04.03	05:16:16.944	0.69093	0.69097			6
2026.04.03	05:16:25.355	0.69092	0.69096			6
2026.04.03	05:16:26.558	0.69093	0.69097			6
2026.04.03	05:16:32.266	0.69092	0.69096			6
2026.04.03	05:17:00.253	0.69092				2
2026.04.03	05:17:18.285	0.69093	0.69097			6
2026.04.03	05:17:40.522	0.69092	0.69096			6
2026.04.03	05:17:48.334	0.69091	0.69095			6
2026.04.03	05:17:54.344	0.69089	0.69093			6
2026.04.03	05:18:00.057	0.69089				2
2026.04.03	05:18:00.657	0.69091	0.69095			6
2026.04.03	05:18:00.960	0.69092	0.69096			6
2026.04.03	05:18:51.166	0.69091	0.69095			6
2026.04.03	05:18:51.768	0.69093	0.69097			6
2026.04.03	05:18:53.569	0.69091	0.69095			6
2026.04.03	05:18:53.869	0.69090	0.69094			6
2026.04.03	05:18:55.673	0.69091	0.69095			6
2026.04.03	05:19:00.181	0.69091				2
2026.04.03	05:19:10.103	0.69090	0.69094			6
2026.04.03	05:19:17.612	0.69091	0.69095			6
2026.04.03	05:19:19.118	0.69090	0.69094			6
2026.04.03	05:19:24.827	0.69091	0.69095			6
2026.04.03	05:19:31.144	0.69090	0.69094			6
2026.04.03	05:19:31.446	0.69091	0.69095			6
2026.04.03	05:19:34.154	0.69087	0.69091			6
2026.04.03	05:19:34.453	0.69088	0.69092			6
2026.04.03	05:19:39.271	0.69087	0.69091			6
2026.04.03	05:19:44.082	0.69088	0.69092			6
2026.04.03	05:20:00.008	0.69087	0.69091			6
2026.04.03	05:20:03.914	0.69088	0.69092			6
2026.04.03	05:20:23.456	0.69087	0.69091			6
2026.04.03	05:21:00.172	0.69087				2
2026.04.03	05:21:01.676	0.69086	0.69090			6
2026.04.03	05:21:18.220	0.69083	0.69087			6
2026.04.03	05:21:22.128	0.69080	0.69084			6
2026.04.03	05:21:23.030	0.69079	0.69083			6
2026.04.03	05:21:23.335	0.69077	0.69081			6
2026.04.03	05:21:23.632	0.69076	0.69080			6
2026.04.03	05:21:40.487	0.69075	0.69077			6
2026.04.03	05:21:40.785	0.69073				2
2026.04.03	05:21:41.388	0.69075	0.69079			6
2026.04.03	05:22:00.022	0.69075				2
2026.04.03	05:22:41.514		0.69079			4
2026.04.03	05:22:45.123	0.69073	0.69077			6
2026.04.03	05:22:45.423	0.69071	0.69075			6
2026.04.03	05:22:45.719	0.69066	0.69070			6
2026.04.03	05:22:46.022	0.69067	0.69071			6
2026.04.03	05:22:48.723	0.69063	0.69067			6
2026.04.03	05:22:51.730	0.69062	0.69066			6
2026.04.03	05:22:52.932	0.69061	0.69065			6
2026.04.03	05:23:00.151	0.69061				2
2026.04.03	05:23:01.954	0.69062	0.69066			6
2026.04.03	05:23:02.258	0.69067	0.69071			6
2026.04.03	05:23:10.068	0.69066	0.69070			6
2026.04.03	05:23:12.471	0.69065	0.69069			6
2026.04.03	05:23:13.374	0.69066	0.69070			6
2026.04.03	05:23:18.481	0.69068	0.69072			6
2026.04.03	05:23:20.585	0.69067	0.69071			6
2026.04.03	05:23:29.906	0.69066	0.69070			6
2026.04.03	05:23:41.031	0.69067	0.69071			6
2026.04.03	05:23:56.672	0.69066	0.69070			6
2026.04.03	05:23:59.379	0.69067	0.69071			6
2026.04.03	05:24:00.281	0.69070	0.69074			6
2026.04.03	05:24:00.578	0.69071	0.69075			6
2026.04.03	05:24:18.619	0.69070	0.69074			6
2026.04.03	05:24:18.918	0.69071	0.69075			6
2026.04.03	05:24:19.220	0.69070	0.69074			6
2026.04.03	05:24:19.520	0.69071	0.69075			6
2026.04.03	05:24:24.629	0.69070	0.69074			6
2026.04.03	05:24:31.244	0.69071	0.69075			6
2026.04.03	05:24:36.359	0.69070	0.69074			6
2026.04.03	05:24:39.064	0.69071	0.69075			6
2026.04.03	05:24:40.269	0.69070	0.69074			6
2026.04.03	05:24:50.498	0.69071	0.69075			6
2026.04.03	05:24:58.917	0.69072	0.69076			6
2026.04.03	05:24:59.815	0.69071	0.69075			6
2026.04.03	05:25:00.118	0.69071				2
2026.04.03	05:25:01.917	0.69070	0.69074			6
2026.04.03	05:25:02.522	0.69071	0.69075			6
2026.04.03	05:25:03.122	0.69070	0.69074			6
2026.04.03	05:25:04.022	0.69071	0.69075			6
2026.04.03	05:25:04.320	0.69070	0.69074			6
2026.04.03	05:25:08.228	0.69071	0.69075			6
2026.04.03	05:25:10.032	0.69070	0.69074			6
2026.04.03	05:25:13.941	0.69069	0.69073			6
2026.04.03	05:25:15.446	0.69070	0.69074			6
2026.04.03	05:25:16.047	0.69069	0.69073			6
2026.04.03	05:25:16.349	0.69070	0.69074			6
2026.04.03	05:25:17.246	0.69069	0.69073			6
2026.04.03	05:25:17.546	0.69070	0.69074			6
2026.04.03	05:25:18.150	0.69069	0.69073			6
2026.04.03	05:25:20.857	0.69070	0.69074			6
2026.04.03	05:25:23.262	0.69069	0.69073			6
2026.04.03	05:25:25.067	0.69070	0.69074			6
2026.04.03	05:25:28.077	0.69069	0.69073			6
2026.04.03	05:25:32.283	0.69067	0.69071			6
2026.04.03	05:25:51.531	0.69068	0.69072			6
2026.04.03	05:25:51.830	0.69067	0.69071			6
2026.04.03	05:25:52.430	0.69064	0.69068			6
2026.04.03	05:26:00.240	0.69064				2
2026.04.03	05:26:08.954	0.69066	0.69070			6
2026.04.03	05:26:58.866	0.69064	0.69068			6
2026.04.03	05:26:59.166	0.69066	0.69070			6
2026.04.03	05:27:00.071	0.69066				2
2026.04.03	05:27:59.307		0.69070			4
2026.04.03	05:28:00.207	0.69066				2
2026.04.03	05:28:02.008	0.69067	0.69071			6
2026.04.03	05:28:02.911	0.69066	0.69070			6
2026.04.03	05:28:11.326	0.69067	0.69071			6
2026.04.03	05:28:11.628	0.69069	0.69073			6
2026.04.03	05:28:22.151	0.69067	0.69071			6
2026.04.03	05:28:42.290	0.69066	0.69070			6
2026.04.03	05:28:43.192	0.69067	0.69071			6
2026.04.03	05:28:45.894	0.69066	0.69070			6
2026.04.03	05:28:47.099		0.69069			4
2026.04.03	05:28:52.210		0.69070			4
2026.04.03	05:29:00.023	0.69066				2
2026.04.03	05:29:21.380		0.69069			4
2026.04.03	05:29:35.812		0.69070			4
2026.04.03	05:29:40.322	0.69064	0.69068			6
2026.04.03	05:29:50.846	0.69063	0.69067			6
2026.04.03	05:29:58.960	0.69064	0.69068			6
2026.04.03	05:30:00.168	0.69064				2
2026.04.03	05:30:04.677		0.69069			4
2026.04.03	05:30:04.976		0.69068			4
2026.04.03	05:30:08.888	0.69067	0.69071			6
2026.04.03	05:30:10.090	0.69066	0.69070			6
2026.04.03	05:30:25.426	0.69068	0.69072			6
2026.04.03	05:30:26.928	0.69066	0.69070			6
2026.04.03	05:30:27.232	0.69065	0.69069			6
2026.04.03	05:30:37.461	0.69068	0.69070			6
2026.04.03	05:30:37.760	0.69065	0.69069			6
2026.04.03	05:30:41.071	0.69066	0.69070			6
2026.04.03	05:30:51.292	0.69067	0.69071			6
2026.04.03	05:31:00.018	0.69067				2
2026.04.03	05:31:01.225	0.69068	0.69072			6
2026.04.03	05:31:20.182	0.69066	0.69070			6
2026.04.03	05:31:28.004	0.69067	0.69071			6
2026.04.03	05:31:37.628		0.69070			4
2026.04.03	05:31:38.830	0.69068	0.69072			6
2026.04.03	05:31:39.132	0.69069	0.69073			6
2026.04.03	05:31:44.247	0.69066	0.69070			6
2026.04.03	05:31:50.860		0.69069			4
2026.04.03	05:31:56.568		0.69070			4
2026.04.03	05:32:00.180	0.69066				2
2026.04.03	05:32:03.788	0.69069	0.69073			6
2026.04.03	05:32:14.909	0.69067	0.69071			6
2026.04.03	05:32:32.044	0.69068	0.69072			6
2026.04.03	05:32:33.849	0.69067	0.69071			6
2026.04.03	05:33:00.297	0.69067				2
2026.04.03	05:33:03.299	0.69066	0.69070			6
2026.04.03	05:33:48.989	0.69065	0.69069			6
2026.04.03	05:33:49.289	0.69066	0.69070			6
2026.04.03	05:33:49.593	0.69065	0.69069			6
2026.04.03	05:33:50.494	0.69066	0.69070			6
2026.04.03	05:33:51.395	0.69065	0.69069			6
2026.04.03	05:33:56.803	0.69066	0.69070			6
2026.04.03	05:34:00.115	0.69066				2
2026.04.03	05:34:18.150	0.69064	0.69068			6
2026.04.03	05:34:23.258	0.69065	0.69069			6
2026.04.03	05:34:23.557	0.69066	0.69070			6
2026.04.03	05:35:00.246	0.69066				2
2026.04.03	05:35:15.281	0.69065	0.69069			6
2026.04.03	05:35:30.317	0.69066	0.69070			6
2026.04.03	05:35:31.218	0.69065	0.69069			6
2026.04.03	05:35:48.661		0.69068			4
2026.04.03	05:35:50.163		0.69069			4
2026.04.03	05:35:56.177	0.69066	0.69070			6
2026.04.03	05:36:00.085	0.69066				2
2026.04.03	05:36:09.102	0.69067	0.69071			6
2026.04.03	05:36:17.518	0.69068				2
2026.04.03	05:36:17.816		0.69072			4
2026.04.03	05:36:30.741	0.69070	0.69074			6
2026.04.03	05:36:40.978	0.69069	0.69073			6
2026.04.03	05:37:00.222	0.69069				2
2026.04.03	05:37:37.826	0.69067	0.69071			6
2026.04.03	05:37:39.331	0.69066	0.69070			6
2026.04.03	05:38:00.083	0.69066				2
2026.04.03	05:38:02.482	0.69065	0.69069			6
2026.04.03	05:38:27.761	0.69063	0.69067			6
2026.04.03	05:38:28.062	0.69064	0.69068			6
2026.04.03	05:38:29.262	0.69063	0.69067			6
2026.04.03	05:38:29.567	0.69062	0.69066			6
2026.04.03	05:38:31.376	0.69063	0.69067			6
2026.04.03	05:38:31.675	0.69064	0.69068			6
2026.04.03	05:38:45.210	0.69063	0.69067			6
2026.04.03	05:38:47.018	0.69064	0.69068			6
2026.04.03	05:39:00.240	0.69064				2
2026.04.03	05:39:12.264	0.69063	0.69067			6
2026.04.03	05:39:12.563	0.69062	0.69066			6
2026.04.03	05:40:00.087	0.69062				2
2026.04.03	05:40:12.731		0.69066			4
2026.04.03	05:40:16.640	0.69059	0.69063			6
2026.04.03	05:40:17.541	0.69060				2
2026.04.03	05:40:20.251	0.69059				2
2026.04.03	05:40:22.356	0.69060				2
2026.04.03	05:41:00.232	0.69060				2
2026.04.03	05:41:07.142	0.69059				2
2026.04.03	05:41:08.346	0.69060				2
2026.04.03	05:41:14.666	0.69059				2
2026.04.03	05:41:15.866	0.69060				2
2026.04.03	05:41:16.768		0.69063			4
2026.04.03	05:41:20.673	0.69059				2
2026.04.03	05:41:22.479	0.69058	0.69062			6
2026.04.03	05:41:22.780	0.69056	0.69060			6
2026.04.03	05:41:30.602	0.69055	0.69059			6
2026.04.03	05:42:00.059	0.69055				2
2026.04.03	05:42:03.364	0.69058	0.69062			6
2026.04.03	05:42:03.663	0.69060	0.69063			6
2026.04.03	05:42:10.578	0.69058	0.69062			6
2026.04.03	05:42:16.588	0.69059	0.69063			6
2026.04.03	05:42:16.890	0.69058	0.69062			6
2026.04.03	05:42:20.493	0.69059				2
2026.04.03	05:42:20.792	0.69058				2
2026.04.03	05:42:22.297	0.69059				2
2026.04.03	05:42:22.599	0.69060	0.69064			6
2026.04.03	05:42:28.607	0.69058	0.69062			6
2026.04.03	05:42:34.923	0.69059	0.69063			6
2026.04.03	05:42:42.147	0.69061				2
2026.04.03	05:42:42.448	0.69065	0.69069			6
2026.04.03	05:42:42.749	0.69066				2
2026.04.03	05:42:43.053	0.69065				2
2026.04.03	05:42:43.350	0.69067				2
2026.04.03	05:42:43.652	0.69065	0.69068			6
2026.04.03	05:42:43.951	0.69066	0.69069			6
2026.04.03	05:42:44.252	0.69065	0.69068			6
2026.04.03	05:42:44.551	0.69066	0.69069			6
2026.04.03	05:42:44.855	0.69065				2
2026.04.03	05:42:45.156	0.69067				2
2026.04.03	05:42:45.456	0.69065				2
2026.04.03	05:42:49.077	0.69064	0.69067			6
2026.04.03	05:42:49.377	0.69059	0.69062			6
2026.04.03	05:42:49.677	0.69058				2
2026.04.03	05:42:49.977	0.69055	0.69059			6
2026.04.03	05:42:52.379	0.69057	0.69061			6
2026.04.03	05:43:00.191	0.69057				2
2026.04.03	05:43:24.567	0.69056	0.69060			6
2026.04.03	05:44:00.055	0.69056				2
2026.04.03	05:44:01.253		0.69059			4
2026.04.03	05:44:01.555	0.69055				2
2026.04.03	05:44:03.656	0.69056				2
2026.04.03	05:44:03.957	0.69054	0.69058			6
2026.04.03	05:44:04.259	0.69053	0.69057			6
2026.04.03	05:44:14.185	0.69051	0.69055			6
2026.04.03	05:44:15.087	0.69050	0.69054			6
2026.04.03	05:44:37.058	0.69051				2
2026.04.03	05:44:37.358		0.69055			4
2026.04.03	05:44:41.874	0.69052	0.69056			6
2026.04.03	05:44:53.603	0.69053	0.69057			6
2026.04.03	05:45:00.220	0.69053				2
2026.04.03	05:45:02.626	0.69054	0.69058			6
2026.04.03	05:45:02.924	0.69057	0.69061			6
2026.04.03	05:45:20.656	0.69058	0.69062			6
2026.04.03	05:45:37.505	0.69057	0.69061			6
2026.04.03	05:45:46.819	0.69062	0.69066			6
2026.04.03	05:45:47.122	0.69063	0.69067			6
2026.04.03	05:45:48.021	0.69061	0.69065			6
2026.04.03	05:46:00.059	0.69061				2
2026.04.03	05:46:19.307	0.69062	0.69066			6
2026.04.03	05:46:31.330	0.69061	0.69065			6
2026.04.03	05:46:31.633	0.69059	0.69063			6
2026.04.03	05:46:31.932		0.69062			4
2026.04.03	05:46:32.232		0.69063			4
2026.04.03	05:46:32.532	0.69060	0.69064			6
2026.04.03	05:46:38.554	0.69059	0.69063			6
2026.04.03	05:46:46.981	0.69057	0.69061			6
2026.04.03	05:47:00.232	0.69057				2
2026.04.03	05:47:00.834	0.69058	0.69062			6
2026.04.03	05:47:03.833	0.69059	0.69063			6
2026.04.03	05:47:09.851	0.69058	0.69062			6
2026.04.03	05:47:14.057	0.69059	0.69063			6
2026.04.03	05:47:21.878	0.69058	0.69062			6
2026.04.03	05:47:27.886	0.69059	0.69063			6
2026.04.03	05:47:36.305	0.69058	0.69062			6
2026.04.03	05:48:00.069	0.69058				2
2026.04.03	05:48:01.274	0.69059	0.69063			6
2026.04.03	05:48:01.575	0.69060	0.69064			6
2026.04.03	05:48:27.444	0.69059	0.69063			6
2026.04.03	05:48:28.048	0.69058	0.69062			6
2026.04.03	05:48:30.454	0.69060	0.69064			6
2026.04.03	05:48:40.378	0.69059	0.69063			6
2026.04.03	05:48:56.329	0.69060	0.69064			6
2026.04.03	05:49:00.237	0.69060				2
2026.04.03	05:49:12.277	0.69059	0.69063			6
2026.04.03	05:49:12.878	0.69060	0.69064			6
2026.04.03	05:49:39.641	0.69063	0.69067			6
2026.04.03	05:49:55.285	0.69062	0.69066			6
2026.04.03	05:50:00.100	0.69062				2
2026.04.03	05:50:01.606	0.69063	0.69067			6
2026.04.03	05:50:01.907	0.69062	0.69066			6
2026.04.03	05:50:02.506	0.69063	0.69067			6
2026.04.03	05:50:02.807	0.69065	0.69069			6
2026.04.03	05:50:04.607		0.69068			4
2026.04.03	05:50:04.906		0.69069			4
2026.04.03	05:50:07.914	0.69066	0.69070			6
2026.04.03	05:50:11.823	0.69065	0.69069			6
2026.04.03	05:50:20.858	0.69067	0.69071			6
2026.04.03	05:50:26.878	0.69066	0.69070			6
2026.04.03	05:50:31.087	0.69067	0.69071			6
2026.04.03	05:50:34.396		0.69070			4
2026.04.03	05:50:35.295	0.69066				2
2026.04.03	05:50:45.507	0.69067	0.69071			6
2026.04.03	05:50:52.418		0.69070			4
2026.04.03	05:50:54.224		0.69071			4
2026.04.03	05:50:55.731		0.69070			4
2026.04.03	05:50:56.331		0.69071			4
2026.04.03	05:51:00.238	0.69067				2
2026.04.03	05:51:03.847		0.69070			4
2026.04.03	05:51:09.863	0.69066				2
2026.04.03	05:51:17.978	0.69067	0.69071			6
2026.04.03	05:51:20.387	0.69068	0.69072			6
2026.04.03	05:51:21.890	0.69066	0.69070			6
2026.04.03	05:51:29.706	0.69067	0.69071			6
2026.04.03	05:51:41.129	0.69068	0.69072			6
2026.04.03	05:51:50.147	0.69067	0.69071			6
2026.04.03	05:51:56.170	0.69068	0.69072			6
2026.04.03	05:52:00.083	0.69067	0.69071			6
2026.04.03	05:52:01.586	0.69068	0.69072			6
2026.04.03	05:52:03.087	0.69071	0.69075			6
2026.04.03	05:52:16.632	0.69070	0.69074			6
2026.04.03	05:52:26.263	0.69071				2
2026.04.03	05:52:38.603		0.69075			4
2026.04.03	05:52:45.517	0.69072	0.69076			6
2026.04.03	05:53:00.270	0.69072				2
2026.04.03	05:53:01.166	0.69076	0.69080			6
2026.04.03	05:53:01.467	0.69077	0.69081			6
2026.04.03	05:53:04.776	0.69076	0.69080			6
2026.04.03	05:53:14.403		0.69078			4
2026.04.03	05:53:21.616	0.69074	0.69076			6
2026.04.03	05:53:24.319		0.69078			4
2026.04.03	05:53:30.332	0.69073	0.69076			6
2026.04.03	05:53:30.932	0.69072	0.69074			6
2026.04.03	05:53:31.535		0.69076			4
2026.04.03	05:53:36.653	0.69073				2
2026.04.03	05:53:37.853	0.69075	0.69079			6
2026.04.03	05:53:38.154	0.69076	0.69080			6
2026.04.03	05:53:47.174	0.69082	0.69086			6
2026.04.03	05:53:47.474	0.69085	0.69089			6
2026.04.03	05:53:48.674	0.69086	0.69090			6
2026.04.03	05:53:48.974	0.69085	0.69089			6
2026.04.03	05:53:49.276	0.69086	0.69090			6
2026.04.03	05:53:51.680	0.69085	0.69089			6
2026.04.03	05:54:00.091	0.69085				2
2026.04.03	05:54:00.697	0.69084	0.69088			6
2026.04.03	05:54:00.996	0.69085	0.69089			6
2026.04.03	05:54:33.739	0.69084	0.69088			6
2026.04.03	05:54:38.847	0.69077	0.69081			6
2026.04.03	05:54:45.467	0.69078	0.69082			6
2026.04.03	05:54:45.766	0.69077	0.69081			6
2026.04.03	05:54:48.769	0.69080	0.69084			6
2026.04.03	05:55:00.201	0.69080				2
2026.04.03	05:55:34.475	0.69082	0.69086			6
2026.04.03	05:55:34.773	0.69083	0.69087			6
2026.04.03	05:55:39.879	0.69084	0.69088			6
2026.04.03	05:55:42.885	0.69083	0.69087			6
2026.04.03	05:55:45.292	0.69084	0.69088			6
2026.04.03	05:55:45.596	0.69083	0.69087			6
2026.04.03	05:55:56.415	0.69084	0.69088			6
2026.04.03	05:55:59.118	0.69083	0.69087			6
2026.04.03	05:56:00.020	0.69083				2
2026.04.03	05:56:00.320	0.69084	0.69088			6
2026.04.03	05:56:01.825	0.69083	0.69087			6
2026.04.03	05:56:02.122	0.69084	0.69088			6
2026.04.03	05:56:18.075	0.69083	0.69087			6
2026.04.03	05:56:24.684	0.69084	0.69088			6
2026.04.03	05:56:26.185	0.69083	0.69087			6
2026.04.03	05:56:27.087	0.69084	0.69088			6
2026.04.03	05:56:45.425	0.69083	0.69087			6
2026.04.03	05:56:46.626		0.69086			4
2026.04.03	05:56:48.132		0.69087			4
2026.04.03	05:56:50.538	0.69084	0.69088			6
2026.04.03	05:57:00.160	0.69084				2
2026.04.03	05:57:01.062	0.69083	0.69087			6
2026.04.03	05:57:02.569		0.69086			4
2026.04.03	05:57:06.477		0.69087			4
2026.04.03	05:57:09.785		0.69086			4
2026.04.03	05:57:11.587	0.69082				2
2026.04.03	05:57:26.317	0.69083				2
2026.04.03	05:57:27.218	0.69082				2
2026.04.03	05:57:27.819	0.69083				2
2026.04.03	05:57:28.121	0.69081	0.69085			6
2026.04.03	05:57:28.419	0.69082				2
2026.04.03	05:57:28.722	0.69083	0.69087			6
2026.04.03	05:57:31.423	0.69082	0.69086			6
2026.04.03	05:57:31.726	0.69083	0.69087			6
2026.04.03	05:57:33.525	0.69082	0.69086			6
2026.04.03	05:57:34.126	0.69083	0.69087			6
2026.04.03	05:57:34.426	0.69082	0.69086			6
2026.04.03	05:58:00.013	0.69082				2
2026.04.03	05:58:08.120	0.69083				2
2026.04.03	05:58:15.035	0.69084	0.69087			6
2026.04.03	05:58:20.767	0.69083				2
2026.04.03	05:58:48.723	0.69082	0.69086			6
2026.04.03	05:58:49.025	0.69081	0.69085			6
2026.04.03	05:58:53.534	0.69079	0.69083			6
2026.04.03	05:58:53.834	0.69078	0.69082			6
2026.04.03	05:58:54.434	0.69077	0.69081			6
2026.04.03	05:59:00.155	0.69077				2
2026.04.03	05:59:15.792	0.69078				2
2026.04.03	05:59:16.092	0.69077				2
2026.04.03	05:59:20.297	0.69078				2
2026.04.03	05:59:20.898	0.69079				2
2026.04.03	05:59:24.808	0.69078				2
2026.04.03	05:59:30.218	0.69077				2
2026.04.03	05:59:54.577		0.69081			4
2026.04.03	06:00:00.284	0.69077				2
2026.04.03	06:00:01.490	0.69078				2
2026.04.03	06:00:06.295		0.69082			4
2026.04.03	06:00:06.592		0.69081			4
2026.04.03	06:00:12.006	0.69077				2
2026.04.03	06:00:18.321	0.69078				2
2026.04.03	06:00:18.923	0.69077				2
2026.04.03	06:00:19.824	0.69078				2
2026.04.03	06:00:20.425	0.69079				2
2026.04.03	06:00:22.229	0.69078				2
2026.04.03	06:00:22.533	0.69077				2
2026.04.03	06:01:00.130	0.69077				2
2026.04.03	06:01:00.732	0.69078				2
2026.04.03	06:01:04.337	0.69077				2
2026.04.03	06:01:06.749		0.69081			4
2026.04.03	06:01:09.457	0.69078				2
2026.04.03	06:01:10.655	0.69077				2
2026.04.03	06:01:16.368	0.69078				2
2026.04.03	06:01:16.671	0.69077				2
2026.04.03	06:01:28.685	0.69078				2
2026.04.03	06:01:30.190	0.69077				2
2026.04.03	06:01:33.492	0.69078				2
2026.04.03	06:01:34.096	0.69077				2
2026.04.03	06:01:45.212	0.69078				2
2026.04.03	06:01:59.333	0.69077				2
2026.04.03	06:02:00.238	0.69077				2
2026.04.03	06:02:06.851		0.69081			4
2026.04.03	06:02:08.055	0.69078				2
2026.04.03	06:02:11.962	0.69077				2
2026.04.03	06:02:30.608	0.69078				2
2026.04.03	06:02:30.908	0.69077				2
2026.04.03	06:02:56.771	0.69078				2
2026.04.03	06:03:00.081	0.69077				2
2026.04.03	06:03:06.685	0.69078				2
2026.04.03	06:03:06.986		0.69081			4
2026.04.03	06:03:10.301	0.69077				2
2026.04.03	06:03:39.154	0.69078				2
2026.04.03	06:04:00.204	0.69078				2
2026.04.03	06:04:02.606	0.69077				2
2026.04.03	06:04:05.609	0.69078				2
2026.04.03	06:04:07.113		0.69081			4
2026.04.03	06:05:00.026	0.69078				2
2026.04.03	06:05:00.933	0.69077				2
2026.04.03	06:05:07.260		0.69081			4
2026.04.03	06:05:31.332	0.69078	0.69082			6
2026.04.03	06:05:35.851	0.69079				2
2026.04.03	06:05:49.686	0.69080				2
2026.04.03	06:05:49.990	0.69079				2
2026.04.03	06:05:55.701	0.69081	0.69085			6
2026.04.03	06:06:00.211	0.69081				2
2026.04.03	06:06:04.417	0.69083				2
2026.04.03	06:06:11.026	0.69081				2
2026.04.03	06:06:31.179		0.69084			4
2026.04.03	06:06:31.479		0.69083			4
2026.04.03	06:06:33.888	0.69078	0.69082			6
2026.04.03	06:06:43.801	0.69079				2
2026.04.03	06:06:55.825	0.69077	0.69081			6
2026.04.03	06:07:00.033	0.69077				2
2026.04.03	06:07:02.435	0.69079	0.69082			6
2026.04.03	06:07:05.738		0.69083			4
2026.04.03	06:07:06.944	0.69078	0.69082			6
2026.04.03	06:07:10.555		0.69081			4
2026.04.03	06:07:10.852		0.69082			4
2026.04.03	06:07:11.154	0.69079	0.69083			6
2026.04.03	06:07:12.054	0.69082	0.69085			6
2026.04.03	06:07:12.354	0.69083	0.69087			6
2026.04.03	06:07:13.856	0.69085	0.69089			6
2026.04.03	06:07:24.683	0.69090	0.69094			6
2026.04.03	06:07:28.903	0.69089	0.69093			6
2026.04.03	06:08:00.175	0.69089				2
2026.04.03	06:08:01.377	0.69083	0.69087			6
2026.04.03	06:08:02.277	0.69084				2
2026.04.03	06:08:02.577	0.69083				2
2026.04.03	06:08:03.179	0.69084	0.69088			6
2026.04.03	06:08:04.980		0.69087			4
2026.04.03	06:08:07.384	0.69083				2
2026.04.03	06:08:10.401	0.69084				2
2026.04.03	06:08:14.911	0.69087	0.69091			6
2026.04.03	06:08:17.919		0.69090			4
2026.04.03	06:08:19.120		0.69091			4
2026.04.03	06:08:19.420		0.69090			4
2026.04.03	06:08:27.832		0.69091			4
2026.04.03	06:08:29.938	0.69088	0.69092			6
2026.04.03	06:08:30.240	0.69087	0.69090			6
2026.04.03	06:08:32.342		0.69091			4
2026.04.03	06:08:35.955	0.69088	0.69092			6
2026.04.03	06:08:38.360	0.69087	0.69091			6
2026.04.03	06:08:46.782	0.69088				2
2026.04.03	06:08:47.083	0.69087				2
2026.04.03	06:08:47.983	0.69088				2
2026.04.03	06:08:48.584	0.69087				2
2026.04.03	06:09:00.011	0.69087				2
2026.04.03	06:09:04.821	0.69086	0.69090			6
2026.04.03	06:09:06.624		0.69089			4
2026.04.03	06:09:09.633	0.69084	0.69088			6
2026.04.03	06:09:21.662	0.69085	0.69089			6
2026.04.03	06:09:43.912	0.69084	0.69088			6
2026.04.03	06:10:00.160	0.69084				2
2026.04.03	06:10:32.318	0.69085				2
2026.04.03	06:10:34.423	0.69084				2
2026.04.03	06:10:44.054		0.69088			4
2026.04.03	06:10:51.876	0.69085				2
2026.04.03	06:10:52.176	0.69084				2
2026.04.03	06:11:00.297	0.69084				2
2026.04.03	06:11:02.702	0.69083	0.69087			6
2026.04.03	06:12:00.171	0.69083				2
2026.04.03	06:12:02.876		0.69087			4
2026.04.03	06:13:00.026	0.69083				2
2026.04.03	06:13:03.037		0.69087			4
2026.04.03	06:13:13.863	0.69081	0.69085			6
2026.04.03	06:13:50.575	0.69082				2
2026.04.03	06:13:55.393	0.69081				2
2026.04.03	06:13:58.404	0.69082				2
2026.04.03	06:14:00.207	0.69082				2
2026.04.03	06:14:01.410	0.69081				2
2026.04.03	06:14:05.011	0.69082				2
2026.04.03	06:14:05.313	0.69083				2
2026.04.03	06:14:05.616		0.69086			4
2026.04.03	06:14:05.915	0.69082				2
2026.04.03	06:14:08.919		0.69085			4
2026.04.03	06:14:10.120		0.69086			4
2026.04.03	06:14:11.323	0.69083	0.69087			6
2026.04.03	06:15:00.058	0.69083				2
2026.04.03	06:15:00.359	0.69087	0.69091			6
2026.04.03	06:15:00.659	0.69086	0.69090			6
2026.04.03	06:15:02.466	0.69088	0.69092			6
2026.04.03	06:15:03.369	0.69087	0.69091			6
2026.04.03	06:15:13.901	0.69088	0.69092			6
2026.04.03	06:15:14.203	0.69087	0.69091			6
2026.04.03	06:15:16.907	0.69089	0.69093			6
2026.04.03	06:15:24.423	0.69090				2
2026.04.03	06:15:31.032		0.69092			4
2026.04.03	06:15:33.442	0.69088				2
2026.04.03	06:15:34.944	0.69087	0.69091			6
2026.04.03	06:15:35.849	0.69086	0.69090			6
2026.04.03	06:15:53.625	0.69087				2
2026.04.03	06:15:53.924	0.69086				2
2026.04.03	06:15:54.229	0.69087				2
2026.04.03	06:15:54.527	0.69086				2
2026.04.03	06:15:54.830	0.69087	0.69089			6
2026.04.03	06:15:55.129	0.69085				2
2026.04.03	06:15:55.434	0.69087				2
2026.04.03	06:15:55.730	0.69085				2
2026.04.03	06:15:56.033	0.69087				2
2026.04.03	06:15:56.331	0.69085				2
2026.04.03	06:15:56.634	0.69087				2
2026.04.03	06:15:56.933	0.69085				2
2026.04.03	06:16:00.240	0.69085				2
2026.04.03	06:16:21.588	0.69086	0.69090			6
2026.04.03	06:16:45.936	0.69085	0.69089			6
2026.04.03	06:16:48.039	0.69086	0.69090			6
2026.04.03	06:16:48.340	0.69085	0.69089			6
2026.04.03	06:16:48.941	0.69086				2
2026.04.03	06:16:49.239	0.69085				2
2026.04.03	06:16:49.538	0.69086	0.69090			6
2026.04.03	06:16:56.152	0.69085	0.69089			6
2026.04.03	06:16:56.453	0.69086				2
2026.04.03	06:16:56.758	0.69085				2
2026.04.03	06:16:57.956	0.69086				2
2026.04.03	06:16:58.560	0.69085				2
2026.04.03	06:17:00.062	0.69085				2
2026.04.03	06:17:21.418	0.69086	0.69090			6
2026.04.03	06:17:22.322	0.69085	0.69089			6
2026.04.03	06:17:23.824	0.69086	0.69090			6
2026.04.03	06:17:25.023	0.69085	0.69089			6
2026.04.03	06:17:28.933	0.69086				2
2026.04.03	06:17:29.233	0.69085				2
2026.04.03	06:17:29.534	0.69081	0.69084			6
2026.04.03	06:17:29.833	0.69080				2
2026.04.03	06:18:00.227	0.69080				2
2026.04.03	06:18:05.339	0.69084	0.69088			6
2026.04.03	06:19:00.082	0.69084				2
2026.04.03	06:19:05.492		0.69088			4
2026.04.03	06:19:12.712	0.69083	0.69087			6
2026.04.03	06:19:17.222	0.69082	0.69086			6
2026.04.03	06:19:52.112	0.69081	0.69085			6
2026.04.03	06:20:00.236	0.69081				2
2026.04.03	06:20:00.533	0.69083	0.69086			6
2026.04.03	06:20:03.537		0.69087			4
2026.04.03	06:20:04.437		0.69086			4
2026.04.03	06:20:24.303		0.69085			4
2026.04.03	06:20:26.111	0.69082				2
2026.04.03	06:20:27.616	0.69083				2
2026.04.03	06:20:33.346		0.69087			4
2026.04.03	06:20:38.754	0.69084				2
2026.04.03	06:20:42.676	0.69083				2
2026.04.03	06:21:00.116	0.69083				2
2026.04.03	06:21:00.718		0.69086			4
2026.04.03	06:21:02.522		0.69087			4
2026.04.03	06:22:00.259	0.69083				2
2026.04.03	06:22:02.668		0.69087			4
2026.04.03	06:22:04.171	0.69082	0.69086			6
2026.04.03	06:22:09.878	0.69083	0.69087			6
2026.04.03	06:22:26.717	0.69084				2
2026.04.03	06:22:29.421	0.69083				2
2026.04.03	06:22:30.923	0.69082	0.69086			6
2026.04.03	06:22:45.362	0.69083	0.69087			6
2026.04.03	06:22:47.772	0.69079	0.69083			6
2026.04.03	06:22:55.889	0.69080	0.69084			6
2026.04.03	06:23:00.103	0.69080				2
2026.04.03	06:23:04.015	0.69081	0.69085			6
2026.04.03	06:23:51.251	0.69080	0.69084			6
2026.04.03	06:24:00.274	0.69080				2
2026.04.03	06:24:05.082	0.69079	0.69083			6
2026.04.03	06:24:19.217	0.69081	0.69084			6
2026.04.03	06:24:28.831	0.69078	0.69082			6
2026.04.03	06:24:32.143	0.69077	0.69081			6
2026.04.03	06:24:33.949	0.69078				2
2026.04.03	06:24:35.454		0.69082			4
2026.04.03	06:25:00.131	0.69078				2
2026.04.03	06:25:28.405		0.69081			4
2026.04.03	06:25:28.706		0.69082			4
2026.04.03	06:26:00.277	0.69078				2
2026.04.03	06:26:28.842		0.69082			4
2026.04.03	06:27:00.100	0.69078				2
2026.04.03	06:27:20.255	0.69077	0.69081			6
2026.04.03	06:27:26.878	0.69078				2
2026.04.03	06:27:32.597	0.69079				2
2026.04.03	06:27:38.314	0.69078				2
2026.04.03	06:27:45.539	0.69077				2
2026.04.03	06:27:47.346	0.69076	0.69079			6
2026.04.03	06:27:47.650	0.69073	0.69077			6
2026.04.03	06:27:51.855	0.69074	0.69078			6
2026.04.03	06:28:00.279	0.69074				2
2026.04.03	06:28:21.019	0.69075				2
2026.04.03	06:28:37.257		0.69079			4
2026.04.03	06:28:49.281	0.69074	0.69078			6
2026.04.03	06:29:00.110	0.69074				2
2026.04.03	06:29:00.707	0.69075				2
2026.04.03	06:29:10.933	0.69074	0.69077			6
2026.04.03	06:29:11.232		0.69078			4
2026.04.03	06:29:16.346	0.69075	0.69079			6
2026.04.03	06:29:32.284	0.69074	0.69077			6
2026.04.03	06:29:38.602	0.69075	0.69079			6
2026.04.03	06:30:00.233	0.69075				2
2026.04.03	06:30:02.338	0.69076	0.69080			6
2026.04.03	06:30:14.680	0.69075	0.69079			6
2026.04.03	06:30:14.982		0.69078			4
2026.04.03	06:30:24.603		0.69079			4
2026.04.03	06:30:26.706	0.69076	0.69080			6
2026.04.03	06:30:41.446	0.69075	0.69079			6
2026.04.03	06:31:00.101	0.69075				2
2026.04.03	06:31:25.355	0.69076	0.69080			6
2026.04.03	06:31:31.067		0.69079			4
2026.04.03	06:31:37.087		0.69080			4
2026.04.03	06:31:50.014	0.69077	0.69081			6
2026.04.03	06:31:59.024	0.69079	0.69083			6
2026.04.03	06:32:00.227	0.69079				2
2026.04.03	06:32:10.158	0.69078	0.69082			6
2026.04.03	06:33:00.105	0.69078				2
2026.04.03	06:33:02.208	0.69079	0.69083			6
2026.04.03	06:33:04.309	0.69081				2
2026.04.03	06:33:13.931	0.69079				2
2026.04.03	06:33:30.779	0.69081	0.69085			6
2026.04.03	06:34:00.236	0.69081				2
2026.04.03	06:34:24.018	0.69079	0.69083			6
2026.04.03	06:35:00.110	0.69079				2
2026.04.03	06:35:03.119	0.69080	0.69084			6
2026.04.03	06:35:08.528	0.69081	0.69085			6
2026.04.03	06:35:20.864	0.69080	0.69084			6
2026.04.03	06:35:42.215	0.69081	0.69085			6
2026.04.03	06:36:00.268	0.69082				2
2026.04.03	06:36:00.560	0.69084	0.69088			6
2026.04.03	06:37:00.111	0.69084				2
2026.04.03	06:37:00.712		0.69088			4
2026.04.03	06:37:02.815	0.69082	0.69086			6
2026.04.03	06:37:16.044	0.69083	0.69087			6
2026.04.03	06:37:20.867	0.69082	0.69086			6
2026.04.03	06:37:32.297	0.69083	0.69087			6
2026.04.03	06:37:40.116	0.69082	0.69086			6
2026.04.03	06:38:00.273	0.69082				2
2026.04.03	06:38:00.574	0.69083	0.69087			6
2026.04.03	06:38:10.499	0.69080	0.69083			6
2026.04.03	06:38:10.797	0.69078	0.69082			6
2026.04.03	06:38:27.032	0.69079				2
2026.04.03	06:38:34.265	0.69078				2
2026.04.03	06:39:00.128	0.69078				2
2026.04.03	06:39:10.957		0.69082			4
2026.04.03	06:39:14.875	0.69079	0.69083			6
2026.04.03	06:39:46.731	0.69078	0.69082			6
2026.04.03	06:40:00.278	0.69078				2
2026.04.03	06:40:06.885		0.69081			4
2026.04.03	06:40:29.140		0.69082			4
2026.04.03	06:40:40.578		0.69081			4
2026.04.03	06:40:45.385		0.69082			4
2026.04.03	06:40:46.888		0.69081			4
2026.04.03	06:40:55.907		0.69082			4
2026.04.03	06:40:57.712	0.69079	0.69083			6
2026.04.03	06:41:00.119	0.69079				2
2026.04.03	06:41:05.833	0.69072	0.69076			6
2026.04.03	06:42:00.267	0.69072				2
2026.04.03	06:42:05.989		0.69076			4
2026.04.03	06:42:08.092	0.69070	0.69074			6
2026.04.03	06:42:15.316	0.69072	0.69076			6
2026.04.03	06:42:27.341	0.69071	0.69075			6
2026.04.03	06:42:27.644	0.69072	0.69076			6
2026.04.03	06:43:00.131	0.69072				2
2026.04.03	06:43:13.071	0.69073	0.69077			6
2026.04.03	06:43:23.886	0.69074				2
2026.04.03	06:43:37.424	0.69073				2
2026.04.03	06:43:37.724	0.69072	0.69076			6
2026.04.03	06:43:46.451	0.69071	0.69075			6
2026.04.03	06:44:00.296	0.69071				2
2026.04.03	06:44:02.400	0.69072	0.69076			6
2026.04.03	06:44:49.901	0.69073	0.69077			6
2026.04.03	06:44:56.807	0.69074	0.69078			6
2026.04.03	06:45:00.115	0.69074				2
2026.04.03	06:45:06.132	0.69073	0.69077			6
2026.04.03	06:45:06.434	0.69072	0.69076			6
2026.04.03	06:45:24.783	0.69071	0.69074			6
2026.04.03	06:45:26.888		0.69075			4
2026.04.03	06:45:29.897		0.69074			4
2026.04.03	06:45:32.604		0.69075			4
2026.04.03	06:45:35.918	0.69072	0.69076			6
2026.04.03	06:45:41.932		0.69075			4
2026.04.03	06:46:00.003	0.69072				2
2026.04.03	06:46:17.432	0.69071				2
2026.04.03	06:46:42.089	0.69072	0.69076			6
2026.04.03	06:46:42.389	0.69071	0.69075			6
2026.04.03	06:47:00.127	0.69071				2
2026.04.03	06:47:02.231	0.69072	0.69076			6
2026.04.03	06:47:04.035	0.69071	0.69075			6
2026.04.03	06:47:04.938	0.69072	0.69076			6
2026.04.03	06:47:08.245		0.69075			4
2026.04.03	06:47:28.100	0.69071				2
2026.04.03	06:47:39.824	0.69073	0.69076			6
2026.04.03	06:47:45.241	0.69071	0.69075			6
2026.04.03	06:47:49.153	0.69072	0.69076			6
2026.04.03	06:48:00.290	0.69072				2
2026.04.03	06:48:18.348	0.69071	0.69075			6
2026.04.03	06:49:00.158	0.69071				2
2026.04.03	06:49:05.277		0.69074			4
2026.04.03	06:49:05.576		0.69075			4
2026.04.03	06:49:08.880		0.69074			4
2026.04.03	06:49:09.178		0.69075			4
2026.04.03	06:49:09.477		0.69074			4
2026.04.03	06:49:09.778		0.69075			4
2026.04.03	06:49:10.380		0.69074			4
2026.04.03	06:49:10.679		0.69075			4
2026.04.03	06:49:10.981		0.69074			4
2026.04.03	06:49:11.281		0.69075			4
2026.04.03	06:49:11.581		0.69074			4
2026.04.03	06:49:11.882		0.69075			4
2026.04.03	06:49:12.182		0.69074			4
2026.04.03	06:49:12.783		0.69075			4
2026.04.03	06:49:23.302	0.69072	0.69076			6
2026.04.03	06:49:23.902	0.69073	0.69077			6
2026.04.03	06:49:38.927		0.69076			4
2026.04.03	06:49:57.576		0.69077			4
2026.04.03	06:49:57.878		0.69076			4
2026.04.03	06:50:00.291	0.69073				2
2026.04.03	06:50:13.524		0.69077			4
2026.04.03	06:50:25.856	0.69074	0.69078			6
2026.04.03	06:50:31.874	0.69073	0.69077			6
2026.04.03	06:50:40.886		0.69076			4
2026.04.03	06:50:44.500		0.69077			4
2026.04.03	06:51:00.139	0.69073				2
2026.04.03	06:51:00.443	0.69072	0.69076			6
2026.04.03	06:51:10.356	0.69071	0.69075			6
2026.04.03	06:51:12.159	0.69072	0.69076			6
2026.04.03	06:51:20.580	0.69071	0.69075			6
2026.04.03	06:51:22.686	0.69070	0.69074			6
2026.04.03	06:51:29.601	0.69069	0.69073			6
2026.04.03	06:51:43.425	0.69070	0.69074			6
2026.04.03	06:51:44.328	0.69069	0.69072			6
2026.04.03	06:51:44.630	0.69068				2
2026.04.03	06:51:45.230	0.69066	0.69069			6
2026.04.03	06:51:52.747		0.69070			4
2026.04.03	06:51:53.049	0.69067	0.69071			6
2026.04.03	06:51:54.555	0.69068	0.69070			6
2026.04.03	06:52:00.267	0.69068				2
2026.04.03	06:52:02.070	0.69065	0.69069			6
2026.04.03	06:52:13.490	0.69064	0.69068			6
2026.04.03	06:52:22.209	0.69063	0.69067			6
2026.04.03	06:52:26.721	0.69064	0.69068			6
2026.04.03	06:52:30.323	0.69063	0.69067			6
2026.04.03	06:52:36.944	0.69064				2
2026.04.03	06:52:37.247		0.69068			4
2026.04.03	06:52:41.757		0.69067			4
2026.04.03	06:52:42.056	0.69063				2
2026.04.03	06:52:52.277	0.69058	0.69060			6
2026.04.03	06:52:53.480		0.69061			4
2026.04.03	06:52:56.789	0.69057				2
2026.04.03	06:53:00.104	0.69057				2
2026.04.03	06:53:20.554	0.69058				2
2026.04.03	06:53:37.699		0.69060			4
2026.04.03	06:53:38.002	0.69057				2
2026.04.03	06:53:53.354		0.69061			4
2026.04.03	06:53:53.654	0.69054	0.69057			6
2026.04.03	06:54:00.278	0.69054				2
2026.04.03	06:54:03.586		0.69058			4
2026.04.03	06:54:08.999	0.69055	0.69059			6
2026.04.03	06:54:09.299	0.69054	0.69058			6
2026.04.03	06:54:10.199	0.69055	0.69059			6
2026.04.03	06:54:10.499	0.69054	0.69056			6
2026.04.03	06:54:16.517		0.69057			4
2026.04.03	06:54:18.923	0.69055	0.69058			6
2026.04.03	06:54:23.739		0.69057			4
2026.04.03	06:54:29.756	0.69054				2
2026.04.03	06:54:32.161		0.69058			4
2026.04.03	06:54:33.362		0.69057			4
2026.04.03	06:54:54.719		0.69058			4
2026.04.03	06:55:00.126	0.69054				2
2026.04.03	06:55:03.434	0.69055				2
2026.04.03	06:55:08.551	0.69054	0.69056			6
2026.04.03	06:55:10.959		0.69057			4
2026.04.03	06:55:11.259		0.69056			4
2026.04.03	06:55:13.667		0.69057			4
2026.04.03	06:55:18.778	0.69055	0.69058			6
2026.04.03	06:55:26.598	0.69056	0.69059			6
2026.04.03	06:55:28.404	0.69057	0.69060			6
2026.04.03	06:55:31.108		0.69059			4
2026.04.03	06:55:35.016		0.69061			4
2026.04.03	06:55:36.519	0.69058				2
2026.04.03	06:55:38.323		0.69062			4
2026.04.03	06:55:40.429		0.69061			4
2026.04.03	06:55:44.642	0.69059	0.69062			6
2026.04.03	06:55:44.940		0.69063			4
2026.04.03	06:55:45.243	0.69060				2
2026.04.03	06:55:45.545	0.69058	0.69061			6
2026.04.03	06:55:45.845		0.69060			4
2026.04.03	06:55:52.466		0.69062			4
2026.04.03	06:55:53.068		0.69061			4
2026.04.03	06:56:00.287	0.69058				2
2026.04.03	06:56:06.599	0.69057				2
2026.04.03	06:56:09.305	0.69058	0.69060			6
2026.04.03	06:56:14.412		0.69061			4
2026.04.03	06:56:14.715		0.69060			4
2026.04.03	06:56:17.719		0.69061			4
2026.04.03	06:56:24.940		0.69060			4
2026.04.03	06:56:26.450	0.69057				2
2026.04.03	06:56:27.051	0.69058	0.69061			6
2026.04.03	06:56:27.352	0.69059	0.69063			6
2026.04.03	06:56:30.056		0.69062			4
2026.04.03	06:56:30.957		0.69061			4
2026.04.03	06:56:31.257		0.69062			4
2026.04.03	06:56:33.359	0.69061	0.69064			6
2026.04.03	06:56:39.079		0.69065			4
2026.04.03	06:56:39.678	0.69063	0.69066			6
2026.04.03	06:56:40.279		0.69065			4
2026.04.03	06:56:40.579	0.69062				2
2026.04.03	06:56:45.689		0.69064			4
2026.04.03	06:56:51.703		0.69065			4
2026.04.03	06:57:00.132	0.69062				2
2026.04.03	06:57:00.735	0.69063				2
2026.04.03	06:57:01.035		0.69067			4
2026.04.03	06:57:04.646		0.69066			4
2026.04.03	06:57:05.547	0.69064	0.69067			6
2026.04.03	06:57:06.752	0.69063				2
2026.04.03	06:57:11.866	0.69064				2
2026.04.03	06:57:24.494	0.69063	0.69065			6
2026.04.03	06:57:33.815	0.69064	0.69067			6
2026.04.03	06:57:35.620	0.69063	0.69066			6
2026.04.03	06:57:36.822	0.69060	0.69064			6
2026.04.03	06:57:37.422	0.69061	0.69065			6
2026.04.03	06:57:53.960	0.69060	0.69064			6
2026.04.03	06:58:00.273	0.69060				2
2026.04.03	06:58:11.992	0.69061	0.69065			6
2026.04.03	06:58:14.700	0.69062	0.69066			6
2026.04.03	06:58:16.505	0.69061	0.69065			6
2026.04.03	06:58:19.507	0.69062	0.69066			6
2026.04.03	06:58:19.803	0.69063	0.69067			6
2026.04.03	06:58:45.385	0.69062	0.69066			6
2026.04.03	06:58:56.208	0.69063	0.69067			6
2026.04.03	06:58:56.508	0.69062	0.69066			6
2026.04.03	06:58:57.716	0.69063	0.69067			6
2026.04.03	06:58:58.618	0.69064	0.69068			6
2026.04.03	06:59:00.118	0.69064				2
2026.04.03	06:59:01.019	0.69067	0.69071			6
2026.04.03	06:59:06.426	0.69068	0.69072			6
2026.04.03	06:59:15.455	0.69067	0.69071			6
2026.04.03	06:59:33.499	0.69066	0.69070			6
2026.04.03	06:59:34.399	0.69067	0.69071			6
2026.04.03	07:00:00.264	0.69067				2
2026.04.03	07:00:10.790	0.69066	0.69070			6
2026.04.03	07:00:16.502	0.69067	0.69071			6
2026.04.03	07:00:25.829	0.69066	0.69070			6
2026.04.03	07:00:30.037	0.69067	0.69071			6
2026.04.03	07:01:00.110	0.69067				2
2026.04.03	07:01:29.558	0.69066	0.69070			6
2026.04.03	07:01:39.785	0.69065	0.69069			6
2026.04.03	07:01:44.901	0.69066	0.69070			6
2026.04.03	07:01:46.102	0.69065	0.69069			6
2026.04.03	07:02:00.229	0.69065				2
2026.04.03	07:02:01.433	0.69067	0.69071			6
2026.04.03	07:02:26.701	0.69065	0.69069			6
2026.04.03	07:02:28.809		0.69068			4
2026.04.03	07:02:38.444	0.69063	0.69067			6
2026.04.03	07:02:40.849	0.69062	0.69066			6
2026.04.03	07:03:00.094	0.69062				2
2026.04.03	07:03:00.393	0.69063	0.69067			6
2026.04.03	07:03:01.897	0.69062	0.69066			6
2026.04.03	07:03:32.876	0.69063	0.69067			6
2026.04.03	07:03:45.808	0.69062	0.69066			6
2026.04.03	07:03:57.228	0.69063	0.69067			6
2026.04.03	07:04:00.235	0.69062	0.69066			6
2026.04.03	07:04:00.835	0.69064	0.69067			6
2026.04.03	07:04:01.139	0.69065	0.69068			6
2026.04.03	07:04:02.940	0.69067	0.69071			6
2026.04.03	07:04:45.339		0.69070			4
2026.04.03	07:04:45.643	0.69066				2
2026.04.03	07:04:45.944	0.69065	0.69069			6
2026.04.03	07:05:00.088	0.69065				2
2026.04.03	07:05:46.087		0.69069			4
2026.04.03	07:06:00.220	0.69065				2
2026.04.03	07:06:17.376		0.69068			4
2026.04.03	07:06:17.978	0.69064				2
2026.04.03	07:06:23.686	0.69062	0.69066			6
2026.04.03	07:06:29.403	0.69063	0.69067			6
2026.04.03	07:06:30.004	0.69062	0.69066			6
2026.04.03	07:06:31.808	0.69061	0.69065			6
2026.04.03	07:06:42.945	0.69063	0.69067			6
2026.04.03	07:06:44.146	0.69062	0.69066			6
2026.04.03	07:07:00.080	0.69062				2
2026.04.03	07:07:19.615	0.69063				2
2026.04.03	07:07:20.515	0.69064	0.69067			6
2026.04.03	07:07:22.921	0.69066	0.69069			6
2026.04.03	07:07:28.030	0.69065				2
2026.04.03	07:07:31.350	0.69064	0.69068			6
2026.04.03	07:07:31.652		0.69067			4
2026.04.03	07:07:42.481		0.69068			4
2026.04.03	07:08:00.225	0.69064				2
2026.04.03	07:08:02.032	0.69066				2
2026.04.03	07:08:02.327		0.69070			4
2026.04.03	07:08:29.402	0.69064	0.69067			6
2026.04.03	07:08:40.839	0.69065				2
2026.04.03	07:08:41.741	0.69062	0.69066			6
2026.04.03	07:09:00.078	0.69062				2
2026.04.03	07:09:05.784	0.69068	0.69072			6
2026.04.03	07:09:49.714	0.69067	0.69070			6
2026.04.03	07:10:00.233	0.69067				2
2026.04.03	07:10:00.533		0.69071			4
2026.04.03	07:10:11.980	0.69068				2
2026.04.03	07:10:19.490		0.69070			4
2026.04.03	07:10:19.790	0.69067				2
2026.04.03	07:10:38.455		0.69071			4
2026.04.03	07:10:50.794		0.69070			4
2026.04.03	07:10:51.098	0.69068	0.69071			6
2026.04.03	07:11:00.109	0.69068				2
2026.04.03	07:11:01.007	0.69069	0.69072			6
2026.04.03	07:11:03.116		0.69071			4
2026.04.03	07:11:03.412		0.69072			4
2026.04.03	07:11:11.534		0.69071			4
2026.04.03	07:11:13.033		0.69072			4
2026.04.03	07:11:16.650	0.69068				2
2026.04.03	07:11:17.250		0.69071			4
2026.04.03	07:11:18.155	0.69067	0.69069			6
2026.04.03	07:11:18.456		0.69071			4
2026.04.03	07:11:38.909	0.69068	0.69072			6
2026.04.03	07:12:00.254	0.69068				2
2026.04.03	07:12:14.393	0.69067	0.69071			6
2026.04.03	07:12:29.141	0.69068	0.69072			6
2026.04.03	07:12:42.379	0.69067	0.69071			6
2026.04.03	07:12:45.383		0.69070			4
2026.04.03	07:13:00.125	0.69067				2
2026.04.03	07:13:00.425	0.69068	0.69071			6
2026.04.03	07:13:00.725		0.69072			4
2026.04.03	07:13:01.330		0.69071			4
2026.04.03	07:13:04.634		0.69072			4
2026.04.03	07:13:38.922	0.69067	0.69071			6
2026.04.03	07:13:39.224	0.69068	0.69072			6
2026.04.03	07:13:39.524	0.69067	0.69071			6
2026.04.03	07:14:00.284	0.69067				2
2026.04.03	07:14:03.587	0.69066	0.69070			6
2026.04.03	07:14:15.015	0.69067	0.69071			6
2026.04.03	07:14:32.155		0.69070			4
2026.04.03	07:14:43.577	0.69066				2
2026.04.03	07:15:00.131	0.69066				2
2026.04.03	07:15:00.431	0.69067	0.69071			6
2026.04.03	07:15:01.637		0.69070			4
2026.04.03	07:15:16.396		0.69071			4
2026.04.03	07:15:20.610		0.69070			4
2026.04.03	07:15:21.512	0.69066				2
2026.04.03	07:15:50.978	0.69072	0.69076			6
2026.04.03	07:15:51.274	0.69071	0.69075			6
2026.04.03	07:15:52.476	0.69072				2
2026.04.03	07:15:54.584	0.69074	0.69076			6
2026.04.03	07:15:55.784	0.69075	0.69077			6
2026.04.03	07:16:00.287	0.69075				2
2026.04.03	07:16:02.400	0.69072	0.69076			6
2026.04.03	07:16:02.702		0.69075			4
2026.04.03	07:16:05.108	0.69070	0.69073			6
2026.04.03	07:16:18.939		0.69074			4
2026.04.03	07:16:31.877	0.69071	0.69075			6
2026.04.03	07:16:56.848	0.69072	0.69076			6
2026.04.03	07:17:00.160	0.69072				2
2026.04.03	07:17:03.476	0.69073	0.69077			6
2026.04.03	07:17:03.777	0.69072	0.69076			6
2026.04.03	07:17:13.701	0.69073	0.69077			6
2026.04.03	07:17:39.546	0.69072	0.69076			6
2026.04.03	07:17:42.253	0.69073	0.69077			6
2026.04.03	07:17:43.454	0.69072	0.69076			6
2026.04.03	07:17:43.755	0.69073	0.69077			6
2026.04.03	07:17:44.656	0.69072	0.69076			6
2026.04.03	07:17:45.258	0.69071	0.69075			6
2026.04.03	07:18:00.293	0.69071				2
2026.04.03	07:18:45.402	0.69070	0.69074			6
2026.04.03	07:19:00.138	0.69070				2
2026.04.03	07:19:39.572	0.69069	0.69073			6
2026.04.03	07:19:40.476	0.69070	0.69074			6
2026.04.03	07:20:00.037	0.69070				2
2026.04.03	07:20:40.623		0.69074			4
2026.04.03	07:21:00.178	0.69070				2
2026.04.03	07:21:00.781	0.69069	0.69073			6
2026.04.03	07:21:01.081	0.69071	0.69074			6
2026.04.03	07:21:01.382	0.69069	0.69073			6
2026.04.03	07:21:01.682	0.69071	0.69074			6
2026.04.03	07:21:01.984	0.69069	0.69073			6
2026.04.03	07:21:02.285	0.69071	0.69074			6
2026.04.03	07:21:02.585	0.69069	0.69073			6
2026.04.03	07:21:02.886	0.69071	0.69074			6
2026.04.03	07:21:03.186	0.69069	0.69073			6
2026.04.03	07:21:03.487	0.69071	0.69074			6
2026.04.03	07:21:03.786	0.69069	0.69073			6
2026.04.03	07:21:04.087	0.69071	0.69074			6
2026.04.03	07:21:04.390	0.69070				2
2026.04.03	07:22:00.024	0.69070				2
2026.04.03	07:22:04.234		0.69074			4
2026.04.03	07:22:07.851	0.69073	0.69077			6
2026.04.03	07:22:41.837	0.69072	0.69076			6
2026.04.03	07:22:55.085	0.69071	0.69075			6
2026.04.03	07:23:00.205	0.69071				2
2026.04.03	07:23:13.434	0.69069	0.69073			6
2026.04.03	07:23:13.733	0.69070	0.69074			6
2026.04.03	07:23:28.486	0.69068	0.69072			6
2026.04.03	07:23:29.088	0.69067	0.69071			6
2026.04.03	07:23:29.689	0.69068				2
2026.04.03	07:23:30.288	0.69067				2
2026.04.03	07:23:30.592	0.69068				2
2026.04.03	07:23:33.299	0.69067				2
2026.04.03	07:24:00.089	0.69067				2
2026.04.03	07:24:29.255		0.69071			4
2026.04.03	07:24:39.476	0.69066	0.69070			6
2026.04.03	07:24:46.691	0.69065	0.69069			6
2026.04.03	07:25:00.240	0.69065				2
2026.04.03	07:25:03.250	0.69066				2
2026.04.03	07:25:04.452		0.69070			4
2026.04.03	07:25:04.751	0.69068	0.69072			6
2026.04.03	07:25:32.714	0.69067	0.69071			6
2026.04.03	07:25:59.786	0.69066	0.69070			6
2026.04.03	07:26:00.091	0.69065	0.69069			6
2026.04.03	07:26:22.955	0.69066				2
2026.04.03	07:26:25.972	0.69068	0.69070			6
2026.04.03	07:26:26.274	0.69066				2
2026.04.03	07:26:45.225	0.69065	0.69069			6
2026.04.03	07:27:00.256	0.69065				2
2026.04.03	07:27:45.344		0.69069			4
2026.04.03	07:27:48.956	0.69064	0.69068			6
2026.04.03	07:28:00.101	0.69064				2
2026.04.03	07:28:38.604	0.69063	0.69067			6
2026.04.03	07:28:47.926	0.69062	0.69066			6
2026.04.03	07:29:00.253	0.69062				2
2026.04.03	07:29:11.377	0.69061	0.69064			6
2026.04.03	07:29:18.593		0.69065			4
2026.04.03	07:29:20.099	0.69062	0.69066			6
2026.04.03	07:29:32.123	0.69061	0.69065			6
2026.04.03	07:29:43.557	0.69060	0.69064			6
2026.04.03	07:29:45.357	0.69059	0.69063			6
2026.04.03	07:29:49.572		0.69062			4
2026.04.03	07:29:51.976		0.69063			4
2026.04.03	07:30:00.093	0.69059				2
2026.04.03	07:30:00.393		0.69062			4
2026.04.03	07:30:00.994	0.69060				2
2026.04.03	07:30:05.807	0.69059				2
2026.04.03	07:30:08.509		0.69063			4
2026.04.03	07:30:09.712	0.69060	0.69064			6
2026.04.03	07:30:31.667	0.69059	0.69063			6
2026.04.03	07:30:36.173	0.69058	0.69062			6
2026.04.03	07:31:00.223	0.69058				2
2026.04.03	07:31:08.052	0.69057	0.69059			6
2026.04.03	07:31:08.352		0.69060			4
2026.04.03	07:31:11.661	0.69052	0.69056			6
2026.04.03	07:31:21.879	0.69053	0.69057			6
2026.04.03	07:31:42.323	0.69054				2
2026.04.03	07:31:45.029	0.69053				2
2026.04.03	07:31:51.039	0.69052	0.69056			6
2026.04.03	07:32:00.076	0.69052				2
2026.04.03	07:32:01.278	0.69053				2
2026.04.03	07:32:01.579	0.69052				2
2026.04.03	07:32:20.821	0.69053				2
2026.04.03	07:32:29.238	0.69055	0.69059			6
2026.04.03	07:32:38.579	0.69056				2
2026.04.03	07:32:43.398		0.69060			4
2026.04.03	07:32:45.203	0.69055	0.69059			6
2026.04.03	07:32:45.503		0.69058			4
2026.04.03	07:32:50.917	0.69054				2
2026.04.03	07:33:00.233	0.69054				2
2026.04.03	07:33:45.654		0.69058			4
2026.04.03	07:34:00.103	0.69054				2
2026.04.03	07:34:45.808		0.69058			4
2026.04.03	07:34:47.614	0.69055	0.69059			6
2026.04.03	07:35:00.233	0.69055				2
2026.04.03	07:35:47.743		0.69059			4
2026.04.03	07:36:00.077	0.69055				2
2026.04.03	07:36:17.505	0.69054	0.69058			6
2026.04.03	07:36:26.524	0.69056	0.69060			6
2026.04.03	07:36:27.123	0.69055	0.69059			6
2026.04.03	07:36:45.161	0.69054	0.69058			6
2026.04.03	07:37:00.206	0.69054				2
2026.04.03	07:37:45.327		0.69058			4
2026.04.03	07:38:00.077	0.69054				2
2026.04.03	07:38:17.822	0.69053	0.69057			6
2026.04.03	07:38:33.765	0.69054	0.69058			6
2026.04.03	07:39:00.230	0.69054				2
2026.04.03	07:39:04.137	0.69055				2
2026.04.03	07:39:04.438	0.69054				2
2026.04.03	07:39:15.877	0.69050	0.69054			6
2026.04.03	07:39:20.995	0.69049	0.69053			6
2026.04.03	07:39:42.336	0.69050	0.69054			6
2026.04.03	07:39:57.976	0.69049	0.69053			6
2026.04.03	07:39:59.176	0.69050	0.69054			6
2026.04.03	07:40:00.078	0.69050				2
2026.04.03	07:40:23.852	0.69049	0.69053			6
2026.04.03	07:40:26.557	0.69050	0.69054			6
2026.04.03	07:40:26.861	0.69049	0.69053			6
2026.04.03	07:40:27.162	0.69048	0.69052			6
2026.04.03	07:40:28.369	0.69049	0.69053			6
2026.04.03	07:40:38.903	0.69048	0.69052			6
2026.04.03	07:40:40.404	0.69049	0.69053			6
2026.04.03	07:41:00.258	0.69049				2
2026.04.03	07:41:12.282	0.69047	0.69052			6
2026.04.03	07:41:14.386	0.69048				2
2026.04.03	07:41:20.702	0.69047	0.69051			6
2026.04.03	07:41:47.484	0.69048	0.69052			6
2026.04.03	07:42:00.123	0.69048				2
2026.04.03	07:42:07.048	0.69049				2
2026.04.03	07:42:16.076	0.69048				2
2026.04.03	07:42:16.375	0.69049				2
2026.04.03	07:42:17.577	0.69048				2
2026.04.03	07:42:25.101	0.69049				2
2026.04.03	07:42:25.402	0.69048				2
2026.04.03	07:42:45.546	0.69047	0.69051			6
2026.04.03	07:42:51.868	0.69046	0.69050			6
2026.04.03	07:42:52.166	0.69047	0.69051			6
2026.04.03	07:42:54.571	0.69046	0.69048			6
2026.04.03	07:42:55.476	0.69045	0.69049			6
2026.04.03	07:42:56.377	0.69046	0.69048			6
2026.04.03	07:43:00.286	0.69046	0.69049			6
2026.04.03	07:43:03.596	0.69047	0.69051			6
2026.04.03	07:43:14.123	0.69046	0.69050			6
2026.04.03	07:43:15.027	0.69045	0.69049			6
2026.04.03	07:43:36.381	0.69046	0.69050			6
2026.04.03	07:43:44.512	0.69047	0.69051			6
2026.04.03	07:44:00.162	0.69047				2
2026.04.03	07:44:15.786	0.69048	0.69052			6
2026.04.03	07:44:16.086	0.69047	0.69051			6
2026.04.03	07:45:00.004	0.69047				2
2026.04.03	07:45:03.017	0.69048	0.69052			6
2026.04.03	07:45:05.123	0.69047	0.69051			6
2026.04.03	07:45:09.937	0.69048	0.69052			6
2026.04.03	07:45:18.053	0.69049				2
2026.04.03	07:45:18.352	0.69051	0.69055			6
2026.04.03	07:45:23.764	0.69052	0.69056			6
2026.04.03	07:46:00.151	0.69052				2
2026.04.03	07:46:02.562	0.69050	0.69054			6
2026.04.03	07:46:32.631	0.69051				2
2026.04.03	07:46:32.935		0.69055			4
2026.04.03	07:46:43.458	0.69052	0.69056			6
2026.04.03	07:46:58.797	0.69053	0.69057			6
2026.04.03	07:47:00.299	0.69053				2
2026.04.03	07:47:04.210	0.69055	0.69059			6
2026.04.03	07:47:04.508	0.69056				2
2026.04.03	07:47:04.810	0.69055				2
2026.04.03	07:47:08.719	0.69056				2
2026.04.03	07:47:10.833	0.69058	0.69062			6
2026.04.03	07:47:15.346	0.69057	0.69061			6
2026.04.03	07:47:15.951	0.69058				2
2026.04.03	07:47:20.454	0.69057				2
2026.04.03	07:47:20.755	0.69058				2
2026.04.03	07:47:21.054	0.69057				2
2026.04.03	07:47:21.657	0.69058				2
2026.04.03	07:47:24.069		0.69062			4
2026.04.03	07:47:24.369	0.69060	0.69063			6
2026.04.03	07:47:26.476		0.69062			4
2026.04.03	07:47:27.377	0.69059				2
2026.04.03	07:47:33.100	0.69057	0.69061			6
2026.04.03	07:47:53.840	0.69056	0.69060			6
2026.04.03	07:47:54.745	0.69057	0.69061			6
2026.04.03	07:48:00.159	0.69057				2
2026.04.03	07:48:37.450	0.69058	0.69062			6
2026.04.03	07:48:37.752	0.69060	0.69064			6
2026.04.03	07:48:45.266	0.69059	0.69063			6
2026.04.03	07:48:54.886	0.69060				2
2026.04.03	07:48:55.186	0.69059				2
2026.04.03	07:48:57.592	0.69060	0.69064			6
2026.04.03	07:49:00.299	0.69060				2
2026.04.03	07:49:26.452	0.69061	0.69065			6
2026.04.03	07:49:27.055	0.69059	0.69063			6
2026.04.03	07:49:49.022	0.69057	0.69061			6
2026.04.03	07:50:00.161	0.69057				2
2026.04.03	07:50:00.461	0.69060	0.69064			6
2026.04.03	07:50:05.877	0.69061	0.69065			6
2026.04.03	07:50:11.288	0.69060	0.69064			6
2026.04.03	07:50:21.818	0.69061	0.69065			6
2026.04.03	07:50:26.324	0.69060	0.69064			6
2026.04.03	07:50:30.832	0.69061	0.69065			6
2026.04.03	07:50:47.978		0.69064			4
2026.04.03	07:51:00.005	0.69061				2
2026.04.03	07:51:00.305		0.69065			4
2026.04.03	07:51:31.006	0.69060	0.69064			6
2026.04.03	07:51:40.937	0.69057	0.69061			6
2026.04.03	07:51:47.562	0.69056	0.69060			6
2026.04.03	07:51:47.867	0.69057	0.69061			6
2026.04.03	07:51:53.886	0.69058	0.69062			6
2026.04.03	07:52:00.208	0.69058				2
2026.04.03	07:52:00.510	0.69057	0.69061			6
2026.04.03	07:52:05.619	0.69058	0.69062			6
2026.04.03	07:52:54.624	0.69057	0.69061			6
2026.04.03	07:53:00.036	0.69057				2
2026.04.03	07:53:09.054	0.69058				2
2026.04.03	07:53:23.783	0.69057				2
2026.04.03	07:53:29.799	0.69056	0.69060			6
2026.04.03	07:53:41.537	0.69057	0.69061			6
2026.04.03	07:53:45.147	0.69056	0.69060			6
2026.04.03	07:53:48.758	0.69057	0.69061			6
2026.04.03	07:53:51.166	0.69056	0.69060			6
2026.04.03	07:54:00.185	0.69056				2
2026.04.03	07:54:00.483	0.69057	0.69061			6
2026.04.03	07:54:27.555		0.69060			4
2026.04.03	07:54:27.855		0.69061			4
2026.04.03	07:54:28.155		0.69060			4
2026.04.03	07:54:28.755		0.69061			4
2026.04.03	07:54:29.056		0.69060			4
2026.04.03	07:54:29.358		0.69061			4
2026.04.03	07:54:29.659		0.69060			4
2026.04.03	07:54:29.959		0.69061			4
2026.04.03	07:54:30.260		0.69060			4
2026.04.03	07:54:30.560		0.69061			4
2026.04.03	07:54:30.862		0.69060			4
2026.04.03	07:54:31.164		0.69061			4
2026.04.03	07:54:42.604	0.69056	0.69059			6
2026.04.03	07:54:42.902		0.69060			4
2026.04.03	07:54:48.014		0.69059			4
2026.04.03	07:54:50.419	0.69055				2
2026.04.03	07:55:00.045	0.69055				2
2026.04.03	07:55:00.346	0.69057	0.69061			6
2026.04.03	07:55:06.065	0.69059	0.69063			6
2026.04.03	07:55:06.366	0.69064	0.69068			6
2026.04.03	07:55:06.666	0.69067	0.69071			6
2026.04.03	07:55:06.964	0.69068	0.69072			6
2026.04.03	07:55:19.586	0.69066	0.69069			6
2026.04.03	07:55:19.886	0.69063	0.69067			6
2026.04.03	07:55:20.188	0.69064	0.69068			6
2026.04.03	07:55:20.492	0.69063	0.69067			6
2026.04.03	07:55:31.622	0.69064	0.69068			6
2026.04.03	07:55:45.157		0.69067			4
2026.04.03	07:55:45.457	0.69066	0.69070			6
2026.04.03	07:55:45.757	0.69067	0.69071			6
2026.04.03	07:55:46.056	0.69068				2
2026.04.03	07:55:46.357		0.69072			4
2026.04.03	07:55:47.559	0.69069				2
2026.04.03	07:56:00.184	0.69069				2
2026.04.03	07:56:00.485		0.69073			4
2026.04.03	07:56:01.086		0.69072			4
2026.04.03	07:56:05.604		0.69071			4
2026.04.03	07:56:09.814		0.69072			4
2026.04.03	07:56:15.226		0.69073			4
2026.04.03	07:56:16.126		0.69072			4
2026.04.03	07:56:22.441	0.69070				2
2026.04.03	07:56:42.892	0.69072	0.69076			6
2026.04.03	07:56:43.794	0.69071	0.69075			6
2026.04.03	07:56:45.300	0.69070	0.69073			6
2026.04.03	07:56:45.603		0.69074			4
2026.04.03	07:56:46.804	0.69068	0.69072			6
2026.04.03	07:56:47.106	0.69067	0.69071			6
2026.04.03	07:56:53.730	0.69066	0.69070			6
2026.04.03	07:56:54.034		0.69069			4
2026.04.03	07:56:58.842		0.69070			4
2026.04.03	07:57:00.044	0.69066				2
2026.04.03	07:57:38.548	0.69067				2
2026.04.03	07:57:49.081	0.69069	0.69073			6
2026.04.03	07:57:49.381	0.69070				2
2026.04.03	07:57:50.285		0.69074			4
2026.04.03	07:57:55.697	0.69071	0.69075			6
2026.04.03	07:58:00.203	0.69071				2
2026.04.03	07:58:07.411	0.69073	0.69077			6
2026.04.03	07:58:07.714	0.69072	0.69076			6
2026.04.03	07:58:08.014	0.69073	0.69077			6
2026.04.03	07:58:08.317	0.69071	0.69075			6
2026.04.03	07:58:21.859	0.69070	0.69073			6
2026.04.03	07:58:22.461	0.69069	0.69072			6
2026.04.03	07:58:23.066		0.69073			4
2026.04.03	07:58:34.497	0.69070				2
2026.04.03	07:58:42.918	0.69069				2
2026.04.03	07:58:46.530	0.69070				2
2026.04.03	07:58:51.045	0.69069	0.69072			6
2026.04.03	07:58:51.347	0.69067	0.69071			6
2026.04.03	07:58:53.755	0.69068	0.69072			6
2026.04.03	07:59:00.077	0.69068				2
2026.04.03	07:59:07.291	0.69067	0.69071			6
2026.04.03	07:59:07.590	0.69068				2
2026.04.03	07:59:08.192	0.69067				2
2026.04.03	07:59:15.412		0.69070			4
2026.04.03	07:59:15.713	0.69066				2
2026.04.03	07:59:22.026	0.69067	0.69071			6
2026.04.03	07:59:27.740	0.69065	0.69068			6
2026.04.03	07:59:32.848	0.69064				2
2026.04.03	08:00:00.219	0.69064				2
2026.04.03	08:00:24.583	0.69065	0.69067			6
2026.04.03	08:00:26.984	0.69064	0.69068			6
2026.04.03	08:00:30.592	0.69063	0.69067			6
2026.04.03	08:00:30.896	0.69064				2
2026.04.03	08:00:31.194	0.69063				2
2026.04.03	08:00:45.936	0.69059	0.69063			6
2026.04.03	08:00:46.237	0.69058	0.69062			6
2026.04.03	08:00:52.255	0.69056	0.69060			6
2026.04.03	08:01:00.077	0.69056				2
2026.04.03	08:01:14.493	0.69057	0.69061			6
2026.04.03	08:01:16.298	0.69056	0.69058			6
2026.04.03	08:01:16.596	0.69057	0.69061			6
2026.04.03	08:01:28.622		0.69060			4
2026.04.03	08:01:29.223	0.69056				2
2026.04.03	08:01:34.340	0.69058	0.69062			6
2026.04.03	08:01:38.855	0.69059				2
2026.04.03	08:02:00.205	0.69059				2
2026.04.03	08:02:29.361	0.69058				2
2026.04.03	08:02:34.477		0.69062			4
2026.04.03	08:02:57.326	0.69059	0.69063			6
2026.04.03	08:03:00.032	0.69059				2
2026.04.03	08:03:33.749	0.69063	0.69067			6
2026.04.03	08:04:00.210	0.69063				2
2026.04.03	08:04:27.887	0.69062	0.69066			6
2026.04.03	08:04:28.189	0.69063				2
2026.04.03	08:04:28.789	0.69064	0.69068			6
2026.04.03	08:04:32.698	0.69063	0.69067			6
2026.04.03	08:05:00.073	0.69063				2
2026.04.03	08:05:02.778	0.69064	0.69068			6
2026.04.03	08:05:09.093	0.69063	0.69067			6
2026.04.03	08:05:09.392	0.69064	0.69068			6
2026.04.03	08:05:16.305	0.69063	0.69067			6
2026.04.03	08:05:17.506	0.69064	0.69068			6
2026.04.03	08:05:39.464	0.69066				2
2026.04.03	08:05:39.767	0.69068	0.69072			6
2026.04.03	08:05:53.600	0.69067	0.69071			6
2026.04.03	08:05:56.617	0.69068				2
2026.04.03	08:05:56.918		0.69072			4
2026.04.03	08:06:00.229	0.69068	0.69071			6
2026.04.03	08:06:00.529		0.69072			4
2026.04.03	08:06:01.129		0.69071			4
2026.04.03	08:06:01.430	0.69067				2
2026.04.03	08:06:09.851	0.69066	0.69070			6
2026.04.03	08:06:23.383	0.69068	0.69072			6
2026.04.03	08:06:27.885	0.69067	0.69071			6
2026.04.03	08:06:33.602	0.69068	0.69072			6
2026.04.03	08:07:00.070	0.69068				2
2026.04.03	08:07:09.989	0.69070				2
2026.04.03	08:07:10.289	0.69072	0.69076			6
2026.04.03	08:07:10.888		0.69075			4
2026.04.03	08:07:11.189		0.69076			4
2026.04.03	08:07:24.419	0.69071	0.69075			6
2026.04.03	08:07:24.719	0.69070	0.69074			6
2026.04.03	08:07:26.826	0.69071	0.69075			6
2026.04.03	08:07:32.235	0.69070	0.69074			6
2026.04.03	08:07:33.738	0.69071	0.69075			6
2026.04.03	08:07:49.676	0.69070	0.69074			6
2026.04.03	08:07:58.986	0.69068	0.69072			6
2026.04.03	08:08:00.189	0.69068				2
2026.04.03	08:08:14.021	0.69069	0.69073			6
2026.04.03	08:09:00.012	0.69069				2
2026.04.03	08:09:14.149		0.69073			4
2026.04.03	08:09:17.157	0.69067	0.69071			6
2026.04.03	08:09:24.079	0.69064	0.69068			6
2026.04.03	08:09:58.053	0.69065	0.69069			6
2026.04.03	08:10:00.158	0.69065				2
2026.04.03	08:10:22.712	0.69064	0.69068			6
2026.04.03	08:10:43.459	0.69062	0.69066			6
2026.04.03	08:10:43.761		0.69065			4
2026.04.03	08:10:45.259		0.69066			4
2026.04.03	08:11:00.293	0.69062				2
2026.04.03	08:11:42.411	0.69060	0.69064			6
2026.04.03	08:12:00.162	0.69060				2
2026.04.03	08:12:33.555	0.69061	0.69065			6
2026.04.03	08:12:36.567	0.69062	0.69066			6
2026.04.03	08:12:51.293	0.69061	0.69065			6
2026.04.03	08:13:00.015	0.69061				2
2026.04.03	08:13:19.863	0.69058	0.69062			6
2026.04.03	08:13:30.086	0.69057	0.69061			6
2026.04.03	08:13:32.498	0.69058	0.69062			6
2026.04.03	08:13:46.040	0.69057	0.69061			6
2026.04.03	08:14:00.176	0.69058	0.69062			6
2026.04.03	08:14:00.475	0.69055	0.69059			6
2026.04.03	08:15:00.038	0.69055				2
2026.04.03	08:15:00.638		0.69059			4
2026.04.03	08:15:01.238	0.69053	0.69057			6
2026.04.03	08:15:02.749	0.69052	0.69056			6
2026.04.03	08:15:50.279	0.69053	0.69057			6
2026.04.03	08:15:52.381	0.69051	0.69053			6
2026.04.03	08:15:52.683	0.69049				2
2026.04.03	08:15:53.586	0.69048	0.69052			6
2026.04.03	08:16:00.204	0.69048				2
2026.04.03	08:16:06.816	0.69049	0.69053			6
2026.04.03	08:16:17.632	0.69048	0.69052			6
2026.04.03	08:16:25.455	0.69047	0.69051			6
2026.04.03	08:16:38.085	0.69044	0.69047			6
2026.04.03	08:16:38.389	0.69043				2
2026.04.03	08:16:44.399	0.69042	0.69046			6
2026.04.03	08:17:00.034	0.69042				2
2026.04.03	08:17:02.737	0.69041	0.69045			6
2026.04.03	08:17:05.140	0.69042				2
2026.04.03	08:17:11.754	0.69041				2
2026.04.03	08:17:23.777	0.69042				2
2026.04.03	08:17:29.487	0.69041				2
2026.04.03	08:17:39.409	0.69042				2
2026.04.03	08:17:42.718	0.69041				2
2026.04.03	08:17:43.921	0.69040	0.69044			6
2026.04.03	08:17:53.852	0.69041				2
2026.04.03	08:18:00.181	0.69041				2
2026.04.03	08:18:00.782	0.69040				2
2026.04.03	08:18:01.383	0.69038	0.69042			6
2026.04.03	08:18:16.117	0.69037	0.69041			6
2026.04.03	08:19:00.024	0.69037				2
2026.04.03	08:19:16.269		0.69041			4
2026.04.03	08:19:32.803	0.69038				2
2026.04.03	08:19:43.930	0.69037				2
2026.04.03	08:19:45.432	0.69038				2
2026.04.03	08:19:56.860	0.69037				2
2026.04.03	08:20:00.169	0.69037				2
2026.04.03	08:20:06.785	0.69038				2
2026.04.03	08:20:12.503	0.69040	0.69043			6
2026.04.03	08:20:13.103		0.69044			4
2026.04.03	08:20:19.715	0.69041				2
2026.04.03	08:20:22.722	0.69040				2
2026.04.03	08:20:23.323	0.69041	0.69045			6
2026.04.03	08:20:49.178	0.69039	0.69043			6
2026.04.03	08:21:00.001	0.69039				2
2026.04.03	08:21:09.022	0.69041	0.69045			6
2026.04.03	08:21:15.033	0.69042	0.69046			6
2026.04.03	08:21:16.235	0.69043	0.69047			6
2026.04.03	08:21:35.501	0.69048	0.69052			6
2026.04.03	08:21:52.644	0.69051	0.69055			6
2026.04.03	08:22:00.156	0.69051				2
2026.04.03	08:22:06.164		0.69054			4
2026.04.03	08:22:12.478	0.69048	0.69052			6
2026.04.03	08:22:16.990	0.69045	0.69048			6
2026.04.03	08:22:17.288	0.69046	0.69050			6
2026.04.03	08:22:49.769	0.69045	0.69049			6
2026.04.03	08:22:50.072	0.69043	0.69047			6
2026.04.03	08:22:56.087	0.69041	0.69045			6
2026.04.03	08:23:00.288	0.69041				2
2026.04.03	08:23:01.489	0.69038	0.69042			6
2026.04.03	08:23:10.217	0.69039				2
2026.04.03	08:23:12.318	0.69037	0.69041			6
2026.04.03	08:23:18.930	0.69036	0.69040			6
2026.04.03	08:23:27.356	0.69035	0.69039			6
2026.04.03	08:23:29.158	0.69034	0.69037			6
2026.04.03	08:23:50.513	0.69036	0.69040			6
2026.04.03	08:24:00.140	0.69036				2
2026.04.03	08:24:16.079	0.69039	0.69042			6
2026.04.03	08:24:28.701	0.69038				2
2026.04.03	08:24:30.804	0.69037	0.69041			6
2026.04.03	08:25:00.266	0.69037				2
2026.04.03	08:25:21.000		0.69039			4
2026.04.03	08:25:21.300	0.69036				2
2026.04.03	08:25:26.710	0.69037	0.69041			6
2026.04.03	08:25:44.155	0.69041	0.69045			6
2026.04.03	08:25:53.775	0.69040	0.69044			6
2026.04.03	08:26:00.098	0.69040				2
2026.04.03	08:26:04.611	0.69039	0.69041			6
2026.04.03	08:26:14.531	0.69040	0.69044			6
2026.04.03	08:26:17.234	0.69041	0.69045			6
2026.04.03	08:26:21.746		0.69044			4
2026.04.03	08:26:32.584	0.69040				2
2026.04.03	08:26:34.086	0.69041	0.69045			6
2026.04.03	08:27:00.229	0.69041				2
2026.04.03	08:27:24.577	0.69042				2
2026.04.03	08:27:25.478	0.69041				2
2026.04.03	08:27:34.207		0.69045			4
2026.04.03	08:27:57.974	0.69040	0.69044			6
2026.04.03	08:27:58.276	0.69038	0.69042			6
2026.04.03	08:28:00.077	0.69038				2
2026.04.03	08:28:31.947	0.69039	0.69043			6
2026.04.03	08:28:33.153	0.69038	0.69042			6
2026.04.03	08:28:37.359	0.69039	0.69043			6
2026.04.03	08:28:42.478	0.69041	0.69045			6
2026.04.03	08:28:42.779	0.69044	0.69048			6
2026.04.03	08:28:47.887	0.69043	0.69047			6
2026.04.03	08:29:00.219	0.69043				2
2026.04.03	08:29:07.737	0.69044	0.69048			6
2026.04.03	08:29:55.849	0.69043	0.69047			6
2026.04.03	08:29:58.857	0.69042	0.69046			6
2026.04.03	08:30:00.061	0.69042				2
2026.04.03	08:30:01.260	0.69044	0.69048			6
2026.04.03	08:30:02.460	0.69043	0.69047			6
2026.04.03	08:30:03.967	0.69042	0.69046			6
2026.04.03	08:30:08.477	0.69043	0.69047			6
2026.04.03	08:30:09.979	0.69042	0.69046			6
2026.04.03	08:30:10.578	0.69044	0.69048			6
2026.04.03	08:30:20.198	0.69043	0.69047			6
2026.04.03	08:30:20.494	0.69044	0.69048			6
2026.04.03	08:30:27.716	0.69046	0.69049			6
2026.04.03	08:30:39.438		0.69050			4
2026.04.03	08:30:44.853	0.69048	0.69052			6
2026.04.03	08:31:00.197	0.69048				2
2026.04.03	08:31:01.400	0.69050	0.69054			6
2026.04.03	08:31:09.218	0.69051	0.69055			6
2026.04.03	08:31:19.148	0.69050	0.69054			6
2026.04.03	08:31:28.477	0.69051	0.69055			6
2026.04.03	08:32:00.038	0.69051				2
2026.04.03	08:32:03.646	0.69049	0.69053			6
2026.04.03	08:32:11.757	0.69050	0.69054			6
2026.04.03	08:32:12.060	0.69051	0.69055			6
2026.04.03	08:32:21.073	0.69052	0.69056			6
2026.04.03	08:32:21.375	0.69053	0.69057			6
2026.04.03	08:32:23.782	0.69054	0.69058			6
2026.04.03	08:32:24.080	0.69053	0.69057			6
2026.04.03	08:32:49.027	0.69052	0.69056			6
2026.04.03	08:32:58.951	0.69051	0.69055			6
2026.04.03	08:33:00.153	0.69051				2
2026.04.03	08:33:03.458	0.69050	0.69054			6
2026.04.03	08:33:12.774	0.69048	0.69052			6
2026.04.03	08:33:13.081	0.69049	0.69053			6
2026.04.03	08:33:13.681	0.69048	0.69052			6
2026.04.03	08:33:26.913	0.69049	0.69053			6
2026.04.03	08:33:27.517	0.69048	0.69052			6
2026.04.03	08:33:28.418	0.69049	0.69053			6
2026.04.03	08:33:29.019	0.69048	0.69052			6
2026.04.03	08:33:40.438	0.69047	0.69051			6
2026.04.03	08:33:42.540	0.69048	0.69052			6
2026.04.03	08:34:00.277	0.69048				2
2026.04.03	08:34:01.482	0.69049	0.69053			6
2026.04.03	08:34:13.509	0.69048	0.69052			6
2026.04.03	08:34:15.916	0.69049	0.69053			6
2026.04.03	08:34:18.923	0.69050	0.69054			6
2026.04.03	08:34:19.224	0.69051	0.69055			6
2026.04.03	08:34:19.525	0.69050	0.69054			6
2026.04.03	08:34:20.128	0.69051	0.69055			6
2026.04.03	08:34:35.457	0.69050	0.69054			6
2026.04.03	08:34:37.858	0.69052	0.69056			6
2026.04.03	08:34:40.866	0.69053	0.69057			6
2026.04.03	08:34:44.175	0.69050	0.69054			6
2026.04.03	08:34:44.476	0.69049	0.69053			6
2026.04.03	08:34:46.278	0.69050	0.69054			6
2026.04.03	08:34:47.182	0.69051	0.69055			6
2026.04.03	08:34:59.810	0.69050	0.69054			6
2026.04.03	08:35:00.112	0.69050				2
2026.04.03	08:35:00.411	0.69051	0.69055			6
2026.04.03	08:35:05.222	0.69049	0.69053			6
2026.04.03	08:35:05.521	0.69048	0.69052			6
2026.04.03	08:35:05.821	0.69046	0.69050			6
2026.04.03	08:35:43.710	0.69050	0.69054			6
2026.04.03	08:35:44.008	0.69049	0.69053			6
2026.04.03	08:36:00.236	0.69049				2
2026.04.03	08:36:39.940	0.69051	0.69055			6
2026.04.03	08:36:45.356	0.69050	0.69054			6
2026.04.03	08:36:47.161	0.69051	0.69055			6
2026.04.03	08:36:49.874	0.69052	0.69056			6
2026.04.03	08:36:50.175	0.69054	0.69058			6
2026.04.03	08:36:51.077	0.69053	0.69057			6
2026.04.03	08:36:55.284	0.69051	0.69055			6
2026.04.03	08:36:55.886	0.69052	0.69056			6
2026.04.03	08:37:00.092	0.69052				2
2026.04.03	08:37:07.011	0.69051	0.69055			6
2026.04.03	08:37:20.840	0.69050	0.69054			6
2026.04.03	08:37:26.555	0.69051	0.69055			6
2026.04.03	08:37:50.018	0.69053	0.69057			6
2026.04.03	08:37:50.921	0.69054	0.69058			6
2026.04.03	08:38:00.236	0.69053	0.69057			6
2026.04.03	08:38:02.335	0.69054	0.69058			6
2026.04.03	08:38:04.140	0.69053	0.69057			6
2026.04.03	08:38:21.880	0.69052	0.69056			6
2026.04.03	08:38:22.179	0.69053	0.69057			6
2026.04.03	08:38:26.092	0.69052	0.69056			6
2026.04.03	08:38:27.296	0.69053	0.69057			6
2026.04.03	08:38:33.008	0.69054	0.69058			6
2026.04.03	08:38:52.263	0.69053	0.69057			6
2026.04.03	08:39:00.082	0.69053				2
2026.04.03	08:39:02.188	0.69054	0.69058			6
2026.04.03	08:39:08.497	0.69053	0.69057			6
2026.04.03	08:39:25.630	0.69054	0.69058			6
2026.04.03	08:39:42.156	0.69053	0.69057			6
2026.04.03	08:39:42.458	0.69054	0.69058			6
2026.04.03	08:39:53.295	0.69053	0.69057			6
2026.04.03	08:40:00.213	0.69053				2
2026.04.03	08:40:08.033	0.69054	0.69058			6
2026.04.03	08:40:11.338	0.69055				2
2026.04.03	08:40:17.651	0.69056	0.69060			6
2026.04.03	08:40:18.556	0.69055	0.69059			6
2026.04.03	08:40:19.154	0.69056				2
2026.04.03	08:40:27.571	0.69055				2
2026.04.03	08:40:31.778	0.69056	0.69060			6
2026.04.03	08:40:32.680	0.69055	0.69059			6
2026.04.03	08:40:33.278	0.69056	0.69060			6
2026.04.03	08:40:33.578	0.69055	0.69059			6
2026.04.03	08:40:35.983	0.69056	0.69060			6
2026.04.03	08:40:36.282	0.69055	0.69059			6
2026.04.03	08:41:00.037	0.69055				2
2026.04.03	08:41:12.078	0.69056	0.69060			6
2026.04.03	08:41:12.380	0.69055	0.69059			6
2026.04.03	08:41:12.679	0.69056	0.69060			6
2026.04.03	08:42:00.215	0.69056				2
2026.04.03	08:42:05.926	0.69055	0.69059			6
2026.04.03	08:42:12.551	0.69056	0.69060			6
2026.04.03	08:42:20.366	0.69057	0.69061			6
2026.04.03	08:42:30.894	0.69056	0.69060			6
2026.04.03	08:42:44.145	0.69055	0.69059			6
2026.04.03	08:42:45.045	0.69056	0.69060			6
2026.04.03	08:42:45.648	0.69055	0.69059			6
2026.04.03	08:42:46.250	0.69056	0.69060			6
2026.04.03	08:42:46.552	0.69055	0.69059			6
2026.04.03	08:42:47.152	0.69056	0.69060			6
2026.04.03	08:42:47.453	0.69055	0.69059			6
2026.04.03	08:42:49.257	0.69056	0.69060			6
2026.04.03	08:42:59.482	0.69055	0.69059			6
2026.04.03	08:42:59.785	0.69056	0.69060			6
2026.04.03	08:43:00.084	0.69056				2
2026.04.03	08:43:03.087	0.69055	0.69059			6
2026.04.03	08:43:06.089	0.69056	0.69060			6
2026.04.03	08:43:26.535	0.69055	0.69059			6
2026.04.03	08:43:28.942	0.69054	0.69058			6
2026.04.03	08:44:00.206	0.69054				2
2026.04.03	08:44:05.016	0.69055	0.69059			6
2026.04.03	08:44:05.315	0.69056	0.69060			6
2026.04.03	08:44:10.738	0.69059	0.69063			6
2026.04.03	08:44:14.952	0.69061	0.69065			6
2026.04.03	08:44:23.671	0.69062				2
2026.04.03	08:44:23.976	0.69065	0.69069			6
2026.04.03	08:44:24.273	0.69070	0.69074			6
2026.04.03	08:44:24.573	0.69071	0.69075			6
2026.04.03	08:44:36.009	0.69074	0.69078			6
2026.04.03	08:44:38.118	0.69073	0.69077			6
2026.04.03	08:44:38.421	0.69074	0.69078			6
2026.04.03	08:44:41.123	0.69073	0.69077			6
2026.04.03	08:44:48.038	0.69074	0.69078			6
2026.04.03	08:44:48.339	0.69073	0.69077			6
2026.04.03	08:44:50.149	0.69076	0.69080			6
2026.04.03	08:45:00.079	0.69076				2
2026.04.03	08:45:30.159	0.69077	0.69081			6
2026.04.03	08:45:38.279	0.69076	0.69080			6
2026.04.03	08:45:38.580	0.69077	0.69081			6
2026.04.03	08:45:40.082	0.69076	0.69080			6
2026.04.03	08:45:40.386	0.69075	0.69079			6
2026.04.03	08:45:50.018	0.69074	0.69078			6
2026.04.03	08:45:58.138	0.69075				2
2026.04.03	08:45:59.652		0.69079			4
2026.04.03	08:46:00.252	0.69076	0.69080			6
2026.04.03	08:46:01.453	0.69079	0.69083			6
2026.04.03	08:46:24.624	0.69078	0.69082			6
2026.04.03	08:46:30.032	0.69080	0.69084			6
2026.04.03	08:46:30.339	0.69079	0.69083			6
2026.04.03	08:46:38.760	0.69080	0.69084			6
2026.04.03	08:46:40.263	0.69079	0.69083			6
2026.04.03	08:46:57.101	0.69075	0.69079			6
2026.04.03	08:46:58.004	0.69074	0.69077			6
2026.04.03	08:46:58.304		0.69078			4
2026.04.03	08:47:00.106	0.69074				2
2026.04.03	08:47:03.116	0.69073	0.69077			6
2026.04.03	08:47:03.715	0.69072	0.69076			6
2026.04.03	08:47:04.017	0.69073	0.69077			6
2026.04.03	08:47:05.824	0.69074				2
2026.04.03	08:47:11.832		0.69078			4
2026.04.03	08:47:12.434		0.69077			4
2026.04.03	08:47:16.044		0.69078			4
2026.04.03	08:47:16.946	0.69073	0.69077			6
2026.04.03	08:47:46.418	0.69072	0.69076			6
2026.04.03	08:47:46.719		0.69075			4
2026.04.03	08:47:49.727	0.69074	0.69078			6
2026.04.03	08:47:53.933	0.69073	0.69077			6
2026.04.03	08:47:55.137	0.69074	0.69078			6
2026.04.03	08:48:00.259	0.69074				2
2026.04.03	08:48:08.080	0.69073	0.69077			6
2026.04.03	08:48:15.599	0.69074	0.69078			6
2026.04.03	08:48:17.404	0.69072	0.69076			6
2026.04.03	08:48:22.523	0.69073	0.69077			6
2026.04.03	08:48:34.569	0.69072	0.69076			6
2026.04.03	08:48:39.678	0.69074	0.69078			6
2026.04.03	08:49:00.124	0.69074				2
2026.04.03	08:49:20.885	0.69073	0.69077			6
2026.04.03	08:49:26.300	0.69070	0.69074			6
2026.04.03	08:49:56.376	0.69073	0.69077			6
2026.04.03	08:49:56.676	0.69072	0.69076			6
2026.04.03	08:49:56.976	0.69071	0.69075			6
2026.04.03	08:50:00.285	0.69071				2
2026.04.03	08:50:07.196	0.69068	0.69072			6
2026.04.03	08:50:08.398	0.69070	0.69074			6
2026.04.03	08:50:08.701	0.69071	0.69075			6
2026.04.03	08:50:09.599	0.69070	0.69074			6
2026.04.03	08:50:12.607		0.69073			4
2026.04.03	08:50:13.207		0.69074			4
2026.04.03	08:50:14.412		0.69073			4
2026.04.03	08:50:15.316		0.69074			4
2026.04.03	08:50:16.219		0.69073			4
2026.04.03	08:50:17.722	0.69069				2
2026.04.03	08:50:25.234		0.69072			4
2026.04.03	08:50:25.538	0.69068				2
2026.04.03	08:50:36.382	0.69069	0.69073			6
2026.04.03	08:50:46.303	0.69068	0.69072			6
2026.04.03	08:50:47.206	0.69069	0.69073			6
2026.04.03	08:51:00.125	0.69069				2
2026.04.03	08:51:06.138	0.69071	0.69075			6
2026.04.03	08:51:10.359	0.69070	0.69074			6
2026.04.03	08:51:10.659	0.69071	0.69075			6
2026.04.03	08:51:13.067		0.69074			4
2026.04.03	08:51:13.370		0.69075			4
2026.04.03	08:51:25.408	0.69069	0.69073			6
2026.04.03	08:52:00.298	0.69069				2
2026.04.03	08:52:25.556		0.69073			4
2026.04.03	08:52:31.277	0.69070	0.69074			6
2026.04.03	08:52:35.785	0.69071	0.69075			6
2026.04.03	08:52:45.101	0.69072	0.69076			6
2026.04.03	08:52:45.403	0.69073	0.69077			6
2026.04.03	08:52:46.004	0.69069	0.69073			6
2026.04.03	08:52:50.507	0.69070	0.69074			6
2026.04.03	08:53:00.137	0.69070				2
2026.04.03	08:53:09.163	0.69071	0.69075			6
2026.04.03	08:53:14.281		0.69074			4
2026.04.03	08:53:20.300		0.69075			4
2026.04.03	08:53:27.521	0.69066	0.69070			6
2026.04.03	08:53:54.579	0.69065	0.69068			6
2026.04.03	08:53:59.688	0.69067	0.69071			6
2026.04.03	08:54:00.286	0.69067				2
2026.04.03	08:54:04.495	0.69069	0.69073			6
2026.04.03	08:54:26.148	0.69068	0.69072			6
2026.04.03	08:54:30.661	0.69069	0.69073			6
2026.04.03	08:54:32.170	0.69067	0.69071			6
2026.04.03	08:54:33.677	0.69068				2
2026.04.03	08:54:33.979		0.69072			4
2026.04.03	08:54:43.592	0.69069	0.69073			6
2026.04.03	08:54:49.312	0.69068	0.69072			6
2026.04.03	08:54:54.738	0.69067	0.69071			6
2026.04.03	08:55:00.159	0.69067				2
2026.04.03	08:55:11.578	0.69069	0.69073			6
2026.04.03	08:55:18.488	0.69067	0.69071			6
2026.04.03	08:55:21.792	0.69068				2
2026.04.03	08:55:23.594	0.69067				2
2026.04.03	08:55:30.512	0.69069	0.69073			6
2026.04.03	08:55:52.759	0.69067	0.69071			6
2026.04.03	08:55:58.479	0.69069	0.69073			6
2026.04.03	08:55:58.780	0.69070				2
2026.04.03	08:55:59.077	0.69069				2
2026.04.03	08:56:00.279	0.69069				2
2026.04.03	08:56:01.183	0.69070	0.69074			6
2026.04.03	08:56:07.490	0.69069	0.69073			6
2026.04.03	08:56:21.321	0.69070	0.69074			6
2026.04.03	08:56:23.728	0.69069	0.69073			6
2026.04.03	08:56:39.375	0.69068	0.69072			6
2026.04.03	08:57:00.128	0.69068				2
2026.04.03	08:57:00.730	0.69066	0.69070			6
2026.04.03	08:57:02.534	0.69067	0.69071			6
2026.04.03	08:57:04.641	0.69066	0.69070			6
2026.04.03	08:57:34.116	0.69071	0.69075			6
2026.04.03	08:57:35.316	0.69070	0.69074			6
2026.04.03	08:57:45.548	0.69073	0.69077			6
2026.04.03	08:57:49.162	0.69074	0.69078			6
2026.04.03	08:57:49.762	0.69075	0.69079			6
2026.04.03	08:57:59.986	0.69074	0.69078			6
2026.04.03	08:58:00.286	0.69074				2
2026.04.03	08:58:09.910	0.69078	0.69082			6
2026.04.03	08:58:10.511	0.69080	0.69084			6
2026.04.03	08:58:10.814	0.69081				2
2026.04.03	08:58:15.018	0.69082				2
2026.04.03	08:58:17.423		0.69085			4
2026.04.03	08:58:51.404		0.69086			4
2026.04.03	08:59:00.136	0.69082				2
2026.04.03	08:59:07.949	0.69081	0.69085			6
2026.04.03	08:59:16.677	0.69082	0.69086			6
2026.04.03	08:59:50.966	0.69083	0.69085			6
2026.04.03	08:59:58.486		0.69087			4
2026.04.03	09:00:00.289	0.69083				2
2026.04.03	09:00:00.888	0.69082	0.69086			6
2026.04.03	09:00:03.294	0.69081	0.69085			6
2026.04.03	09:00:05.997	0.69082	0.69086			6
2026.04.03	09:00:30.661	0.69079	0.69082			6
2026.04.03	09:00:32.164	0.69080	0.69083			6
2026.04.03	09:00:33.063		0.69084			4
2026.04.03	09:00:38.769		0.69083			4
2026.04.03	09:00:42.377		0.69084			4
2026.04.03	09:00:48.689		0.69083			4
2026.04.03	09:00:50.793		0.69084			4
2026.04.03	09:00:51.996	0.69081	0.69085			6
2026.04.03	09:00:52.298	0.69082				2
2026.04.03	09:01:00.118	0.69082				2
2026.04.03	09:01:00.718	0.69081				2
2026.04.03	09:01:09.429	0.69082	0.69086			6
2026.04.03	09:01:16.646	0.69081	0.69084			6
2026.04.03	09:01:24.155	0.69080				2
2026.04.03	09:01:27.461	0.69081				2
2026.04.03	09:01:33.477	0.69084	0.69087			6
2026.04.03	09:01:34.680	0.69085				2
2026.04.03	09:01:37.076	0.69087	0.69090			6
2026.04.03	09:01:38.581	0.69086				2
2026.04.03	09:01:38.878	0.69087				2
2026.04.03	09:01:39.480		0.69089			4
2026.04.03	09:01:40.982	0.69086				2
2026.04.03	09:01:44.589		0.69088			4
2026.04.03	09:01:45.186	0.69085	0.69089			6
2026.04.03	09:01:52.412		0.69088			4
2026.04.03	09:01:53.613	0.69084	0.69087			6
2026.04.03	09:02:00.226	0.69084				2
2026.04.03	09:02:10.137	0.69082	0.69085			6
2026.04.03	09:02:10.438	0.69081	0.69084			6
2026.04.03	09:02:10.737		0.69085			4
2026.04.03	09:02:13.445	0.69082	0.69086			6
2026.04.03	09:02:15.249	0.69083	0.69085			6
2026.04.03	09:02:15.548	0.69082	0.69084			6
2026.04.03	09:02:16.752	0.69083	0.69085			6
2026.04.03	09:02:17.658	0.69082	0.69086			6
2026.04.03	09:02:25.480	0.69081	0.69085			6
2026.04.03	09:02:40.821	0.69080	0.69082			6
2026.04.03	09:02:41.123		0.69083			4
2026.04.03	09:02:42.324	0.69079	0.69082			6
2026.04.03	09:02:48.637		0.69083			4
2026.04.03	09:02:49.540		0.69082			4
2026.04.03	09:02:49.842	0.69078				2
2026.04.03	09:03:00.079	0.69078				2
2026.04.03	09:03:03.086	0.69079				2
2026.04.03	09:03:09.998	0.69075	0.69079			6
2026.04.03	09:03:10.299	0.69076	0.69080			6
2026.04.03	09:03:16.612	0.69077	0.69081			6
2026.04.03	09:03:17.816	0.69078	0.69082			6
2026.04.03	09:03:31.043	0.69077	0.69081			6
2026.04.03	09:03:33.446	0.69078	0.69082			6
2026.04.03	09:03:38.857	0.69077	0.69081			6
2026.04.03	09:03:39.159	0.69078				2
2026.04.03	09:03:44.574		0.69082			4
2026.04.03	09:03:44.875	0.69079				2
2026.04.03	09:03:50.594	0.69078				2
2026.04.03	09:04:00.223	0.69078				2
2026.04.03	09:04:11.951		0.69081			4
2026.04.03	09:04:25.480		0.69080			4
2026.04.03	09:04:28.483	0.69077				2
2026.04.03	09:04:32.410	0.69073	0.69077			6
2026.04.03	09:04:32.708		0.69076			4
2026.04.03	09:04:33.010		0.69077			4
2026.04.03	09:04:33.310	0.69072	0.69076			6
2026.04.03	09:04:36.918	0.69073	0.69077			6
2026.04.03	09:04:59.465	0.69072	0.69076			6
2026.04.03	09:05:00.066	0.69072				2
2026.04.03	09:05:02.771	0.69073	0.69077			6
2026.04.03	09:05:03.070	0.69072	0.69076			6
2026.04.03	09:05:12.390		0.69075			4
2026.04.03	09:05:14.496		0.69076			4
2026.04.03	09:05:24.428		0.69075			4
2026.04.03	09:05:43.086		0.69076			4
2026.04.03	09:05:43.388	0.69073	0.69077			6
2026.04.03	09:05:48.507	0.69072	0.69076			6
2026.04.03	09:05:50.307	0.69073	0.69077			6
2026.04.03	09:06:00.245	0.69073				2
2026.04.03	09:06:03.554	0.69072	0.69076			6
2026.04.03	09:06:17.086	0.69073	0.69077			6
2026.04.03	09:06:17.391	0.69072	0.69075			6
2026.04.03	09:06:19.800		0.69076			4
2026.04.03	09:06:22.205	0.69074				2
2026.04.03	09:06:24.614	0.69072				2
2026.04.03	09:06:25.816		0.69075			4
2026.04.03	09:06:28.227	0.69067	0.69071			6
2026.04.03	09:06:48.082		0.69070			4
2026.04.03	09:06:48.383		0.69071			4
2026.04.03	09:06:48.685	0.69064	0.69068			6
2026.04.03	09:06:50.485	0.69065				2
2026.04.03	09:06:52.286	0.69064				2
2026.04.03	09:06:53.186	0.69063	0.69067			6
2026.04.03	09:07:00.105	0.69063				2
2026.04.03	09:07:22.661	0.69064				2
2026.04.03	09:07:25.371	0.69063				2
2026.04.03	09:07:53.351		0.69067			4
2026.04.03	09:08:00.282	0.69063				2
2026.04.03	09:08:04.196	0.69067	0.69071			6
2026.04.03	09:08:38.804	0.69066	0.69070			6
2026.04.03	09:08:40.304	0.69067	0.69071			6
2026.04.03	09:08:49.022	0.69070	0.69072			6
2026.04.03	09:08:49.321	0.69068				2
2026.04.03	09:09:00.155	0.69068				2
2026.04.03	09:09:16.084	0.69076	0.69080			6
2026.04.03	09:09:19.687		0.69079			4
2026.04.03	09:09:30.512		0.69080			4
2026.04.03	09:09:42.837	0.69080	0.69083			6
2026.04.03	09:09:43.139		0.69084			4
2026.04.03	09:09:46.151	0.69081				2
2026.04.03	09:09:53.678		0.69083			4
2026.04.03	09:09:58.786	0.69080				2
2026.04.03	09:10:00.291	0.69080				2
2026.04.03	09:10:05.407		0.69084			4
2026.04.03	09:10:08.712	0.69081	0.69085			6
2026.04.03	09:10:09.011		0.69084			4
2026.04.03	09:10:15.025	0.69080				2
2026.04.03	09:10:15.933	0.69078	0.69082			6
2026.04.03	09:10:18.339		0.69081			4
2026.04.03	09:10:32.476		0.69082			4
2026.04.03	09:10:39.091	0.69077	0.69080			6
2026.04.03	09:10:39.993	0.69078				2
2026.04.03	09:10:40.593	0.69077				2
2026.04.03	09:10:44.813	0.69078				2
2026.04.03	09:11:00.151	0.69078				2
2026.04.03	09:11:08.265	0.69073	0.69076			6
2026.04.03	09:11:11.876		0.69077			4
2026.04.03	09:11:12.175		0.69076			4
2026.04.03	09:11:23.887		0.69077			4
2026.04.03	09:12:00.280	0.69073				2
2026.04.03	09:12:01.481	0.69072	0.69076			6
2026.04.03	09:12:34.554	0.69071	0.69074			6
2026.04.03	09:12:39.070		0.69073			4
2026.04.03	09:12:42.380	0.69072	0.69074			6
2026.04.03	09:12:42.679		0.69076			4
2026.04.03	09:13:00.131	0.69072				2
2026.04.03	09:13:09.451	0.69073	0.69077			6
2026.04.03	09:13:12.463	0.69074	0.69078			6
2026.04.03	09:13:12.765	0.69075	0.69079			6
2026.04.03	09:13:16.980	0.69076				2
2026.04.03	09:13:22.992	0.69078	0.69081			6
2026.04.03	09:13:27.807		0.69080			4
2026.04.03	09:13:29.307		0.69081			4
2026.04.03	09:13:47.352		0.69082			4
2026.04.03	09:14:00.277	0.69078				2
2026.04.03	09:14:09.602		0.69081			4
2026.04.03	09:14:21.630		0.69082			4
2026.04.03	09:14:25.850	0.69079	0.69083			6
2026.04.03	09:14:58.329	0.69078	0.69082			6
2026.04.03	09:14:58.631		0.69081			4
2026.04.03	09:15:00.132	0.69077				2
2026.04.03	09:15:00.433		0.69080			4
2026.04.03	09:15:04.655	0.69075	0.69078			6
2026.04.03	09:15:09.776	0.69076	0.69080			6
2026.04.03	09:16:00.276	0.69076				2
2026.04.03	09:16:09.907		0.69080			4
2026.04.03	09:16:57.433	0.69077	0.69081			6
2026.04.03	09:17:00.137	0.69077				2
2026.04.03	09:17:13.662	0.69078				2
2026.04.03	09:17:14.560	0.69077				2
2026.04.03	09:17:14.863	0.69078				2
2026.04.03	09:17:15.463	0.69077				2
2026.04.03	09:17:19.669	0.69078				2
2026.04.03	09:17:19.972	0.69077				2
2026.04.03	09:17:20.270	0.69084	0.69088			6
2026.04.03	09:17:20.571	0.69085				2
2026.04.03	09:17:21.173	0.69084				2
2026.04.03	09:17:28.985	0.69089	0.69091			6
2026.04.03	09:17:29.285	0.69090	0.69093			6
2026.04.03	09:17:29.586	0.69091	0.69094			6
2026.04.03	09:17:29.885		0.69095			4
2026.04.03	09:17:35.903	0.69092	0.69096			6
2026.04.03	09:18:00.279	0.69092				2
2026.04.03	09:18:11.999	0.69091	0.69095			6
2026.04.03	09:18:17.715	0.69092	0.69096			6
2026.04.03	09:18:20.121	0.69091	0.69094			6
2026.04.03	09:18:20.722	0.69092	0.69096			6
2026.04.03	09:18:24.031	0.69091	0.69095			6
2026.04.03	09:18:29.737	0.69089	0.69093			6
2026.04.03	09:18:46.588	0.69088	0.69092			6
2026.04.03	09:18:46.887	0.69089	0.69093			6
2026.04.03	09:18:50.495	0.69090				2
2026.04.03	09:18:50.798	0.69091	0.69095			6
2026.04.03	09:18:53.499	0.69092	0.69096			6
2026.04.03	09:19:00.124	0.69092				2
2026.04.03	09:19:18.787	0.69093	0.69097			6
2026.04.03	09:19:20.595	0.69092	0.69096			6
2026.04.03	09:20:00.282	0.69092				2
2026.04.03	09:20:04.188	0.69095	0.69099			6
2026.04.03	09:20:08.701	0.69097	0.69101			6
2026.04.03	09:20:09.907	0.69099	0.69103			6
2026.04.03	09:20:17.431	0.69100	0.69104			6
2026.04.03	09:20:20.135	0.69102	0.69106			6
2026.04.03	09:20:43.013	0.69099	0.69103			6
2026.04.03	09:20:49.930	0.69100	0.69104			6
2026.04.03	09:20:53.534	0.69101	0.69105			6
2026.04.03	09:20:53.837	0.69102	0.69106			6
2026.04.03	09:20:54.137	0.69100	0.69104			6
2026.04.03	09:20:54.438	0.69102				2
2026.04.03	09:21:00.151	0.69102				2
2026.04.03	09:21:01.356		0.69106			4
2026.04.03	09:21:26.939	0.69103				2
2026.04.03	09:21:54.294	0.69100	0.69104			6
2026.04.03	09:21:54.595	0.69101	0.69105			6
2026.04.03	09:22:00.007	0.69101				2
2026.04.03	09:22:16.546	0.69100	0.69104			6
2026.04.03	09:22:18.951	0.69101	0.69105			6
2026.04.03	09:22:24.965	0.69100	0.69104			6
2026.04.03	09:22:58.047		0.69103			4
2026.04.03	09:23:00.153	0.69100				2
2026.04.03	09:23:02.562	0.69099				2
2026.04.03	09:23:04.671	0.69097	0.69101			6
2026.04.03	09:23:15.491	0.69098	0.69102			6
2026.04.03	09:23:21.515	0.69097	0.69101			6
2026.04.03	09:23:22.415		0.69100			4
2026.04.03	09:23:22.715	0.69096				2
2026.04.03	09:23:37.155	0.69097	0.69101			6
2026.04.03	09:23:43.468	0.69098				2
2026.04.03	09:23:46.174	0.69097				2
2026.04.03	09:23:50.983	0.69099	0.69103			6
2026.04.03	09:24:00.300	0.69098	0.69101			6
2026.04.03	09:24:02.101		0.69102			4
2026.04.03	09:24:14.422	0.69099	0.69103			6
2026.04.03	09:24:28.846	0.69098	0.69102			6
2026.04.03	09:24:34.556	0.69100	0.69103			6
2026.04.03	09:24:42.376	0.69098	0.69102			6
2026.04.03	09:25:00.121	0.69098				2
2026.04.03	09:25:03.725	0.69094	0.69098			6
2026.04.03	09:25:33.801	0.69093	0.69097			6
2026.04.03	09:25:37.108	0.69095	0.69099			6
2026.04.03	09:25:43.420	0.69093	0.69097			6
2026.04.03	09:25:51.242	0.69091	0.69095			6
2026.04.03	09:25:51.542	0.69090	0.69094			6
2026.04.03	09:26:00.271	0.69090				2
2026.04.03	09:26:20.723		0.69093			4
2026.04.03	09:26:21.024		0.69094			4
2026.04.03	09:26:33.655		0.69093			4
2026.04.03	09:26:33.957		0.69094			4
2026.04.03	09:27:00.122	0.69090				2
2026.04.03	09:27:34.107		0.69094			4
2026.04.03	09:27:54.551		0.69092			4
2026.04.03	09:27:57.259	0.69089	0.69091			6
2026.04.03	09:27:59.670	0.69088	0.69090			6
2026.04.03	09:28:00.270	0.69088				2
2026.04.03	09:28:00.876	0.69087				2
2026.04.03	09:28:01.180	0.69083	0.69085			6
2026.04.03	09:28:21.945		0.69086			4
2026.04.03	09:28:24.651		0.69085			4
2026.04.03	09:28:26.451		0.69086			4
2026.04.03	09:28:49.004		0.69085			4
2026.04.03	09:28:52.311		0.69086			4
2026.04.03	09:28:58.624		0.69087			4
2026.04.03	09:28:59.827		0.69086			4
2026.04.03	09:29:00.129	0.69083				2
2026.04.03	09:29:06.451		0.69087			4
2026.04.03	09:29:06.754		0.69086			4
2026.04.03	09:29:28.713		0.69087			4
2026.04.03	09:29:51.263		0.69086			4
2026.04.03	09:29:51.563	0.69079	0.69083			6
2026.04.03	09:29:51.863	0.69080				2
2026.04.03	09:29:53.674	0.69081	0.69084			6
2026.04.03	09:30:00.290	0.69080				2
2026.04.03	09:30:00.590		0.69083			4
2026.04.03	09:30:01.194	0.69079				2
2026.04.03	09:30:08.705	0.69080				2
2026.04.03	09:30:15.013	0.69079				2
2026.04.03	09:30:26.435	0.69080				2
2026.04.03	09:30:43.900	0.69079				2
2026.04.03	09:30:51.421	0.69081				2
2026.04.03	09:30:51.720		0.69084			4
2026.04.03	09:30:52.923	0.69082				2
2026.04.03	09:30:55.329	0.69079	0.69083			6
2026.04.03	09:30:55.631	0.69081				2
2026.04.03	09:31:00.142	0.69081				2
2026.04.03	09:31:01.347	0.69082	0.69086			6
2026.04.03	09:31:01.647		0.69085			4
2026.04.03	09:31:07.058		0.69086			4
2026.04.03	09:31:07.358	0.69080	0.69084			6
2026.04.03	09:31:07.659	0.69081				2
2026.04.03	09:31:11.573	0.69080				2
2026.04.03	09:31:11.877	0.69078	0.69082			6
2026.04.03	09:31:18.482		0.69081			4
2026.04.03	09:31:24.799		0.69082			4
2026.04.03	09:31:25.703	0.69075	0.69078			6
2026.04.03	09:31:29.005	0.69076	0.69080			6
2026.04.03	09:31:29.304	0.69080	0.69083			6
2026.04.03	09:31:30.204	0.69079				2
2026.04.03	09:31:32.007		0.69082			4
2026.04.03	09:31:32.608		0.69083			4
2026.04.03	09:31:44.032	0.69074	0.69078			6
2026.04.03	09:31:55.153	0.69075				2
2026.04.03	09:31:57.859	0.69074				2
2026.04.03	09:32:00.268	0.69074				2
2026.04.03	09:32:01.471	0.69078	0.69081			6
2026.04.03	09:32:02.072	0.69079				2
2026.04.03	09:32:02.376		0.69082			4
2026.04.03	09:32:04.777		0.69083			4
2026.04.03	09:32:19.825		0.69082			4
2026.04.03	09:32:28.236	0.69078	0.69081			6
2026.04.03	09:32:30.043	0.69077				2
2026.04.03	09:32:33.956	0.69078				2
2026.04.03	09:32:38.774	0.69077				2
2026.04.03	09:33:00.126	0.69077				2
2026.04.03	09:33:01.924		0.69080			4
2026.04.03	09:33:04.932	0.69076				2
2026.04.03	09:33:22.977	0.69077				2
2026.04.03	09:33:32.288	0.69078				2
2026.04.03	09:33:41.613	0.69077				2
2026.04.03	09:33:46.122	0.69078				2
2026.04.03	09:33:46.422	0.69077				2
2026.04.03	09:33:47.926	0.69071	0.69074			6
2026.04.03	09:33:52.735	0.69070	0.69073			6
2026.04.03	09:34:00.254	0.69067	0.69071			6
2026.04.03	09:34:00.554	0.69066	0.69070			6
2026.04.03	09:34:04.761	0.69065	0.69069			6
2026.04.03	09:34:05.062		0.69067			4
2026.04.03	09:34:08.078	0.69064				2
2026.04.03	09:34:12.580	0.69066	0.69069			6
2026.04.03	09:34:21.594	0.69063	0.69066			6
2026.04.03	09:34:23.997	0.69062	0.69065			6
2026.04.03	09:34:24.597	0.69061				2
2026.04.03	09:34:26.707	0.69063				2
2026.04.03	09:34:28.509	0.69064	0.69066			6
2026.04.03	09:34:34.223	0.69063	0.69065			6
2026.04.03	09:34:48.656	0.69062				2
2026.04.03	09:34:50.162	0.69064	0.69066			6
2026.04.03	09:34:52.570	0.69063				2
2026.04.03	09:34:56.781	0.69064				2
2026.04.03	09:35:00.092	0.69064	0.69067			6
2026.04.03	09:35:04.307	0.69063	0.69066			6
2026.04.03	09:35:05.210	0.69064	0.69067			6
2026.04.03	09:35:05.811	0.69066	0.69068			6
2026.04.03	09:35:30.787	0.69065	0.69067			6
2026.04.03	09:35:33.797	0.69064				2
2026.04.03	09:35:54.535	0.69065				2
2026.04.03	09:36:00.245	0.69065				2
2026.04.03	09:36:01.449		0.69068			4
2026.04.03	09:36:03.557		0.69067			4
2026.04.03	09:36:27.013	0.69064				2
2026.04.03	09:36:28.518		0.69068			4
2026.04.03	09:36:40.245	0.69063	0.69066			6
2026.04.03	09:36:40.544	0.69062				2
2026.04.03	09:36:46.558	0.69063				2
2026.04.03	09:37:00.105	0.69063				2
2026.04.03	09:37:03.709	0.69062				2
2026.04.03	09:37:07.010	0.69063				2
2026.04.03	09:37:08.213	0.69058	0.69061			6
2026.04.03	09:37:10.614	0.69059				2
2026.04.03	09:37:12.117	0.69060	0.69062			6
2026.04.03	09:37:12.718	0.69061	0.69063			6
2026.04.03	09:37:13.318		0.69065			4
2026.04.03	09:37:21.137	0.69062				2
2026.04.03	09:37:32.565	0.69060	0.69062			6
2026.04.03	09:37:32.866	0.69059				2
2026.04.03	09:37:41.888	0.69057	0.69061			6
2026.04.03	09:37:42.187	0.69058				2
2026.04.03	09:37:57.222	0.69059				2
2026.04.03	09:38:00.233	0.69059				2
2026.04.03	09:38:05.338	0.69058				2
2026.04.03	09:38:17.065	0.69059				2
2026.04.03	09:38:24.586	0.69058				2
2026.04.03	09:38:25.186	0.69059				2
2026.04.03	09:38:25.487	0.69058				2
2026.04.03	09:38:25.789	0.69059				2
2026.04.03	09:38:27.295	0.69058				2
2026.04.03	09:38:30.907	0.69057				2
2026.04.03	09:38:32.411	0.69058				2
2026.04.03	09:38:34.812	0.69057				2
2026.04.03	09:38:39.320		0.69060			4
2026.04.03	09:38:48.639	0.69056				2
2026.04.03	09:38:53.454	0.69057				2
2026.04.03	09:38:55.857	0.69058				2
2026.04.03	09:38:57.359	0.69057				2
2026.04.03	09:38:58.262	0.69056				2
2026.04.03	09:39:00.068	0.69056				2
2026.04.03	09:39:00.969	0.69067	0.69070			6
2026.04.03	09:39:01.270	0.69068				2
2026.04.03	09:39:06.088		0.69071			4
2026.04.03	09:39:08.495	0.69069				2
2026.04.03	09:39:11.507	0.69067				2
2026.04.03	09:39:12.110	0.69068				2
2026.04.03	09:39:29.566	0.69063	0.69067			6
2026.04.03	09:39:29.869	0.69064				2
2026.04.03	09:39:30.774	0.69063				2
2026.04.03	09:39:31.377	0.69062	0.69066			6
2026.04.03	09:40:00.256	0.69062				2
2026.04.03	09:40:01.158	0.69063	0.69065			6
2026.04.03	09:40:01.757	0.69066	0.69069			6
2026.04.03	09:40:05.060		0.69070			4
2026.04.03	09:40:08.970	0.69068	0.69072			6
2026.04.03	09:40:38.148	0.69072	0.69076			6
2026.04.03	09:40:38.446	0.69075	0.69079			6
2026.04.03	09:40:49.276	0.69078	0.69082			6
2026.04.03	09:41:00.105	0.69078				2
2026.04.03	09:41:22.977	0.69075	0.69079			6
2026.04.03	09:41:23.278	0.69078	0.69082			6
2026.04.03	09:41:30.794	0.69080	0.69084			6
2026.04.03	09:41:49.737		0.69083			4
2026.04.03	09:41:54.246	0.69081				2
2026.04.03	09:41:57.851	0.69080				2
2026.04.03	09:41:58.451	0.69079				2
2026.04.03	09:42:00.255	0.69079				2
2026.04.03	09:42:01.158	0.69081	0.69085			6
2026.04.03	09:42:01.455	0.69082	0.69086			6
2026.04.03	09:42:06.570	0.69084	0.69088			6
2026.04.03	09:42:06.870	0.69085	0.69089			6
2026.04.03	09:42:07.173	0.69086	0.69090			6
2026.04.03	09:42:07.778	0.69088	0.69091			6
2026.04.03	09:42:08.078	0.69089	0.69093			6
2026.04.03	09:42:08.676	0.69087	0.69091			6
2026.04.03	09:42:09.276	0.69086	0.69089			6
2026.04.03	09:42:11.379		0.69090			4
2026.04.03	09:42:11.683	0.69087				2
2026.04.03	09:42:14.986		0.69091			4
2026.04.03	09:42:20.403	0.69088	0.69092			6
2026.04.03	09:43:00.089	0.69088				2
2026.04.03	09:43:00.990	0.69087	0.69091			6
2026.04.03	09:43:43.106	0.69082	0.69086			6
2026.04.03	09:43:50.925	0.69077	0.69081			6
2026.04.03	09:43:51.829	0.69079	0.69082			6
2026.04.03	09:43:52.133	0.69080	0.69083			6
2026.04.03	09:43:57.238	0.69079				2
2026.04.03	09:44:00.242	0.69079				2
2026.04.03	09:44:07.468	0.69078	0.69082			6
2026.04.03	09:44:10.776	0.69079	0.69083			6
2026.04.03	09:44:15.283	0.69080				2
2026.04.03	09:44:17.085	0.69078	0.69082			6
2026.04.03	09:44:19.189	0.69077	0.69080			6
2026.04.03	09:44:29.408	0.69076				2
2026.04.03	09:44:36.933	0.69077	0.69081			6
2026.04.03	09:44:50.767	0.69078	0.69082			6
2026.04.03	09:44:51.371	0.69079	0.69083			6
2026.04.03	09:44:52.575	0.69080				2
2026.04.03	09:45:00.082	0.69080				2
2026.04.03	09:45:00.384	0.69081	0.69085			6
2026.04.03	09:45:06.705	0.69080	0.69083			6
2026.04.03	09:45:07.008	0.69077	0.69081			6
2026.04.03	09:45:07.606	0.69079	0.69083			6
2026.04.03	09:45:07.906	0.69080				2
2026.04.03	09:45:10.910	0.69079				2
2026.04.03	09:45:11.210	0.69080				2
2026.04.03	09:45:11.512	0.69079				2
2026.04.03	09:45:11.811	0.69080				2
2026.04.03	09:45:13.914	0.69079				2
2026.04.03	09:45:14.818	0.69082	0.69086			6
2026.04.03	09:45:17.222	0.69081	0.69085			6
2026.04.03	09:45:20.232	0.69082	0.69086			6
2026.04.03	09:45:22.339	0.69081	0.69085			6
2026.04.03	09:45:22.642	0.69078	0.69082			6
2026.04.03	09:45:22.940	0.69077	0.69081			6
2026.04.03	09:45:27.144	0.69078	0.69082			6
2026.04.03	09:45:40.079	0.69079				2
2026.04.03	09:45:52.708	0.69078				2
2026.04.03	09:46:00.223	0.69081	0.69085			6
2026.04.03	09:46:00.522	0.69082	0.69086			6
2026.04.03	09:46:27.292	0.69083				2
2026.04.03	09:46:31.196		0.69087			4
2026.04.03	09:46:31.800	0.69086	0.69090			6
2026.04.03	09:46:43.525	0.69087	0.69091			6
2026.04.03	09:46:44.126	0.69086	0.69090			6
2026.04.03	09:46:53.147	0.69092	0.69096			6
2026.04.03	09:46:53.452	0.69093				2
2026.04.03	09:46:53.748		0.69097			4
2026.04.03	09:47:00.059	0.69093				2
2026.04.03	09:47:04.874	0.69095				2
2026.04.03	09:47:05.176	0.69094				2
2026.04.03	09:47:07.576	0.69093				2
2026.04.03	09:47:11.186	0.69091	0.69095			6
2026.04.03	09:47:41.285	0.69090	0.69094			6
2026.04.03	09:47:41.586		0.69093			4
2026.04.03	09:47:50.910		0.69094			4
2026.04.03	09:47:54.221		0.69093			4
2026.04.03	09:47:57.229		0.69094			4
2026.04.03	09:48:00.232	0.69090				2
2026.04.03	09:48:05.339		0.69093			4
2026.04.03	09:48:07.748		0.69094			4
2026.04.03	09:48:09.254	0.69089	0.69093			6
2026.04.03	09:48:13.756	0.69090	0.69094			6
2026.04.03	09:48:14.358	0.69089	0.69093			6
2026.04.03	09:48:25.183	0.69088	0.69091			6
2026.04.03	09:48:25.480	0.69085	0.69089			6
2026.04.03	09:48:32.096	0.69086	0.69090			6
2026.04.03	09:49:00.062	0.69086				2
2026.04.03	09:49:11.486	0.69088				2
2026.04.03	09:49:11.779	0.69087	0.69091			6
2026.04.03	09:49:14.485	0.69088				2
2026.04.03	09:49:14.784		0.69092			4
2026.04.03	09:49:15.686	0.69089	0.69093			6
2026.04.03	09:49:40.975	0.69090	0.69094			6
2026.04.03	09:49:59.915	0.69089				2
2026.04.03	09:50:00.216	0.69089				2
2026.04.03	09:50:05.622		0.69093			4
2026.04.03	09:50:06.823	0.69090	0.69094			6
2026.04.03	09:50:09.829	0.69089				2
2026.04.03	09:50:10.130	0.69090				2
2026.04.03	09:50:10.431	0.69089				2
2026.04.03	09:50:14.636	0.69090				2
2026.04.03	09:50:16.139	0.69091	0.69095			6
2026.04.03	09:50:16.437	0.69090	0.69094			6
2026.04.03	09:50:17.040	0.69091	0.69095			6
2026.04.03	09:50:17.939	0.69090	0.69094			6
2026.04.03	09:50:19.148	0.69091	0.69095			6
2026.04.03	09:50:19.448	0.69092	0.69096			6
2026.04.03	09:50:22.155	0.69093	0.69097			6
2026.04.03	09:50:27.861	0.69095	0.69099			6
2026.04.03	09:50:28.161	0.69096	0.69100			6
2026.04.03	09:50:32.977	0.69095	0.69099			6
2026.04.03	09:50:57.631	0.69092	0.69096			6
2026.04.03	09:51:00.033	0.69092				2
2026.04.03	09:51:12.664	0.69093	0.69097			6
2026.04.03	09:51:25.589	0.69092	0.69096			6
2026.04.03	09:51:27.089	0.69093	0.69097			6
2026.04.03	09:51:36.716	0.69092	0.69096			6
2026.04.03	09:51:38.822	0.69093	0.69097			6
2026.04.03	09:51:42.126	0.69092	0.69096			6
2026.04.03	09:51:44.531	0.69093	0.69097			6
2026.04.03	09:51:44.833	0.69095	0.69099			6
2026.04.03	09:51:49.339	0.69091	0.69095			6
2026.04.03	09:51:49.640	0.69087	0.69091			6
2026.04.03	09:52:00.162	0.69087				2
2026.04.03	09:52:20.923	0.69086	0.69090			6
2026.04.03	09:52:21.523	0.69087	0.69091			6
2026.04.03	09:52:23.331	0.69084	0.69088			6
2026.04.03	09:52:31.157	0.69083	0.69087			6
2026.04.03	09:52:36.571	0.69082	0.69086			6
2026.04.03	09:52:40.779	0.69083				2
2026.04.03	09:52:44.386		0.69087			4
2026.04.03	09:52:45.286	0.69082	0.69086			6
2026.04.03	09:52:47.692	0.69083	0.69087			6
2026.04.03	09:52:51.303	0.69082	0.69086			6
2026.04.03	09:53:00.031	0.69082				2
2026.04.03	09:53:00.934	0.69083				2
2026.04.03	09:53:01.833	0.69082				2
2026.04.03	09:53:23.519	0.69083	0.69087			6
2026.04.03	09:53:24.720	0.69082	0.69086			6
2026.04.03	09:53:31.337	0.69085	0.69088			6
2026.04.03	09:53:31.635		0.69089			4
2026.04.03	09:53:35.243	0.69084	0.69088			6
2026.04.03	09:53:56.907	0.69085	0.69089			6
2026.04.03	09:54:00.209	0.69085				2
2026.04.03	09:54:05.617	0.69084	0.69088			6
2026.04.03	09:54:06.217	0.69085				2
2026.04.03	09:54:13.130	0.69083	0.69087			6
2026.04.03	09:54:13.730	0.69084				2
2026.04.03	09:54:15.536	0.69082	0.69086			6
2026.04.03	09:54:15.835	0.69083	0.69087			6
2026.04.03	09:54:21.846	0.69087	0.69091			6
2026.04.03	09:54:25.758	0.69086	0.69088			6
2026.04.03	09:54:26.060	0.69087	0.69091			6
2026.04.03	09:54:45.909	0.69088	0.69092			6
2026.04.03	09:54:47.714		0.69091			4
2026.04.03	09:54:48.015	0.69091	0.69094			6
2026.04.03	09:54:57.646	0.69092	0.69095			6
2026.04.03	09:55:00.055	0.69093	0.69097			6
2026.04.03	09:55:11.185		0.69096			4
2026.04.03	09:55:11.484		0.69095			4
2026.04.03	09:55:21.417		0.69096			4
2026.04.03	09:55:22.616		0.69095			4
2026.04.03	09:55:32.551		0.69096			4
2026.04.03	09:55:35.858		0.69097			4
2026.04.03	09:55:36.159	0.69095	0.69099			6
2026.04.03	09:55:36.460	0.69096				2
2026.04.03	09:55:44.279	0.69095	0.69098			6
2026.04.03	09:55:44.580	0.69094	0.69097			6
2026.04.03	09:55:53.307	0.69095	0.69099			6
2026.04.03	09:56:00.233	0.69095				2
2026.04.03	09:56:02.932	0.69094	0.69097			6
2026.04.03	09:56:08.042		0.69098			4
2026.04.03	09:56:14.358		0.69097			4
2026.04.03	09:56:20.378		0.69098			4
2026.04.03	09:56:22.185		0.69097			4
2026.04.03	09:56:22.485		0.69098			4
2026.04.03	09:56:25.791		0.69097			4
2026.04.03	09:56:36.615	0.69097	0.69100			6
2026.04.03	09:56:36.917		0.69099			4
2026.04.03	09:56:44.137	0.69094	0.69097			6
2026.04.03	09:56:57.076		0.69098			4
2026.04.03	09:56:57.380		0.69097			4
2026.04.03	09:56:57.680		0.69096			4
2026.04.03	09:57:00.084	0.69094				2
2026.04.03	09:57:02.185		0.69097			4
2026.04.03	09:57:02.485		0.69096			4
2026.04.03	09:57:06.992	0.69093	0.69095			6
2026.04.03	09:57:08.500		0.69096			4
2026.04.03	09:57:25.326		0.69097			4
2026.04.03	09:57:36.756	0.69094	0.69098			6
2026.04.03	09:57:37.057		0.69097			4
2026.04.03	09:57:37.356		0.69096			4
2026.04.03	09:57:40.060		0.69097			4
2026.04.03	09:57:52.390		0.69098			4
2026.04.03	09:57:52.689		0.69097			4
2026.04.03	09:57:54.190		0.69098			4
2026.04.03	09:57:56.296		0.69097			4
2026.04.03	09:58:00.206	0.69094				2
2026.04.03	09:58:09.237	0.69096	0.69099			6
2026.04.03	09:58:09.540	0.69095				2
2026.04.03	09:58:13.746	0.69096				2
2026.04.03	09:58:14.048	0.69095				2
2026.04.03	09:58:15.250		0.69098			4
2026.04.03	09:58:20.058		0.69099			4
2026.04.03	09:58:35.093	0.69094	0.69097			6
2026.04.03	09:58:45.035	0.69098	0.69102			6
2026.04.03	09:58:50.149	0.69097	0.69101			6
2026.04.03	09:59:00.076	0.69097				2
2026.04.03	09:59:01.277	0.69098	0.69102			6
2026.04.03	09:59:06.386		0.69101			4
2026.04.03	09:59:11.496		0.69102			4
2026.04.03	09:59:36.760		0.69101			4
2026.04.03	09:59:39.176		0.69100			4
2026.04.03	09:59:39.482		0.69101			4
2026.04.03	09:59:45.188	0.69097				2
2026.04.03	09:59:52.704	0.69098				2
2026.04.03	09:59:58.118	0.69097				2
2026.04.03	10:00:00.223	0.69097				2
2026.04.03	10:00:08.344	0.69098	0.69102			6
2026.04.03	10:00:10.149		0.69101			4
2026.04.03	10:00:22.175	0.69100	0.69104			6
2026.04.03	10:00:22.474	0.69101				2
2026.04.03	10:00:22.779	0.69103	0.69105			6
2026.04.03	10:00:25.482		0.69106			4
2026.04.03	10:00:26.385	0.69102				2
2026.04.03	10:00:26.682	0.69101	0.69104			6
2026.04.03	10:00:26.983	0.69100	0.69103			6
2026.04.03	10:00:27.284	0.69098	0.69101			6
2026.04.03	10:00:27.584		0.69102			4
2026.04.03	10:00:32.997	0.69099	0.69103			6
2026.04.03	10:01:00.065	0.69099				2
2026.04.03	10:01:02.477	0.69097	0.69100			6
2026.04.03	10:01:02.776		0.69101			4
2026.04.03	10:01:11.191	0.69098	0.69102			6
2026.04.03	10:01:12.692	0.69099	0.69103			6
2026.04.03	10:01:22.919	0.69103	0.69107			6
2026.04.03	10:01:23.219	0.69104	0.69108			6
2026.04.03	10:01:32.246	0.69105	0.69109			6
2026.04.03	10:01:33.150	0.69106				2
2026.04.03	10:01:34.354	0.69105				2
2026.04.03	10:01:42.778	0.69104	0.69108			6
2026.04.03	10:01:48.790	0.69103	0.69107			6
2026.04.03	10:01:51.192	0.69104	0.69108			6
2026.04.03	10:01:53.594	0.69101	0.69103			6
2026.04.03	10:01:53.896	0.69099				2
2026.04.03	10:02:00.208	0.69099				2
2026.04.03	10:02:02.005	0.69100	0.69104			6
2026.04.03	10:02:18.861	0.69101	0.69105			6
2026.04.03	10:02:19.160	0.69103	0.69107			6
2026.04.03	10:02:25.484	0.69102	0.69106			6
2026.04.03	10:02:26.086	0.69101	0.69105			6
2026.04.03	10:02:33.917	0.69102	0.69106			6
2026.04.03	10:02:37.522		0.69105			4
2026.04.03	10:02:52.257		0.69106			4
2026.04.03	10:02:52.857	0.69103	0.69107			6
2026.04.03	10:02:53.458	0.69102	0.69106			6
2026.04.03	10:02:54.058	0.69104	0.69108			6
2026.04.03	10:02:54.966	0.69105	0.69109			6
2026.04.03	10:03:00.074	0.69105				2
2026.04.03	10:03:15.107	0.69108	0.69111			6
2026.04.03	10:03:15.406		0.69112			4
2026.04.03	10:03:20.516	0.69109	0.69113			6
2026.04.03	10:03:22.016	0.69108	0.69112			6
2026.04.03	10:03:22.318	0.69107	0.69111			6
2026.04.03	10:03:24.423	0.69106	0.69110			6
2026.04.03	10:03:25.324	0.69104	0.69108			6
2026.04.03	10:03:28.034	0.69103	0.69107			6
2026.04.03	10:03:34.355	0.69101	0.69105			6
2026.04.03	10:03:37.060		0.69104			4
2026.04.03	10:03:37.962	0.69102				2
2026.04.03	10:03:41.875	0.69103	0.69107			6
2026.04.03	10:03:50.587	0.69102	0.69105			6
2026.04.03	10:03:50.886		0.69106			4
2026.04.03	10:03:54.190	0.69103	0.69107			6
2026.04.03	10:03:55.090	0.69102	0.69106			6
2026.04.03	10:04:00.204	0.69102				2
2026.04.03	10:04:01.703	0.69103	0.69107			6
2026.04.03	10:04:04.108	0.69102	0.69106			6
2026.04.03	10:04:12.525	0.69103	0.69107			6
2026.04.03	10:04:14.327	0.69102	0.69106			6
2026.04.03	10:04:17.935	0.69101	0.69105			6
2026.04.03	10:04:20.339	0.69102	0.69104			6
2026.04.03	10:04:23.049	0.69101	0.69105			6
2026.04.03	10:04:30.872	0.69102	0.69106			6
2026.04.03	10:04:37.482	0.69103	0.69107			6
2026.04.03	10:04:37.783	0.69102	0.69106			6
2026.04.03	10:04:41.986	0.69103				2
2026.04.03	10:04:42.286	0.69102				2
2026.04.03	10:04:45.595		0.69105			4
2026.04.03	10:05:00.031	0.69102				2
2026.04.03	10:05:00.331		0.69106			4
2026.04.03	10:05:01.233	0.69101	0.69105			6
2026.04.03	10:05:07.254	0.69102				2
2026.04.03	10:05:20.677		0.69106			4
2026.04.03	10:05:22.912	0.69096	0.69100			6
2026.04.03	10:05:23.213	0.69092	0.69096			6
2026.04.03	10:05:23.822	0.69093	0.69097			6
2026.04.03	10:05:24.125	0.69092	0.69096			6
2026.04.03	10:05:25.936	0.69093	0.69097			6
2026.04.03	10:05:26.237	0.69092	0.69096			6
2026.04.03	10:05:27.437	0.69093	0.69097			6
2026.04.03	10:05:27.739	0.69094	0.69098			6
2026.04.03	10:05:35.273	0.69093	0.69097			6
2026.04.03	10:05:42.506	0.69092	0.69096			6
2026.04.03	10:06:00.250	0.69092				2
2026.04.03	10:06:00.551	0.69091	0.69095			6
2026.04.03	10:06:04.464	0.69092	0.69096			6
2026.04.03	10:06:10.175	0.69091	0.69095			6
2026.04.03	10:06:15.281	0.69092	0.69096			6
2026.04.03	10:06:15.881	0.69091	0.69095			6
2026.04.03	10:06:18.282	0.69093	0.69097			6
2026.04.03	10:06:30.311	0.69090	0.69094			6
2026.04.03	10:06:36.019	0.69091	0.69095			6
2026.04.03	10:06:40.233	0.69090	0.69094			6
2026.04.03	10:06:53.175	0.69089	0.69093			6
2026.04.03	10:06:54.380	0.69093	0.69097			6
2026.04.03	10:07:00.099	0.69093				2
2026.04.03	10:07:00.700	0.69097	0.69101			6
2026.04.03	10:07:01.000	0.69098	0.69102			6
2026.04.03	10:07:09.117	0.69097	0.69101			6
2026.04.03	10:07:09.418	0.69098	0.69102			6
2026.04.03	10:07:14.534	0.69097	0.69101			6
2026.04.03	10:07:15.436	0.69098	0.69102			6
2026.04.03	10:07:39.817	0.69099	0.69103			6
2026.04.03	10:07:45.231	0.69100	0.69104			6
2026.04.03	10:07:54.852	0.69098	0.69102			6
2026.04.03	10:08:00.264	0.69099	0.69103			6
2026.04.03	10:08:00.565	0.69100	0.69104			6
2026.04.03	10:08:04.473	0.69099	0.69103			6
2026.04.03	10:08:15.304	0.69098	0.69102			6
2026.04.03	10:08:17.107	0.69099	0.69103			6
2026.04.03	10:08:17.708	0.69098	0.69102			6
2026.04.03	10:08:18.009	0.69095	0.69099			6
2026.04.03	10:08:18.308	0.69094	0.69098			6
2026.04.03	10:08:26.136	0.69095	0.69099			6
2026.04.03	10:09:00.124	0.69095				2
2026.04.03	10:09:26.309		0.69099			4
2026.04.03	10:09:38.639	0.69094	0.69098			6
2026.04.03	10:09:49.763	0.69093	0.69097			6
2026.04.03	10:09:54.871	0.69092	0.69096			6
2026.04.03	10:09:55.171	0.69093	0.69097			6
2026.04.03	10:10:00.278	0.69093				2
2026.04.03	10:10:05.690	0.69092	0.69096			6
2026.04.03	10:10:06.895	0.69093	0.69097			6
2026.04.03	10:10:12.011	0.69092	0.69096			6
2026.04.03	10:10:15.019	0.69090	0.69094			6
2026.04.03	10:10:20.438	0.69089	0.69093			6
2026.04.03	10:10:21.340	0.69090	0.69094			6
2026.04.03	10:10:22.247	0.69092	0.69096			6
2026.04.03	10:10:23.147	0.69090	0.69094			6
2026.04.03	10:10:24.048	0.69089	0.69093			6
2026.04.03	10:10:24.348	0.69090	0.69094			6
2026.04.03	10:10:33.676	0.69089	0.69093			6
2026.04.03	10:10:44.211	0.69090	0.69094			6
2026.04.03	10:10:58.631	0.69089	0.69093			6
2026.04.03	10:10:58.933	0.69091	0.69095			6
2026.04.03	10:11:00.135	0.69091				2
2026.04.03	10:11:15.176	0.69092	0.69096			6
2026.04.03	10:11:15.773	0.69093	0.69097			6
2026.04.03	10:11:20.881	0.69092	0.69096			6
2026.04.03	10:12:00.293	0.69092				2
2026.04.03	10:12:08.110		0.69095			4
2026.04.03	10:12:19.829		0.69096			4
2026.04.03	10:13:00.130	0.69092				2
2026.04.03	10:13:02.237	0.69091	0.69094			6
2026.04.03	10:13:36.809		0.69095			4
2026.04.03	10:13:44.027		0.69094			4
2026.04.03	10:13:44.329	0.69090				2
2026.04.03	10:13:54.551	0.69089	0.69093			6
2026.04.03	10:13:59.970	0.69090	0.69094			6
2026.04.03	10:14:00.272	0.69090				2
2026.04.03	10:14:04.480	0.69091	0.69095			6
2026.04.03	10:14:06.283	0.69092	0.69096			6
2026.04.03	10:14:08.994	0.69094	0.69098			6
2026.04.03	10:14:09.293	0.69098	0.69102			6
2026.04.03	10:14:09.894	0.69099	0.69103			6
2026.04.03	10:14:11.696	0.69098	0.69102			6
2026.04.03	10:14:13.499	0.69099	0.69103			6
2026.04.03	10:14:15.903	0.69098	0.69102			6
2026.04.03	10:14:17.709	0.69096	0.69100			6
2026.04.03	10:14:19.213	0.69097	0.69101			6
2026.04.03	10:14:20.417	0.69096	0.69100			6
2026.04.03	10:14:29.146	0.69097	0.69101			6
2026.04.03	10:14:29.747	0.69098	0.69102			6
2026.04.03	10:15:00.125	0.69098				2
2026.04.03	10:15:14.868	0.69097	0.69101			6
2026.04.03	10:15:25.999	0.69098	0.69102			6
2026.04.03	10:15:37.729	0.69099	0.69103			6
2026.04.03	10:15:40.436	0.69098	0.69102			6
2026.04.03	10:15:42.540	0.69099	0.69103			6
2026.04.03	10:15:45.852	0.69098	0.69102			6
2026.04.03	10:15:50.965	0.69099	0.69103			6
2026.04.03	10:15:54.570	0.69100				2
2026.04.03	10:15:59.679	0.69099				2
2026.04.03	10:15:59.982		0.69102			4
2026.04.03	10:16:00.284	0.69099				2
2026.04.03	10:16:04.184	0.69098				2
2026.04.03	10:16:09.908	0.69097	0.69101			6
2026.04.03	10:16:15.321	0.69096	0.69100			6
2026.04.03	10:16:15.921	0.69097	0.69101			6
2026.04.03	10:16:23.438	0.69098	0.69102			6
2026.04.03	10:16:42.989	0.69099	0.69103			6
2026.04.03	10:17:00.138	0.69099				2
2026.04.03	10:17:00.738	0.69098	0.69102			6
2026.04.03	10:17:08.250	0.69099	0.69103			6
2026.04.03	10:17:15.472	0.69100	0.69104			6
2026.04.03	10:17:15.773	0.69099	0.69103			6
2026.04.03	10:17:19.379	0.69102	0.69106			6
2026.04.03	10:17:21.481	0.69100	0.69104			6
2026.04.03	10:17:22.381	0.69099	0.69103			6
2026.04.03	10:17:26.591	0.69097	0.69101			6
2026.04.03	10:17:28.698	0.69098	0.69102			6
2026.04.03	10:17:46.446	0.69099	0.69103			6
2026.04.03	10:17:47.649	0.69101	0.69105			6
2026.04.03	10:17:50.960	0.69103	0.69107			6
2026.04.03	10:17:51.260	0.69104	0.69108			6
2026.04.03	10:17:56.373	0.69103	0.69107			6
2026.04.03	10:17:59.081	0.69101	0.69105			6
2026.04.03	10:17:59.381	0.69102	0.69106			6
2026.04.03	10:17:59.682	0.69103	0.69107			6
2026.04.03	10:18:00.282	0.69103				2
2026.04.03	10:18:09.598	0.69104	0.69108			6
2026.04.03	10:18:20.721	0.69103	0.69107			6
2026.04.03	10:18:29.149	0.69102	0.69106			6
2026.04.03	10:18:31.551	0.69099	0.69103			6
2026.04.03	10:19:00.118	0.69099				2
2026.04.03	10:19:25.988		0.69102			4
2026.04.03	10:19:26.292		0.69103			4
2026.04.03	10:19:30.202	0.69098	0.69102			6
2026.04.03	10:19:33.209	0.69099	0.69103			6
2026.04.03	10:20:00.278	0.69099				2
2026.04.03	10:20:08.998	0.69098	0.69102			6
2026.04.03	10:20:12.008	0.69097	0.69101			6
2026.04.03	10:20:13.814	0.69099	0.69103			6
2026.04.03	10:20:15.926	0.69098	0.69102			6
2026.04.03	10:20:16.827	0.69099	0.69103			6
2026.04.03	10:20:35.777	0.69098	0.69102			6
2026.04.03	10:20:41.499	0.69097	0.69101			6
2026.04.03	10:21:00.143	0.69097				2
2026.04.03	10:21:11.277	0.69099	0.69102			6
2026.04.03	10:21:11.577	0.69097	0.69101			6
2026.04.03	10:21:12.177	0.69098	0.69102			6
2026.04.03	10:21:16.091	0.69099	0.69103			6
2026.04.03	10:21:18.496	0.69098	0.69102			6
2026.04.03	10:21:53.096	0.69104	0.69108			6
2026.04.03	10:21:53.697	0.69108	0.69112			6
2026.04.03	10:21:53.998	0.69110	0.69114			6
2026.04.03	10:22:00.019	0.69110				2
2026.04.03	10:22:00.921	0.69113	0.69117			6
2026.04.03	10:22:01.819	0.69114	0.69118			6
2026.04.03	10:22:02.121	0.69115	0.69119			6
2026.04.03	10:22:02.721	0.69116	0.69120			6
2026.04.03	10:22:03.321	0.69118	0.69122			6
2026.04.03	10:22:25.874	0.69117	0.69121			6
2026.04.03	10:22:30.982	0.69115	0.69119			6
2026.04.03	10:22:34.584	0.69114	0.69118			6
2026.04.03	10:22:41.499	0.69115				2
2026.04.03	10:22:44.213	0.69113	0.69117			6
2026.04.03	10:22:46.320	0.69115	0.69119			6
2026.04.03	10:22:46.623	0.69114	0.69118			6
2026.04.03	10:22:46.924	0.69115	0.69119			6
2026.04.03	10:22:47.225	0.69114	0.69118			6
2026.04.03	10:22:51.138	0.69115	0.69119			6
2026.04.03	10:22:52.944	0.69114	0.69118			6
2026.04.03	10:22:53.547	0.69115	0.69119			6
2026.04.03	10:23:00.172	0.69115				2
2026.04.03	10:23:04.680	0.69118	0.69122			6
2026.04.03	10:23:05.282	0.69120	0.69123			6
2026.04.03	10:23:06.481		0.69124			4
2026.04.03	10:23:38.374	0.69119	0.69123			6
2026.04.03	10:23:45.589	0.69120				2
2026.04.03	10:23:50.098	0.69117	0.69121			6
2026.04.03	10:24:00.019	0.69117				2
2026.04.03	10:24:28.579	0.69120	0.69124			6
2026.04.03	10:24:29.179	0.69118	0.69122			6
2026.04.03	10:24:34.594	0.69121	0.69125			6
2026.04.03	10:24:34.894	0.69119	0.69123			6
2026.04.03	10:24:36.099	0.69120	0.69124			6
2026.04.03	10:24:42.418	0.69121	0.69125			6
2026.04.03	10:24:44.522	0.69122	0.69126			6
2026.04.03	10:24:45.125	0.69123	0.69127			6
2026.04.03	10:24:49.027	0.69124	0.69128			6
2026.04.03	10:24:49.928	0.69125	0.69129			6
2026.04.03	10:25:00.154	0.69125				2
2026.04.03	10:25:06.476	0.69128	0.69131			6
2026.04.03	10:25:06.776	0.69133	0.69136			6
2026.04.03	10:25:07.076	0.69135	0.69139			6
2026.04.03	10:25:08.576	0.69132	0.69136			6
2026.04.03	10:25:10.077	0.69133	0.69137			6
2026.04.03	10:25:10.678	0.69132	0.69135			6
2026.04.03	10:25:22.102	0.69131				2
2026.04.03	10:25:29.017	0.69130	0.69134			6
2026.04.03	10:25:34.426	0.69133	0.69137			6
2026.04.03	10:25:34.726	0.69132	0.69136			6
2026.04.03	10:25:35.929	0.69133	0.69137			6
2026.04.03	10:25:38.032	0.69132	0.69136			6
2026.04.03	10:25:38.333	0.69131	0.69135			6
2026.04.03	10:25:39.233	0.69132	0.69136			6
2026.04.03	10:25:39.833	0.69131	0.69135			6
2026.04.03	10:25:40.134	0.69134	0.69137			6
2026.04.03	10:25:41.337	0.69132	0.69136			6
2026.04.03	10:25:44.339	0.69134	0.69137			6
2026.04.03	10:25:44.945	0.69135				2
2026.04.03	10:25:46.750	0.69134	0.69136			6
2026.04.03	10:25:47.650	0.69133				2
2026.04.03	10:25:52.772		0.69135			4
2026.04.03	10:26:00.281	0.69133				2
2026.04.03	10:26:08.402	0.69131				2
2026.04.03	10:26:21.629	0.69132				2
2026.04.03	10:26:21.928	0.69131				2
2026.04.03	10:26:23.733	0.69136	0.69140			6
2026.04.03	10:26:24.332	0.69134	0.69138			6
2026.04.03	10:26:27.941	0.69133	0.69137			6
2026.04.03	10:26:38.780	0.69136	0.69140			6
2026.04.03	10:26:40.885	0.69137	0.69141			6
2026.04.03	10:26:45.399	0.69138	0.69142			6
2026.04.03	10:26:47.808	0.69137	0.69141			6
2026.04.03	10:26:51.115	0.69138	0.69142			6
2026.04.03	10:26:51.413	0.69137	0.69141			6
2026.04.03	10:26:57.129	0.69135	0.69139			6
2026.04.03	10:27:00.143	0.69135				2
2026.04.03	10:27:09.758	0.69132	0.69135			6
2026.04.03	10:27:11.263	0.69129	0.69132			6
2026.04.03	10:27:11.863		0.69133			4
2026.04.03	10:27:15.772	0.69128	0.69131			6
2026.04.03	10:27:16.073	0.69127				2
2026.04.03	10:27:18.477	0.69128	0.69132			6
2026.04.03	10:27:19.378	0.69127	0.69131			6
2026.04.03	10:27:23.894		0.69130			4
2026.04.03	10:27:25.699		0.69131			4
2026.04.03	10:27:31.410	0.69126	0.69130			6
2026.04.03	10:27:32.611	0.69127	0.69131			6
2026.04.03	10:27:37.115	0.69126	0.69130			6
2026.04.03	10:27:37.417	0.69127	0.69131			6
2026.04.03	10:27:38.621	0.69126	0.69130			6
2026.04.03	10:27:39.524	0.69125	0.69129			6
2026.04.03	10:28:00.285	0.69125				2
2026.04.03	10:28:03.289	0.69128	0.69132			6
2026.04.03	10:28:03.892	0.69129	0.69133			6
2026.04.03	10:28:16.828	0.69128	0.69132			6
2026.04.03	10:28:36.381	0.69127	0.69130			6
2026.04.03	10:28:36.681	0.69126				2
2026.04.03	10:28:46.913		0.69129			4
2026.04.03	10:28:47.813	0.69125				2
2026.04.03	10:28:52.921	0.69126	0.69130			6
2026.04.03	10:28:54.423	0.69128	0.69132			6
2026.04.03	10:28:59.229	0.69129				2
2026.04.03	10:28:59.530	0.69128				2
2026.04.03	10:29:00.130	0.69129				2
2026.04.03	10:29:00.430	0.69128				2
2026.04.03	10:29:13.971	0.69129	0.69133			6
2026.04.03	10:29:16.681	0.69127	0.69131			6
2026.04.03	10:29:16.982	0.69128	0.69132			6
2026.04.03	10:29:17.582	0.69129	0.69133			6
2026.04.03	10:30:00.293	0.69129				2
2026.04.03	10:30:01.497	0.69130	0.69134			6
2026.04.03	10:30:02.700	0.69129	0.69133			6
2026.04.03	10:30:03.602	0.69128	0.69132			6
2026.04.03	10:30:05.103	0.69129	0.69133			6
2026.04.03	10:30:05.404	0.69128	0.69132			6
2026.04.03	10:30:08.709	0.69127	0.69130			6
2026.04.03	10:30:09.009	0.69126				2
2026.04.03	10:30:09.306	0.69125	0.69129			6
2026.04.03	10:30:12.311	0.69124	0.69128			6
2026.04.03	10:30:13.211	0.69123	0.69127			6
2026.04.03	10:30:14.413	0.69124	0.69128			6
2026.04.03	10:30:19.228	0.69125	0.69129			6
2026.04.03	10:30:52.905	0.69124	0.69128			6
2026.04.03	10:31:00.127	0.69124				2
2026.04.03	10:31:10.354		0.69127			4
2026.04.03	10:31:10.954		0.69128			4
2026.04.03	10:31:15.772	0.69125	0.69129			6
2026.04.03	10:31:22.086	0.69126	0.69130			6
2026.04.03	10:31:26.894	0.69125	0.69129			6
2026.04.03	10:31:27.196	0.69124	0.69128			6
2026.04.03	10:31:30.503	0.69123	0.69127			6
2026.04.03	10:31:32.906	0.69124	0.69128			6
2026.04.03	10:31:52.150	0.69126	0.69130			6
2026.04.03	10:31:52.451	0.69127	0.69131			6
2026.04.03	10:32:00.268	0.69127				2
2026.04.03	10:32:01.770	0.69128	0.69132			6
2026.04.03	10:32:05.073	0.69127	0.69131			6
2026.04.03	10:32:10.479	0.69128	0.69132			6
2026.04.03	10:32:21.001	0.69129	0.69133			6
2026.04.03	10:32:22.504	0.69128	0.69132			6
2026.04.03	10:32:42.371	0.69124	0.69128			6
2026.04.03	10:32:48.084	0.69125				2
2026.04.03	10:32:51.403		0.69129			4
2026.04.03	10:32:51.702	0.69128	0.69132			6
2026.04.03	10:32:52.002	0.69127	0.69131			6
2026.04.03	10:32:55.611	0.69128	0.69132			6
2026.04.03	10:33:00.121	0.69128				2
2026.04.03	10:33:14.273	0.69129	0.69133			6
2026.04.03	10:33:49.449	0.69127	0.69131			6
2026.04.03	10:33:50.050	0.69129	0.69133			6
2026.04.03	10:33:51.852	0.69128	0.69132			6
2026.04.03	10:33:56.964	0.69127	0.69131			6
2026.04.03	10:33:59.066	0.69128	0.69132			6
2026.04.03	10:34:00.269	0.69128				2
2026.04.03	10:34:08.978	0.69127	0.69131			6
2026.04.03	10:34:11.985	0.69126	0.69130			6
2026.04.03	10:34:23.711	0.69124	0.69128			6
2026.04.03	10:34:31.527	0.69127	0.69131			6
2026.04.03	10:34:32.727	0.69126	0.69130			6
2026.04.03	10:34:37.536	0.69127	0.69131			6
2026.04.03	10:34:39.940	0.69126	0.69128			6
2026.04.03	10:34:40.241	0.69127	0.69131			6
2026.04.03	10:34:40.542	0.69126	0.69130			6
2026.04.03	10:34:41.144	0.69127	0.69131			6
2026.04.03	10:34:50.774	0.69126	0.69130			6
2026.04.03	10:34:52.576	0.69125	0.69128			6
2026.04.03	10:34:52.876	0.69124				2
2026.04.03	10:35:00.091	0.69124				2
2026.04.03	10:35:00.391	0.69126	0.69129			6
2026.04.03	10:35:00.691		0.69130			4
2026.04.03	10:35:06.102	0.69127	0.69131			6
2026.04.03	10:35:32.233	0.69129	0.69133			6
2026.04.03	10:35:33.134	0.69132	0.69136			6
2026.04.03	10:35:35.844	0.69129	0.69133			6
2026.04.03	10:36:00.216	0.69129				2
2026.04.03	10:36:00.515	0.69128	0.69132			6
2026.04.03	10:36:57.646	0.69129	0.69133			6
2026.04.03	10:37:00.047	0.69129				2
2026.04.03	10:37:03.352	0.69133	0.69137			6
2026.04.03	10:37:03.952	0.69131	0.69136			6
2026.04.03	10:37:04.253	0.69133	0.69137			6
2026.04.03	10:37:04.855	0.69130	0.69133			6
2026.04.03	10:37:05.155	0.69132	0.69136			6
2026.04.03	10:37:07.563	0.69133	0.69137			6
2026.04.03	10:37:55.974	0.69134	0.69138			6
2026.04.03	10:38:00.181	0.69134				2
2026.04.03	10:38:00.781	0.69137	0.69141			6
2026.04.03	10:38:01.083	0.69134	0.69138			6
2026.04.03	10:38:01.983	0.69133	0.69137			6
2026.04.03	10:38:09.194	0.69134	0.69138			6
2026.04.03	10:38:09.496	0.69133	0.69137			6
2026.04.03	10:38:10.095	0.69134	0.69138			6
2026.04.03	10:38:15.802	0.69133	0.69137			6
2026.04.03	10:38:18.503	0.69134	0.69138			6
2026.04.03	10:38:26.316	0.69133	0.69137			6
2026.04.03	10:38:47.673	0.69134	0.69138			6
2026.04.03	10:38:54.896	0.69139	0.69143			6
2026.04.03	10:39:00.007	0.69139				2
2026.04.03	10:39:03.620	0.69138	0.69142			6
2026.04.03	10:39:05.430	0.69139	0.69143			6
2026.04.03	10:39:28.883	0.69138	0.69142			6
2026.04.03	10:39:32.792	0.69141	0.69145			6
2026.04.03	10:39:33.096	0.69142	0.69146			6
2026.04.03	10:39:37.604	0.69141	0.69145			6
2026.04.03	10:39:43.313	0.69142	0.69146			6
2026.04.03	10:39:43.611	0.69144	0.69148			6
2026.04.03	10:39:55.644	0.69145				2
2026.04.03	10:39:59.861	0.69144				2
2026.04.03	10:40:00.162	0.69144				2
2026.04.03	10:40:02.568	0.69146	0.69150			6
2026.04.03	10:40:09.779	0.69147	0.69151			6
2026.04.03	10:40:13.385	0.69146	0.69150			6
2026.04.03	10:40:17.588	0.69147	0.69151			6
2026.04.03	10:40:20.897	0.69146	0.69150			6
2026.04.03	10:40:22.399	0.69149	0.69153			6
2026.04.03	10:40:23.600	0.69148	0.69152			6
2026.04.03	10:40:25.709	0.69149	0.69153			6
2026.04.03	10:40:41.357	0.69150				2
2026.04.03	10:40:47.374	0.69147	0.69150			6
2026.04.03	10:40:47.672	0.69146				2
2026.04.03	10:40:56.394	0.69148	0.69152			6
2026.04.03	10:40:56.697	0.69147	0.69151			6
2026.04.03	10:41:00.009	0.69147				2
2026.04.03	10:41:05.432	0.69148	0.69152			6
2026.04.03	10:41:21.069		0.69151			4
2026.04.03	10:41:41.224	0.69147				2
2026.04.03	10:41:43.926	0.69146	0.69150			6
2026.04.03	10:41:44.226	0.69147	0.69151			6
2026.04.03	10:41:50.535	0.69144	0.69148			6
2026.04.03	10:41:52.638	0.69146	0.69150			6
2026.04.03	10:42:00.172	0.69146				2
2026.04.03	10:42:22.113	0.69145	0.69149			6
2026.04.03	10:42:33.543	0.69144				2
2026.04.03	10:42:33.842	0.69145				2
2026.04.03	10:42:41.960	0.69146	0.69150			6
2026.04.03	10:42:47.074	0.69143	0.69147			6
2026.04.03	10:42:47.377	0.69142	0.69146			6
2026.04.03	10:42:49.777	0.69143	0.69147			6
2026.04.03	10:42:50.077	0.69142	0.69146			6
2026.04.03	10:42:50.978	0.69143	0.69147			6
2026.04.03	10:42:52.480	0.69142	0.69145			6
2026.04.03	10:42:55.187	0.69143	0.69146			6
2026.04.03	10:42:55.493		0.69147			4
2026.04.03	10:42:57.599		0.69146			4
2026.04.03	10:42:57.898		0.69145			4
2026.04.03	10:42:58.198		0.69146			4
2026.04.03	10:43:00.299	0.69143				2
2026.04.03	10:43:03.004		0.69147			4
2026.04.03	10:43:04.209		0.69146			4
2026.04.03	10:43:05.108	0.69144	0.69148			6
2026.04.03	10:43:09.015	0.69145	0.69149			6
2026.04.03	10:43:10.815	0.69146	0.69150			6
2026.04.03	10:43:13.219	0.69144	0.69148			6
2026.04.03	10:43:13.521	0.69145	0.69149			6
2026.04.03	10:43:19.539	0.69144	0.69148			6
2026.04.03	10:43:19.841	0.69145	0.69149			6
2026.04.03	10:43:35.783	0.69144	0.69148			6
2026.04.03	10:43:36.081	0.69145	0.69149			6
2026.04.03	10:43:36.681	0.69144	0.69147			6
2026.04.03	10:43:41.801	0.69143				2
2026.04.03	10:43:46.314	0.69145	0.69149			6
2026.04.03	10:43:50.822	0.69146	0.69150			6
2026.04.03	10:43:53.528	0.69145	0.69149			6
2026.04.03	10:44:00.144	0.69145				2
2026.04.03	10:44:15.172	0.69144	0.69148			6
2026.04.03	10:44:15.472	0.69145	0.69149			6
2026.04.03	10:44:27.193		0.69148			4
2026.04.03	10:44:27.493		0.69149			4
2026.04.03	10:44:27.793	0.69144	0.69148			6
2026.04.03	10:44:28.395	0.69145	0.69149			6
2026.04.03	10:44:30.198		0.69148			4
2026.04.03	10:44:30.500	0.69143	0.69146			6
2026.04.03	10:44:30.800	0.69140	0.69144			6
2026.04.03	10:44:31.400	0.69141	0.69145			6
2026.04.03	10:44:32.002		0.69144			4
2026.04.03	10:44:32.302		0.69145			4
2026.04.03	10:44:35.912	0.69140	0.69144			6
2026.04.03	10:44:36.815	0.69141	0.69145			6
2026.04.03	10:44:38.918	0.69140	0.69144			6
2026.04.03	10:44:40.722	0.69138	0.69142			6
2026.04.03	10:44:42.527		0.69141			4
2026.04.03	10:44:42.826		0.69142			4
2026.04.03	10:44:53.071	0.69137	0.69141			6
2026.04.03	10:44:53.373	0.69130	0.69134			6
2026.04.03	10:44:53.673	0.69129	0.69133			6
2026.04.03	10:45:00.278	0.69129				2
2026.04.03	10:45:01.479	0.69132	0.69136			6
2026.04.03	10:45:06.899		0.69135			4
2026.04.03	10:45:07.499		0.69136			4
2026.04.03	10:45:12.308		0.69135			4
2026.04.03	10:45:14.412		0.69136			4
2026.04.03	10:45:15.014		0.69135			4
2026.04.03	10:45:15.314		0.69136			4
2026.04.03	10:46:00.120	0.69132				2
2026.04.03	10:46:02.827	0.69131	0.69135			6
2026.04.03	10:46:03.429		0.69134			4
2026.04.03	10:46:06.130	0.69130				2
2026.04.03	10:46:13.957	0.69131	0.69135			6
2026.04.03	10:46:14.257	0.69130	0.69134			6
2026.04.03	10:46:20.273	0.69129	0.69133			6
2026.04.03	10:46:21.173	0.69130	0.69134			6
2026.04.03	10:46:21.472	0.69129	0.69133			6
2026.04.03	10:46:21.771	0.69130	0.69134			6
2026.04.03	10:46:22.673		0.69133			4
2026.04.03	10:46:23.573		0.69134			4
2026.04.03	10:46:25.979	0.69127	0.69131			6
2026.04.03	10:46:27.182	0.69122	0.69126			6
2026.04.03	10:46:27.483		0.69125			4
2026.04.03	10:46:27.785	0.69121				2
2026.04.03	10:46:28.386	0.69122	0.69126			6
2026.04.03	10:46:35.309	0.69123	0.69127			6
2026.04.03	10:46:38.616	0.69122	0.69126			6
2026.04.03	10:46:54.266	0.69125	0.69129			6
2026.04.03	10:46:54.568	0.69124	0.69128			6
2026.04.03	10:46:55.171	0.69123	0.69127			6
2026.04.03	10:47:00.276	0.69123				2
2026.04.03	10:47:09.007	0.69122	0.69126			6
2026.04.03	10:47:25.871	0.69123	0.69127			6
2026.04.03	10:47:49.314	0.69122	0.69126			6
2026.04.03	10:48:00.151	0.69122				2
2026.04.03	10:48:49.495		0.69126			4
2026.04.03	10:48:54.605	0.69123	0.69127			6
2026.04.03	10:48:56.407	0.69122	0.69126			6
2026.04.03	10:49:00.011	0.69122				2
2026.04.03	10:49:05.117	0.69118	0.69122			6
2026.04.03	10:49:08.120	0.69119				2
2026.04.03	10:49:08.419	0.69118				2
2026.04.03	10:49:09.322	0.69121	0.69125			6
2026.04.03	10:49:10.224	0.69120	0.69124			6
2026.04.03	10:49:14.129	0.69121	0.69125			6
2026.04.03	10:49:15.031	0.69120	0.69124			6
2026.04.03	10:49:33.379	0.69121	0.69125			6
2026.04.03	10:49:33.679	0.69122	0.69126			6
2026.04.03	10:49:55.026	0.69123	0.69127			6
2026.04.03	10:49:57.736	0.69122	0.69126			6
2026.04.03	10:50:00.139	0.69122				2
2026.04.03	10:50:02.544	0.69123	0.69127			6
2026.04.03	10:50:09.755	0.69122	0.69126			6
2026.04.03	10:50:26.600	0.69123	0.69127			6
2026.04.03	10:50:31.408	0.69125	0.69129			6
2026.04.03	10:50:48.551	0.69124				2
2026.04.03	10:51:00.290	0.69124				2
2026.04.03	10:51:01.191	0.69125				2
2026.04.03	10:51:04.500	0.69124	0.69128			6
2026.04.03	10:51:25.541	0.69126	0.69130			6
2026.04.03	10:51:31.250	0.69125	0.69129			6
2026.04.03	10:51:46.580	0.69124	0.69128			6
2026.04.03	10:51:52.000	0.69125	0.69129			6
2026.04.03	10:52:00.119	0.69125				2
2026.04.03	10:52:07.033	0.69127	0.69131			6
2026.04.03	10:52:32.933	0.69126	0.69130			6
2026.04.03	10:52:44.978	0.69124	0.69128			6
2026.04.03	10:53:00.009	0.69124				2
2026.04.03	10:53:05.722	0.69125	0.69129			6
2026.04.03	10:53:06.922	0.69126	0.69130			6
2026.04.03	10:53:16.846	0.69127	0.69131			6
2026.04.03	10:53:22.856	0.69126	0.69130			6
2026.04.03	10:53:28.874	0.69127	0.69131			6
2026.04.03	10:53:35.795	0.69126	0.69130			6
2026.04.03	10:53:36.999	0.69127	0.69131			6
2026.04.03	10:53:39.410	0.69126	0.69130			6
2026.04.03	10:54:00.172	0.69126				2
2026.04.03	10:54:39.581		0.69130			4
2026.04.03	10:55:00.021	0.69126				2
2026.04.03	10:55:02.128	0.69127				2
2026.04.03	10:55:02.728	0.69126				2
2026.04.03	10:55:05.136	0.69127				2
2026.04.03	10:55:05.437	0.69126				2
2026.04.03	10:55:31.013		0.69129			4
2026.04.03	10:55:31.315	0.69124	0.69128			6
2026.04.03	10:55:55.685	0.69122	0.69126			6
2026.04.03	10:55:57.188	0.69117	0.69121			6
2026.04.03	10:55:57.491	0.69119	0.69123			6
2026.04.03	10:55:58.391	0.69120				2
2026.04.03	10:55:58.693		0.69124			4
2026.04.03	10:56:00.199	0.69120				2
2026.04.03	10:56:06.514	0.69113	0.69117			6
2026.04.03	10:56:13.440		0.69118			4
2026.04.03	10:56:15.545		0.69117			4
2026.04.03	10:56:26.969	0.69114	0.69118			6
2026.04.03	10:56:35.683	0.69115	0.69119			6
2026.04.03	10:57:00.049	0.69115				2
2026.04.03	10:57:00.349	0.69114	0.69118			6
2026.04.03	10:57:01.552	0.69115	0.69119			6
2026.04.03	10:57:04.256	0.69113	0.69117			6
2026.04.03	10:57:04.559	0.69109	0.69113			6
2026.04.03	10:57:09.068	0.69108	0.69112			6
2026.04.03	10:57:09.368	0.69109	0.69113			6
2026.04.03	10:57:12.974	0.69110				2
2026.04.03	10:57:13.277		0.69114			4
2026.04.03	10:57:14.779	0.69104	0.69108			6
2026.04.03	10:57:19.894	0.69103	0.69107			6
2026.04.03	10:57:28.928	0.69105	0.69109			6
2026.04.03	10:57:30.428	0.69104	0.69108			6
2026.04.03	10:57:37.345	0.69105	0.69109			6
2026.04.03	10:57:38.247	0.69104	0.69108			6
2026.04.03	10:57:39.751	0.69105	0.69109			6
2026.04.03	10:57:48.763	0.69103	0.69107			6
2026.04.03	10:57:54.476	0.69099	0.69103			6
2026.04.03	10:57:54.775	0.69100				2
2026.04.03	10:57:55.673	0.69099				2
2026.04.03	10:57:56.579	0.69100				2
2026.04.03	10:57:56.879	0.69099				2
2026.04.03	10:58:00.182	0.69099				2
2026.04.03	10:58:00.482	0.69100	0.69104			6
2026.04.03	10:58:01.084	0.69103	0.69107			6
2026.04.03	10:58:01.384	0.69100	0.69104			6
2026.04.03	10:58:01.684	0.69101	0.69105			6
2026.04.03	10:58:02.885	0.69100	0.69104			6
2026.04.03	10:58:03.191		0.69103			4
2026.04.03	10:58:03.488	0.69099				2
2026.04.03	10:58:04.389	0.69100				2
2026.04.03	10:58:06.501	0.69101	0.69105			6
2026.04.03	10:58:06.801	0.69104	0.69108			6
2026.04.03	10:58:07.404	0.69102	0.69106			6
2026.04.03	10:58:07.701	0.69103	0.69107			6
2026.04.03	10:58:08.001	0.69100	0.69104			6
2026.04.03	10:58:08.303	0.69099	0.69103			6
2026.04.03	10:58:21.842	0.69100				2
2026.04.03	10:58:24.852		0.69104			4
2026.04.03	10:58:27.561	0.69099	0.69103			6
2026.04.03	10:58:32.076	0.69094	0.69098			6
2026.04.03	10:58:32.375	0.69093	0.69097			6
2026.04.03	10:58:35.380	0.69092	0.69096			6
2026.04.03	10:58:43.501	0.69093				2
2026.04.03	10:58:44.103	0.69092				2
2026.04.03	10:58:50.118	0.69089	0.69093			6
2026.04.03	10:58:50.419	0.69090				2
2026.04.03	10:59:00.046	0.69091	0.69095			6
2026.04.03	10:59:00.343	0.69089	0.69093			6
2026.04.03	10:59:00.644	0.69090				2
2026.04.03	10:59:02.446	0.69089	0.69092			6
2026.04.03	10:59:06.663	0.69091	0.69094			6
2026.04.03	10:59:08.462	0.69092	0.69095			6
2026.04.03	10:59:12.677	0.69091				2
2026.04.03	10:59:12.975	0.69089	0.69093			6
2026.04.03	10:59:20.186	0.69091				2
2026.04.03	10:59:20.486		0.69094			4
2026.04.03	10:59:22.293	0.69087	0.69089			6
2026.04.03	10:59:23.199	0.69086	0.69088			6
2026.04.03	10:59:24.403	0.69085				2
2026.04.03	10:59:25.609	0.69083	0.69087			6
2026.04.03	10:59:25.911	0.69084				2
2026.04.03	10:59:31.620	0.69083				2
2026.04.03	10:59:33.421	0.69082	0.69085			6
2026.04.03	10:59:34.321	0.69083				2
2026.04.03	10:59:35.526	0.69084	0.69086			6
2026.04.03	10:59:35.830		0.69088			4
2026.04.03	10:59:37.328	0.69085				2
2026.04.03	10:59:38.529	0.69088	0.69092			6
2026.04.03	10:59:38.829	0.69087	0.69090			6
2026.04.03	11:00:00.185	0.69087				2
2026.04.03	11:00:00.486	0.69085	0.69088			6
2026.04.03	11:00:00.782	0.69086				2
2026.04.03	11:00:02.586	0.69085				2
2026.04.03	11:00:02.889	0.69084	0.69087			6
2026.04.03	11:00:06.192	0.69085				2
2026.04.03	11:00:07.393	0.69086	0.69088			6
2026.04.03	11:00:07.996	0.69085				2
2026.04.03	11:00:08.299	0.69084	0.69087			6
2026.04.03	11:00:08.596	0.69082	0.69086			6
2026.04.03	11:00:08.898	0.69083				2
2026.04.03	11:00:09.199	0.69084	0.69087			6
2026.04.03	11:00:10.400	0.69083				2
2026.04.03	11:00:17.608	0.69084				2
2026.04.03	11:00:22.722	0.69085				2
2026.04.03	11:00:23.629	0.69086	0.69088			6
2026.04.03	11:00:23.926	0.69087	0.69090			6
2026.04.03	11:00:25.126	0.69086				2
2026.04.03	11:00:25.728	0.69087				2
2026.04.03	11:00:26.027	0.69086				2
2026.04.03	11:00:27.833	0.69087				2
2026.04.03	11:00:28.131	0.69086				2
2026.04.03	11:00:28.432	0.69087				2
2026.04.03	11:00:34.156	0.69086				2
2026.04.03	11:00:35.055		0.69089			4
2026.04.03	11:00:35.359		0.69090			4
2026.04.03	11:00:35.660		0.69089			4
2026.04.03	11:00:36.261		0.69090			4
2026.04.03	11:00:47.687	0.69081	0.69085			6
2026.04.03	11:00:47.982	0.69080	0.69083			6
2026.04.03	11:00:48.285	0.69079	0.69082			6
2026.04.03	11:00:50.389	0.69078	0.69081			6
2026.04.03	11:00:56.101	0.69079	0.69083			6
2026.04.03	11:01:00.012	0.69079				2
2026.04.03	11:01:11.442	0.69081	0.69085			6
2026.04.03	11:01:14.454	0.69077	0.69081			6
2026.04.03	11:01:14.757	0.69076	0.69080			6
2026.04.03	11:01:15.056	0.69075	0.69079			6
2026.04.03	11:01:17.756		0.69078			4
2026.04.03	11:01:18.358	0.69077	0.69079			6
2026.04.03	11:01:21.067	0.69076				2
2026.04.03	11:01:29.184	0.69075				2
2026.04.03	11:01:29.485	0.69074	0.69078			6
2026.04.03	11:01:31.883	0.69075				2
2026.04.03	11:01:32.483	0.69074				2
2026.04.03	11:01:34.286	0.69075				2
2026.04.03	11:01:35.190		0.69079			4
2026.04.03	11:01:35.491		0.69078			4
2026.04.03	11:01:39.097	0.69078	0.69081			6
2026.04.03	11:01:40.900		0.69082			4
2026.04.03	11:01:52.019	0.69081	0.69083			6
2026.04.03	11:01:52.319	0.69079	0.69082			6
2026.04.03	11:01:55.921	0.69080				2
2026.04.03	11:01:56.224	0.69079				2
2026.04.03	11:01:57.424	0.69081	0.69083			6
2026.04.03	11:01:58.628	0.69082	0.69084			6
2026.04.03	11:02:00.128	0.69082				2
2026.04.03	11:02:01.029	0.69083	0.69085			6
2026.04.03	11:02:01.332	0.69084	0.69087			6
2026.04.03	11:02:14.558	0.69085				2
2026.04.03	11:02:14.859		0.69089			4
2026.04.03	11:02:28.687	0.69084	0.69088			6
2026.04.03	11:02:30.193	0.69085	0.69089			6
2026.04.03	11:02:30.496	0.69084	0.69088			6
2026.04.03	11:02:30.795	0.69085	0.69089			6
2026.04.03	11:02:40.417	0.69084				2
2026.04.03	11:02:41.920		0.69088			4
2026.04.03	11:02:44.321	0.69085	0.69089			6
2026.04.03	11:02:55.149	0.69082	0.69086			6
2026.04.03	11:03:00.272	0.69082				2
2026.04.03	11:03:01.473	0.69084	0.69088			6
2026.04.03	11:03:01.773	0.69083	0.69087			6
2026.04.03	11:03:03.579	0.69081	0.69085			6
2026.04.03	11:03:03.882	0.69082	0.69086			6
2026.04.03	11:03:05.082	0.69083	0.69087			6
2026.04.03	11:03:10.500	0.69082	0.69086			6
2026.04.03	11:03:13.203	0.69083	0.69087			6
2026.04.03	11:03:23.428	0.69082	0.69086			6
2026.04.03	11:03:32.762	0.69083	0.69087			6
2026.04.03	11:03:35.773	0.69084	0.69088			6
2026.04.03	11:03:38.176	0.69085	0.69089			6
2026.04.03	11:03:51.097	0.69084	0.69088			6
2026.04.03	11:03:51.400	0.69083	0.69087			6
2026.04.03	11:03:55.902	0.69084	0.69088			6
2026.04.03	11:04:00.107	0.69084				2
2026.04.03	11:04:00.404		0.69087			4
2026.04.03	11:04:00.706	0.69085	0.69089			6
2026.04.03	11:04:07.019	0.69087	0.69091			6
2026.04.03	11:04:07.319	0.69088	0.69092			6
2026.04.03	11:04:14.833	0.69089	0.69093			6
2026.04.03	11:04:15.132	0.69090	0.69094			6
2026.04.03	11:04:16.033	0.69088	0.69092			6
2026.04.03	11:04:16.932		0.69091			4
2026.04.03	11:04:21.146	0.69087				2
2026.04.03	11:04:28.655	0.69088	0.69092			6
2026.04.03	11:04:56.609		0.69091			4
2026.04.03	11:04:57.210	0.69087				2
2026.04.03	11:05:00.213	0.69087				2
2026.04.03	11:05:19.456	0.69086	0.69089			6
2026.04.03	11:05:19.756		0.69090			4
2026.04.03	11:05:20.055		0.69089			4
2026.04.03	11:05:20.655	0.69085				2
2026.04.03	11:05:24.567	0.69084	0.69088			6
2026.04.03	11:05:48.305	0.69080	0.69084			6
2026.04.03	11:05:48.603	0.69079	0.69083			6
2026.04.03	11:05:50.107	0.69080	0.69084			6
2026.04.03	11:05:55.818	0.69079	0.69083			6
2026.04.03	11:06:00.033	0.69079				2
2026.04.03	11:06:07.847	0.69080	0.69084			6
2026.04.03	11:06:08.448	0.69079	0.69083			6
2026.04.03	11:06:12.057	0.69080	0.69084			6
2026.04.03	11:06:12.357	0.69079	0.69083			6
2026.04.03	11:06:16.264	0.69078	0.69082			6
2026.04.03	11:06:19.569	0.69079	0.69083			6
2026.04.03	11:06:23.774	0.69078	0.69082			6
2026.04.03	11:06:28.882	0.69079	0.69083			6
2026.04.03	11:06:31.595	0.69078	0.69082			6
2026.04.03	11:06:42.416	0.69076	0.69080			6
2026.04.03	11:06:55.336	0.69078	0.69082			6
2026.04.03	11:07:00.154	0.69078				2
2026.04.03	11:07:06.773	0.69077	0.69081			6
2026.04.03	11:08:00.299	0.69077				2
2026.04.03	11:08:06.919		0.69081			4
2026.04.03	11:08:08.119	0.69073	0.69077			6
2026.04.03	11:08:11.132	0.69065	0.69068			6
2026.04.03	11:08:11.430	0.69063	0.69066			6
2026.04.03	11:08:11.729		0.69067			4
2026.04.03	11:08:12.035	0.69062	0.69066			6
2026.04.03	11:08:12.633	0.69063				2
2026.04.03	11:08:13.833	0.69064	0.69067			6
2026.04.03	11:08:14.133	0.69065	0.69069			6
2026.04.03	11:08:14.736	0.69063	0.69066			6
2026.04.03	11:08:15.036		0.69067			4
2026.04.03	11:08:25.855	0.69067	0.69070			6
2026.04.03	11:08:30.978		0.69071			4
2026.04.03	11:08:40.607	0.69070	0.69074			6
2026.04.03	11:08:40.905	0.69074	0.69078			6
2026.04.03	11:08:41.207	0.69075	0.69079			6
2026.04.03	11:08:42.109	0.69078	0.69082			6
2026.04.03	11:08:57.142	0.69077	0.69081			6
2026.04.03	11:08:57.444	0.69078	0.69082			6
2026.04.03	11:09:00.146	0.69078				2
2026.04.03	11:09:42.254	0.69083	0.69087			6
2026.04.03	11:10:00.296	0.69083				2
2026.04.03	11:10:00.897	0.69082	0.69086			6
2026.04.03	11:10:01.497	0.69083	0.69087			6
2026.04.03	11:10:11.713	0.69082	0.69086			6
2026.04.03	11:10:12.014	0.69083	0.69087			6
2026.04.03	11:10:57.414	0.69084	0.69088			6
2026.04.03	11:11:00.119	0.69084				2
2026.04.03	11:11:01.620	0.69082	0.69086			6
2026.04.03	11:11:04.022	0.69083	0.69087			6
2026.04.03	11:11:16.350	0.69084	0.69088			6
2026.04.03	11:11:16.652	0.69083	0.69087			6
2026.04.03	11:12:00.231	0.69083				2
2026.04.03	11:12:01.730	0.69077	0.69081			6
2026.04.03	11:12:02.333	0.69076	0.69080			6
2026.04.03	11:12:04.141	0.69074	0.69077			6
2026.04.03	11:12:04.742	0.69075	0.69079			6
2026.04.03	11:12:05.046	0.69076	0.69080			6
2026.04.03	11:12:16.479	0.69077				2
2026.04.03	11:12:17.080	0.69076				2
2026.04.03	11:12:18.582	0.69077				2
2026.04.03	11:12:18.883	0.69076				2
2026.04.03	11:12:26.702	0.69077				2
2026.04.03	11:12:32.111	0.69076				2
2026.04.03	11:12:37.218	0.69077	0.69081			6
2026.04.03	11:12:39.024	0.69076	0.69080			6
2026.04.03	11:12:45.345	0.69082	0.69086			6
2026.04.03	11:12:45.651	0.69083	0.69087			6
2026.04.03	11:12:45.952	0.69084				2
2026.04.03	11:12:52.861	0.69083				2
2026.04.03	11:12:53.165	0.69080	0.69084			6
2026.04.03	11:12:53.765	0.69081	0.69085			6
2026.04.03	11:12:54.066	0.69080	0.69084			6
2026.04.03	11:13:00.081	0.69080				2
2026.04.03	11:13:03.384		0.69083			4
2026.04.03	11:13:03.684	0.69078	0.69082			6
2026.04.03	11:13:16.314	0.69074	0.69077			6
2026.04.03	11:13:56.313	0.69073				2
2026.04.03	11:13:56.612	0.69074				2
2026.04.03	11:14:00.221	0.69074				2
2026.04.03	11:14:04.731	0.69073				2
2026.04.03	11:14:14.369	0.69074				2
2026.04.03	11:14:16.477		0.69077			4
2026.04.03	11:14:36.024	0.69069	0.69072			6
2026.04.03	11:14:36.326	0.69068				2
2026.04.03	11:15:00.076	0.69068				2
2026.04.03	11:15:00.679	0.69069	0.69073			6
2026.04.03	11:15:03.986	0.69071	0.69075			6
2026.04.03	11:15:04.287	0.69070	0.69074			6
2026.04.03	11:15:34.370	0.69068	0.69072			6
2026.04.03	11:15:37.072	0.69069				2
2026.04.03	11:15:43.995	0.69070	0.69074			6
2026.04.03	11:15:52.421	0.69071	0.69075			6
2026.04.03	11:15:59.041	0.69070	0.69074			6
2026.04.03	11:16:00.243	0.69070				2
2026.04.03	11:16:15.582	0.69069	0.69072			6
2026.04.03	11:16:25.494	0.69068				2
2026.04.03	11:16:42.033	0.69067	0.69071			6
2026.04.03	11:16:47.148	0.69065	0.69069			6
2026.04.03	11:16:53.157	0.69064	0.69067			6
2026.04.03	11:16:56.768	0.69063				2
2026.04.03	11:17:00.076	0.69063				2
2026.04.03	11:17:23.223	0.69060	0.69064			6
2026.04.03	11:17:35.569	0.69057	0.69061			6
2026.04.03	11:17:35.869	0.69058	0.69062			6
2026.04.03	11:17:40.376	0.69056	0.69060			6
2026.04.03	11:17:40.675	0.69057	0.69061			6
2026.04.03	11:17:54.497	0.69055	0.69059			6
2026.04.03	11:18:00.212	0.69055				2
2026.04.03	11:18:00.514	0.69057	0.69061			6
2026.04.03	11:18:14.939	0.69056	0.69060			6
2026.04.03	11:18:24.572	0.69057	0.69061			6
2026.04.03	11:18:50.129	0.69056	0.69060			6
2026.04.03	11:19:00.073	0.69056				2
2026.04.03	11:19:09.094	0.69057	0.69061			6
2026.04.03	11:19:13.603	0.69058	0.69062			6
2026.04.03	11:19:28.335	0.69060	0.69064			6
2026.04.03	11:19:51.207	0.69061	0.69065			6
2026.04.03	11:20:00.230	0.69061				2
2026.04.03	11:20:00.831	0.69060	0.69064			6
2026.04.03	11:20:02.034	0.69059	0.69063			6
2026.04.03	11:20:02.332	0.69060	0.69064			6
2026.04.03	11:20:06.540	0.69059	0.69063			6
2026.04.03	11:20:07.141	0.69060	0.69064			6
2026.04.03	11:20:08.944	0.69058	0.69062			6
2026.04.03	11:20:09.244	0.69060	0.69064			6
2026.04.03	11:20:09.545	0.69058	0.69062			6
2026.04.03	11:20:15.271	0.69057	0.69061			6
2026.04.03	11:20:19.777	0.69058	0.69062			6
2026.04.03	11:20:36.904	0.69057	0.69061			6
2026.04.03	11:20:37.806	0.69058	0.69062			6
2026.04.03	11:21:00.060	0.69058				2
2026.04.03	11:21:04.564	0.69057	0.69061			6
2026.04.03	11:21:14.496	0.69058	0.69062			6
2026.04.03	11:21:38.850	0.69055	0.69059			6
2026.04.03	11:21:39.153	0.69054	0.69057			6
2026.04.03	11:22:00.201	0.69054				2
2026.04.03	11:22:03.808	0.69056	0.69058			6
2026.04.03	11:22:04.106	0.69054				2
2026.04.03	11:22:04.412	0.69053	0.69057			6
2026.04.03	11:22:04.711		0.69056			4
2026.04.03	11:22:05.012	0.69052				2
2026.04.03	11:22:12.518	0.69053	0.69057			6
2026.04.03	11:22:25.772	0.69052	0.69055			6
2026.04.03	11:22:30.883		0.69056			4
2026.04.03	11:22:42.313	0.69053	0.69057			6
2026.04.03	11:22:49.222		0.69056			4
2026.04.03	11:22:49.523	0.69052	0.69055			6
2026.04.03	11:22:49.822	0.69053				2
2026.04.03	11:22:50.722		0.69056			4
2026.04.03	11:22:53.428	0.69052				2
2026.04.03	11:23:00.044	0.69052				2
2026.04.03	11:23:00.345		0.69055			4
2026.04.03	11:23:03.354	0.69051				2
2026.04.03	11:23:03.955	0.69052				2
2026.04.03	11:23:20.180	0.69051				2
2026.04.03	11:23:20.481	0.69050	0.69054			6
2026.04.03	11:23:43.636	0.69051	0.69055			6
2026.04.03	11:23:53.870	0.69050	0.69054			6
2026.04.03	11:24:00.175	0.69050				2
2026.04.03	11:24:06.783	0.69051	0.69055			6
2026.04.03	11:24:13.097	0.69050	0.69054			6
2026.04.03	11:24:14.598	0.69051	0.69055			6
2026.04.03	11:24:37.446	0.69057	0.69061			6
2026.04.03	11:24:37.745	0.69059	0.69063			6
2026.04.03	11:24:38.646	0.69058	0.69062			6
2026.04.03	11:24:38.949	0.69059	0.69063			6
2026.04.03	11:24:39.547	0.69058	0.69062			6
2026.04.03	11:24:40.748	0.69059	0.69063			6
2026.04.03	11:24:48.280	0.69058	0.69062			6
2026.04.03	11:25:00.006	0.69058				2
2026.04.03	11:25:41.805	0.69057	0.69061			6
2026.04.03	11:25:42.706		0.69060			4
2026.04.03	11:25:43.005	0.69058	0.69062			6
2026.04.03	11:25:52.344	0.69066	0.69070			6
2026.04.03	11:25:53.546	0.69067	0.69071			6
2026.04.03	11:25:59.271	0.69068	0.69072			6
2026.04.03	11:26:00.174	0.69068				2
2026.04.03	11:26:26.948	0.69067	0.69071			6
2026.04.03	11:26:27.250	0.69068	0.69072			6
2026.04.03	11:27:00.026	0.69068				2
2026.04.03	11:27:13.271	0.69069	0.69073			6
2026.04.03	11:27:28.912	0.69068	0.69072			6
2026.04.03	11:27:43.956	0.69069	0.69073			6
2026.04.03	11:27:45.156	0.69072	0.69076			6
2026.04.03	11:27:50.572	0.69073	0.69077			6
2026.04.03	11:28:00.197	0.69074	0.69078			6
2026.04.03	11:28:46.201		0.69077			4
2026.04.03	11:28:56.729	0.69073				2
2026.04.03	11:28:59.741	0.69074				2
2026.04.03	11:29:00.048	0.69074				2
2026.04.03	11:29:01.849	0.69071	0.69074			6
2026.04.03	11:29:02.147	0.69069	0.69072			6
2026.04.03	11:29:02.447	0.69072	0.69076			6
2026.04.03	11:29:03.053	0.69073	0.69077			6
2026.04.03	11:29:03.350	0.69072	0.69076			6
2026.04.03	11:29:07.561	0.69073	0.69077			6
2026.04.03	11:29:14.776	0.69074				2
2026.04.03	11:29:19.877	0.69073				2
2026.04.03	11:29:23.484	0.69074				2
2026.04.03	11:30:00.182	0.69074				2
2026.04.03	11:30:02.293	0.69073				2
2026.04.03	11:30:02.595	0.69079	0.69083			6
2026.04.03	11:30:02.895	0.69078	0.69082			6
2026.04.03	11:30:23.343	0.69073	0.69077			6
2026.04.03	11:30:28.760	0.69071	0.69075			6
2026.04.03	11:30:29.062	0.69073	0.69077			6
2026.04.03	11:30:37.474	0.69074	0.69078			6
2026.04.03	11:30:38.675	0.69073	0.69077			6
2026.04.03	11:30:40.477	0.69074	0.69078			6
2026.04.03	11:30:40.779	0.69073	0.69077			6
2026.04.03	11:30:46.187	0.69076	0.69080			6
2026.04.03	11:31:00.022	0.69076				2
2026.04.03	11:31:01.828	0.69078	0.69082			6
2026.04.03	11:31:02.427	0.69077	0.69080			6
2026.04.03	11:31:05.133	0.69076				2
2026.04.03	11:31:25.274	0.69075	0.69079			6
2026.04.03	11:31:25.577	0.69074	0.69077			6
2026.04.03	11:31:30.388	0.69077	0.69081			6
2026.04.03	11:31:38.802	0.69078	0.69082			6
2026.04.03	11:31:53.529	0.69077	0.69081			6
2026.04.03	11:31:53.832	0.69076	0.69080			6
2026.04.03	11:32:00.143	0.69076				2
2026.04.03	11:32:35.324	0.69079	0.69082			6
2026.04.03	11:32:37.427	0.69078				2
2026.04.03	11:32:48.252	0.69079	0.69083			6
2026.04.03	11:32:49.151	0.69078	0.69082			6
2026.04.03	11:33:00.279	0.69078				2
2026.04.03	11:33:05.398	0.69077	0.69081			6
2026.04.03	11:33:10.514	0.69076				2
2026.04.03	11:33:18.348	0.69077				2
2026.04.03	11:33:19.847	0.69076	0.69080			6
2026.04.03	11:33:21.950		0.69081			4
2026.04.03	11:33:32.780	0.69077				2
2026.04.03	11:33:40.291	0.69074	0.69077			6
2026.04.03	11:33:44.502	0.69076	0.69078			6
2026.04.03	11:33:46.907	0.69081	0.69083			6
2026.04.03	11:33:49.315	0.69080	0.69082			6
2026.04.03	11:33:52.624	0.69078				2
2026.04.03	11:33:53.527	0.69079				2
2026.04.03	11:34:00.140	0.69079				2
2026.04.03	11:34:18.486	0.69080	0.69084			6
2026.04.03	11:34:22.394	0.69081	0.69085			6
2026.04.03	11:34:23.595	0.69080	0.69084			6
2026.04.03	11:34:24.798		0.69083			4
2026.04.03	11:34:25.098	0.69077	0.69081			6
2026.04.03	11:34:26.301	0.69076	0.69080			6
2026.04.03	11:34:40.433	0.69077	0.69081			6
2026.04.03	11:35:00.287	0.69077				2
2026.04.03	11:35:02.392	0.69076				2
2026.04.03	11:35:14.427	0.69077				2
2026.04.03	11:35:15.928	0.69076				2
2026.04.03	11:35:20.433	0.69077				2
2026.04.03	11:35:21.340	0.69076				2
2026.04.03	11:35:40.587		0.69081			4
2026.04.03	11:35:52.611	0.69078	0.69082			6
2026.04.03	11:35:58.317	0.69077	0.69081			6
2026.04.03	11:36:00.114	0.69077				2
2026.04.03	11:36:05.827	0.69076				2
2026.04.03	11:36:42.234	0.69078	0.69082			6
2026.04.03	11:37:00.275	0.69078				2
2026.04.03	11:37:42.390		0.69082			4
2026.04.03	11:38:00.129	0.69078				2
2026.04.03	11:38:19.986	0.69077	0.69081			6
2026.04.03	11:38:22.995	0.69080	0.69082			6
2026.04.03	11:38:23.295	0.69077	0.69081			6
2026.04.03	11:38:27.502	0.69078	0.69082			6
2026.04.03	11:39:00.001	0.69078				2
2026.04.03	11:39:27.681		0.69082			4
2026.04.03	11:39:38.802	0.69077	0.69081			6
2026.04.03	11:40:00.148	0.69077				2
2026.04.03	11:40:15.781	0.69078	0.69082			6
2026.04.03	11:41:00.282	0.69078				2
2026.04.03	11:41:15.918		0.69082			4
2026.04.03	11:41:47.498	0.69079	0.69083			6
2026.04.03	11:42:00.122	0.69079				2
2026.04.03	11:42:25.982	0.69078	0.69082			6
2026.04.03	11:42:26.881	0.69079	0.69083			6
2026.04.03	11:42:37.127		0.69082			4
2026.04.03	11:42:46.763		0.69083			4
2026.04.03	11:43:00.000	0.69079				2
2026.04.03	11:43:02.405	0.69081	0.69085			6
2026.04.03	11:43:02.704	0.69082	0.69086			6
2026.04.03	11:43:03.005		0.69085			4
2026.04.03	11:43:03.305		0.69086			4
2026.04.03	11:43:04.207	0.69083	0.69087			6
2026.04.03	11:43:04.511	0.69082	0.69086			6
2026.04.03	11:43:07.816	0.69083	0.69087			6
2026.04.03	11:43:24.363	0.69085				2
2026.04.03	11:43:24.662	0.69086	0.69088			6
2026.04.03	11:43:33.693	0.69084	0.69087			6
2026.04.03	11:44:00.150	0.69084				2
2026.04.03	11:44:10.688		0.69088			4
2026.04.03	11:44:11.891	0.69088	0.69092			6
2026.04.03	11:44:12.792	0.69089	0.69093			6
2026.04.03	11:44:32.942	0.69088	0.69092			6
2026.04.03	11:44:41.361	0.69092	0.69096			6
2026.04.03	11:44:41.660	0.69090	0.69094			6
2026.04.03	11:44:47.380	0.69091	0.69095			6
2026.04.03	11:44:56.709	0.69090	0.69094			6
2026.04.03	11:44:57.310	0.69091	0.69095			6
2026.04.03	11:45:00.016	0.69091				2
2026.04.03	11:45:00.917	0.69086	0.69090			6
2026.04.03	11:45:01.521		0.69089			4
2026.04.03	11:45:02.427	0.69085				2
2026.04.03	11:45:04.533	0.69084	0.69088			6
2026.04.03	11:45:04.836	0.69085	0.69089			6
2026.04.03	11:45:06.040	0.69086	0.69090			6
2026.04.03	11:45:22.298		0.69089			4
2026.04.03	11:45:28.316		0.69090			4
2026.04.03	11:45:45.157	0.69089	0.69093			6
2026.04.03	11:45:46.061	0.69088	0.69092			6
2026.04.03	11:45:54.486	0.69089	0.69093			6
2026.04.03	11:45:59.899	0.69091	0.69095			6
2026.04.03	11:46:00.199	0.69091				2
2026.04.03	11:46:01.704	0.69089	0.69092			6
2026.04.03	11:46:02.004	0.69086	0.69090			6
2026.04.03	11:46:03.207	0.69087	0.69091			6
2026.04.03	11:46:08.918		0.69090			4
2026.04.03	11:46:11.024		0.69091			4
2026.04.03	11:46:25.162	0.69086	0.69090			6
2026.04.03	11:46:25.461	0.69087	0.69091			6
2026.04.03	11:46:26.665	0.69088	0.69092			6
2026.04.03	11:46:42.608	0.69091	0.69095			6
2026.04.03	11:46:51.936	0.69088	0.69092			6
2026.04.03	11:47:00.050	0.69088				2
2026.04.03	11:47:28.014	0.69090	0.69094			6
2026.04.03	11:48:00.203	0.69090				2
2026.04.03	11:48:14.635	0.69089	0.69093			6
2026.04.03	11:48:18.849	0.69090	0.69094			6
2026.04.03	11:48:19.149	0.69091	0.69095			6
2026.04.03	11:48:21.551		0.69094			4
2026.04.03	11:48:28.477	0.69093	0.69097			6
2026.04.03	11:48:51.351	0.69096	0.69100			6
2026.04.03	11:49:00.079	0.69096				2
2026.04.03	11:49:08.190	0.69095	0.69099			6
2026.04.03	11:49:10.000	0.69093	0.69097			6
2026.04.03	11:49:15.114	0.69091	0.69095			6
2026.04.03	11:49:20.833	0.69090	0.69094			6
2026.04.03	11:49:22.341	0.69091	0.69095			6
2026.04.03	11:49:25.955	0.69090	0.69094			6
2026.04.03	11:49:26.257	0.69091	0.69095			6
2026.04.03	11:50:00.225	0.69091				2
2026.04.03	11:50:10.148	0.69087	0.69091			6
2026.04.03	11:50:10.450	0.69088	0.69092			6
2026.04.03	11:50:36.022	0.69086	0.69090			6
2026.04.03	11:50:38.428	0.69085	0.69089			6
2026.04.03	11:50:43.550	0.69086	0.69090			6
2026.04.03	11:50:52.882	0.69083	0.69087			6
2026.04.03	11:50:53.482	0.69082	0.69086			6
2026.04.03	11:50:53.782	0.69083	0.69087			6
2026.04.03	11:50:58.306	0.69082	0.69086			6
2026.04.03	11:51:00.114	0.69082				2
2026.04.03	11:51:00.415		0.69085			4
2026.04.03	11:51:00.718	0.69081				2
2026.04.03	11:51:06.134	0.69082	0.69086			6
2026.04.03	11:51:10.354	0.69081	0.69085			6
2026.04.03	11:51:16.973		0.69084			4
2026.04.03	11:51:17.276	0.69080				2
2026.04.03	11:51:17.573	0.69079	0.69082			6
2026.04.03	11:51:17.879	0.69078				2
2026.04.03	11:51:44.348	0.69077	0.69081			6
2026.04.03	11:51:48.865	0.69080	0.69084			6
2026.04.03	11:51:49.164	0.69081	0.69085			6
2026.04.03	11:51:51.275	0.69086	0.69090			6
2026.04.03	11:51:52.772	0.69087	0.69091			6
2026.04.03	11:51:59.997	0.69086	0.69090			6
2026.04.03	11:52:00.295	0.69086				2
2026.04.03	11:52:10.827	0.69085	0.69089			6
2026.04.03	11:52:12.028	0.69086	0.69090			6
2026.04.03	11:52:15.045	0.69083	0.69087			6
2026.04.03	11:52:29.476	0.69080	0.69084			6
2026.04.03	11:52:39.097	0.69081	0.69085			6
2026.04.03	11:52:55.643	0.69079	0.69083			6
2026.04.03	11:52:55.942	0.69081	0.69085			6
2026.04.03	11:52:56.242	0.69083	0.69087			6
2026.04.03	11:53:00.155	0.69083				2
2026.04.03	11:53:03.761	0.69081	0.69085			6
2026.04.03	11:53:14.883	0.69083	0.69087			6
2026.04.03	11:53:20.899	0.69084	0.69088			6
2026.04.03	11:53:23.604	0.69083	0.69087			6
2026.04.03	11:53:34.429	0.69084	0.69088			6
2026.04.03	11:53:52.775	0.69081	0.69085			6
2026.04.03	11:53:54.276	0.69086	0.69090			6
2026.04.03	11:54:00.296	0.69086				2
2026.04.03	11:54:10.517	0.69085	0.69089			6
2026.04.03	11:54:54.739	0.69086	0.69090			6
2026.04.03	11:54:55.341	0.69085	0.69089			6
2026.04.03	11:54:55.641	0.69086	0.69090			6
2026.04.03	11:55:00.149	0.69086				2
2026.04.03	11:55:55.765		0.69090			4
2026.04.03	11:56:00.280	0.69086				2
2026.04.03	11:56:17.426	0.69084	0.69088			6
2026.04.03	11:56:44.516	0.69085	0.69089			6
2026.04.03	11:56:44.818	0.69086	0.69090			6
2026.04.03	11:57:00.175	0.69086				2
2026.04.03	11:57:44.976		0.69090			4
2026.04.03	11:57:47.382	0.69090	0.69094			6
2026.04.03	11:57:47.685	0.69091	0.69095			6
2026.04.03	11:58:00.022	0.69091				2
2026.04.03	11:58:47.870		0.69095			4
2026.04.03	11:59:00.210	0.69091				2
2026.04.03	11:59:08.920	0.69092	0.69096			6
2026.04.03	11:59:09.226	0.69091	0.69095			6
2026.04.03	11:59:17.940	0.69090	0.69094			6
2026.04.03	11:59:18.843	0.69089	0.69092			6
2026.04.03	11:59:19.141		0.69093			4
2026.04.03	11:59:26.072	0.69088	0.69092			6
2026.04.03	11:59:26.674	0.69089	0.69093			6
2026.04.03	11:59:30.886	0.69088	0.69092			6
2026.04.03	11:59:36.604	0.69089	0.69093			6
2026.04.03	12:00:00.066	0.69087	0.69091			6
2026.04.03	12:00:00.664	0.69088	0.69092			6
2026.04.03	12:00:00.968	0.69087	0.69090			6
2026.04.03	12:00:01.271	0.69086				2
2026.04.03	12:00:06.977	0.69091	0.69095			6
2026.04.03	12:00:07.277	0.69092	0.69096			6
2026.04.03	12:00:07.577	0.69093	0.69097			6
2026.04.03	12:00:08.475	0.69094				2
2026.04.03	12:00:08.777	0.69091	0.69095			6
2026.04.03	12:00:09.078	0.69092	0.69096			6
2026.04.03	12:00:09.677	0.69089	0.69093			6
2026.04.03	12:00:12.081	0.69087	0.69091			6
2026.04.03	12:00:15.084	0.69088	0.69092			6
2026.04.03	12:00:15.383	0.69085	0.69089			6
2026.04.03	12:00:20.802	0.69086				2
2026.04.03	12:00:21.403	0.69085				2
2026.04.03	12:00:21.705	0.69089	0.69092			6
2026.04.03	12:00:22.004		0.69093			4
2026.04.03	12:00:33.425	0.69088	0.69092			6
2026.04.03	12:00:33.727	0.69087	0.69091			6
2026.04.03	12:00:34.028	0.69088	0.69092			6
2026.04.03	12:00:34.931	0.69087	0.69091			6
2026.04.03	12:00:35.533	0.69088	0.69092			6
2026.04.03	12:00:42.156	0.69087	0.69091			6
2026.04.03	12:00:47.576	0.69084	0.69088			6
2026.04.03	12:00:48.175		0.69087			4
2026.04.03	12:00:49.074		0.69088			4
2026.04.03	12:00:56.293	0.69083	0.69087			6
2026.04.03	12:00:56.597	0.69084	0.69088			6
2026.04.03	12:01:00.196	0.69084				2
2026.04.03	12:01:01.099	0.69085	0.69089			6
2026.04.03	12:01:01.398	0.69084	0.69088			6
2026.04.03	12:01:05.301	0.69083	0.69087			6
2026.04.03	12:01:05.903	0.69082	0.69086			6
2026.04.03	12:01:06.203	0.69083	0.69087			6
2026.04.03	12:01:06.504	0.69084	0.69088			6
2026.04.03	12:01:09.511	0.69083	0.69087			6
2026.04.03	12:01:11.314	0.69084	0.69088			6
2026.04.03	12:01:19.444	0.69083	0.69087			6
2026.04.03	12:01:21.248	0.69084	0.69088			6
2026.04.03	12:01:49.517	0.69085	0.69089			6
2026.04.03	12:01:54.021	0.69087	0.69091			6
2026.04.03	12:01:57.330	0.69086	0.69090			6
2026.04.03	12:01:57.630	0.69085	0.69089			6
2026.04.03	12:02:00.034	0.69085				2
2026.04.03	12:02:09.066	0.69084	0.69088			6
2026.04.03	12:02:19.599	0.69085	0.69089			6
2026.04.03	12:02:20.800	0.69086	0.69090			6
2026.04.03	12:02:21.100	0.69085	0.69089			6
2026.04.03	12:02:23.802	0.69088	0.69092			6
2026.04.03	12:02:24.104	0.69086	0.69090			6
2026.04.03	12:02:26.807	0.69088	0.69092			6
2026.04.03	12:02:34.628	0.69087	0.69091			6
2026.04.03	12:02:34.929	0.69086	0.69090			6
2026.04.03	12:02:42.140	0.69087	0.69091			6
2026.04.03	12:02:43.347	0.69086	0.69090			6
2026.04.03	12:02:44.249	0.69087	0.69091			6
2026.04.03	12:02:45.754	0.69089	0.69093			6
2026.04.03	12:02:46.655		0.69092			4
2026.04.03	12:02:49.668	0.69088				2
2026.04.03	12:02:50.269	0.69089	0.69093			6
2026.04.03	12:02:53.875	0.69096	0.69099			6
2026.04.03	12:02:54.173	0.69094	0.69097			6
2026.04.03	12:02:54.473	0.69093				2
2026.04.03	12:02:55.074	0.69094	0.69098			6
2026.04.03	12:02:59.279	0.69093	0.69097			6
2026.04.03	12:02:59.580	0.69094	0.69098			6
2026.04.03	12:03:00.181	0.69094				2
2026.04.03	12:03:01.982	0.69093	0.69097			6
2026.04.03	12:03:03.486	0.69091	0.69095			6
2026.04.03	12:03:03.786	0.69090	0.69094			6
2026.04.03	12:03:04.086	0.69088	0.69092			6
2026.04.03	12:03:04.386	0.69090	0.69094			6
2026.04.03	12:03:04.988	0.69088	0.69092			6
2026.04.03	12:03:16.115	0.69086	0.69090			6
2026.04.03	12:03:16.418	0.69087	0.69091			6
2026.04.03	12:03:17.318	0.69088	0.69092			6
2026.04.03	12:03:17.919	0.69086	0.69090			6
2026.04.03	12:03:18.821	0.69088	0.69092			6
2026.04.03	12:03:33.257	0.69086	0.69090			6
2026.04.03	12:03:33.556		0.69089			4
2026.04.03	12:03:36.869	0.69085				2
2026.04.03	12:03:40.473	0.69086	0.69090			6
2026.04.03	12:03:42.879	0.69088	0.69092			6
2026.04.03	12:03:43.181	0.69087	0.69091			6
2026.04.03	12:03:49.799	0.69086	0.69090			6
2026.04.03	12:03:51.003	0.69087	0.69091			6
2026.04.03	12:03:58.819	0.69091	0.69095			6
2026.04.03	12:03:59.117	0.69089	0.69093			6
2026.04.03	12:04:00.019	0.69089				2
2026.04.03	12:04:09.948	0.69090	0.69094			6
2026.04.03	12:04:12.954	0.69091	0.69095			6
2026.04.03	12:04:16.266	0.69089	0.69093			6
2026.04.03	12:04:16.571	0.69088	0.69092			6
2026.04.03	12:04:16.870	0.69089	0.69093			6
2026.04.03	12:04:18.972	0.69088	0.69092			6
2026.04.03	12:04:31.003	0.69089	0.69093			6
2026.04.03	12:04:32.505	0.69088	0.69092			6
2026.04.03	12:04:40.018	0.69089	0.69093			6
2026.04.03	12:04:47.531	0.69088	0.69092			6
2026.04.03	12:04:50.235	0.69081	0.69085			6
2026.04.03	12:04:54.141	0.69080	0.69084			6
2026.04.03	12:04:55.341	0.69081	0.69085			6
2026.04.03	12:04:58.050	0.69078	0.69082			6
2026.04.03	12:04:58.347	0.69076	0.69080			6
2026.04.03	12:05:00.151	0.69076				2
2026.04.03	12:05:04.972	0.69073	0.69077			6
2026.04.03	12:05:05.272	0.69076	0.69080			6
2026.04.03	12:05:07.983	0.69075	0.69079			6
2026.04.03	12:05:08.281	0.69076	0.69080			6
2026.04.03	12:05:12.793	0.69074	0.69078			6
2026.04.03	12:05:20.011	0.69072	0.69076			6
2026.04.03	12:05:41.679	0.69071	0.69075			6
2026.04.03	12:05:47.993	0.69073	0.69077			6
2026.04.03	12:05:49.799	0.69074	0.69078			6
2026.04.03	12:05:50.703	0.69073	0.69077			6
2026.04.03	12:05:52.508	0.69072	0.69076			6
2026.04.03	12:05:58.519	0.69071	0.69074			6
2026.04.03	12:05:58.819	0.69070				2
2026.04.03	12:06:00.022	0.69070				2
2026.04.03	12:06:00.622		0.69073			4
2026.04.03	12:06:00.921	0.69071	0.69075			6
2026.04.03	12:06:01.524	0.69068	0.69072			6
2026.04.03	12:06:01.824	0.69067	0.69071			6
2026.04.03	12:06:04.227	0.69066	0.69070			6
2026.04.03	12:06:04.829	0.69067	0.69071			6
2026.04.03	12:06:05.128	0.69068	0.69072			6
2026.04.03	12:06:10.536		0.69071			4
2026.04.03	12:06:14.151	0.69066	0.69070			6
2026.04.03	12:06:14.754	0.69067	0.69071			6
2026.04.03	12:06:15.053	0.69068	0.69072			6
2026.04.03	12:06:16.260	0.69069	0.69073			6
2026.04.03	12:06:21.973		0.69072			4
2026.04.03	12:06:22.575	0.69067	0.69071			6
2026.04.03	12:06:40.008	0.69068				2
2026.04.03	12:06:40.308	0.69067				2
2026.04.03	12:06:48.728	0.69068	0.69072			6
2026.04.03	12:06:49.629	0.69067	0.69071			6
2026.04.03	12:06:49.930	0.69068				2
2026.04.03	12:06:50.836		0.69072			4
2026.04.03	12:06:51.139	0.69069	0.69073			6
2026.04.03	12:06:51.440	0.69070	0.69074			6
2026.04.03	12:06:55.355	0.69072	0.69076			6
2026.04.03	12:06:55.951	0.69073				2
2026.04.03	12:06:58.368	0.69072				2
2026.04.03	12:06:58.974	0.69076	0.69080			6
2026.04.03	12:07:00.172	0.69076				2
2026.04.03	12:07:00.773	0.69077	0.69081			6
2026.04.03	12:07:06.183	0.69076	0.69080			6
2026.04.03	12:07:07.095	0.69077	0.69081			6
2026.04.03	12:07:07.396	0.69078	0.69082			6
2026.04.03	12:07:08.301	0.69077	0.69081			6
2026.04.03	12:07:17.621	0.69078	0.69082			6
2026.04.03	12:07:21.834	0.69077	0.69081			6
2026.04.03	12:07:22.134	0.69078	0.69082			6
2026.04.03	12:07:23.034	0.69077	0.69081			6
2026.04.03	12:07:45.280	0.69072	0.69076			6
2026.04.03	12:07:48.582	0.69073	0.69077			6
2026.04.03	12:07:50.087	0.69072	0.69076			6
2026.04.03	12:07:50.689	0.69073	0.69077			6
2026.04.03	12:07:54.598		0.69076			4
2026.04.03	12:07:57.906		0.69075			4
2026.04.03	12:07:59.111		0.69076			4
2026.04.03	12:08:00.016	0.69073				2
2026.04.03	12:08:01.219		0.69077			4
2026.04.03	12:08:04.221	0.69077	0.69081			6
2026.04.03	12:08:04.821	0.69078	0.69082			6
2026.04.03	12:08:21.662		0.69081			4
2026.04.03	12:08:23.766		0.69082			4
2026.04.03	12:08:24.972	0.69084	0.69088			6
2026.04.03	12:08:35.798	0.69080	0.69084			6
2026.04.03	12:08:36.400	0.69079	0.69083			6
2026.04.03	12:08:48.142	0.69078	0.69082			6
2026.04.03	12:08:54.763	0.69080	0.69084			6
2026.04.03	12:08:55.063	0.69082	0.69086			6
2026.04.03	12:08:58.972	0.69084	0.69088			6
2026.04.03	12:08:59.273	0.69083	0.69087			6
2026.04.03	12:09:00.175	0.69083				2
2026.04.03	12:09:07.393	0.69082	0.69086			6
2026.04.03	12:09:12.200	0.69084	0.69087			6
2026.04.03	12:09:12.503		0.69088			4
2026.04.03	12:09:17.014	0.69085	0.69089			6
2026.04.03	12:09:26.941	0.69086	0.69090			6
2026.04.03	12:09:46.799	0.69088	0.69092			6
2026.04.03	12:09:47.998	0.69087	0.69091			6
2026.04.03	12:10:00.019	0.69087				2
2026.04.03	12:10:21.078	0.69089	0.69093			6
2026.04.03	12:10:30.999	0.69088	0.69092			6
2026.04.03	12:10:33.100	0.69087				2
2026.04.03	12:10:52.032		0.69091			4
2026.04.03	12:10:56.548	0.69082	0.69086			6
2026.04.03	12:10:59.852	0.69080	0.69084			6
2026.04.03	12:11:00.159	0.69080				2
2026.04.03	12:11:03.158	0.69077	0.69081			6
2026.04.03	12:11:03.464	0.69078	0.69082			6
2026.04.03	12:11:09.474	0.69077				2
2026.04.03	12:11:10.375		0.69081			4
2026.04.03	12:11:20.005	0.69080	0.69084			6
2026.04.03	12:11:59.131	0.69079				2
2026.04.03	12:12:00.033	0.69077	0.69081			6
2026.04.03	12:12:00.335		0.69082			4
2026.04.03	12:12:00.632	0.69069	0.69074			6
2026.04.03	12:12:05.744	0.69064	0.69068			6
2026.04.03	12:13:00.199	0.69064				2
2026.04.03	12:13:00.499	0.69065	0.69069			6
2026.04.03	12:13:00.799	0.69064				2
2026.04.03	12:13:09.521	0.69060	0.69064			6
2026.04.03	12:13:09.819	0.69059	0.69063			6
2026.04.03	12:13:17.944	0.69060	0.69064			6
2026.04.03	12:13:18.241	0.69059	0.69063			6
2026.04.03	12:13:18.542	0.69060	0.69064			6
2026.04.03	12:13:23.960	0.69059				2
2026.04.03	12:13:24.261	0.69060				2
2026.04.03	12:13:36.594	0.69059				2
2026.04.03	12:13:39.598	0.69060				2
2026.04.03	12:14:00.046	0.69060				2
2026.04.03	12:14:00.348	0.69062	0.69066			6
2026.04.03	12:14:02.153	0.69063	0.69067			6
2026.04.03	12:14:06.369	0.69062	0.69066			6
2026.04.03	12:14:20.207	0.69061	0.69065			6
2026.04.03	12:14:23.810	0.69060	0.69064			6
2026.04.03	12:14:42.174	0.69059	0.69063			6
2026.04.03	12:14:47.287	0.69060	0.69064			6
2026.04.03	12:15:00.228	0.69060				2
2026.04.03	12:15:09.259	0.69059	0.69063			6
2026.04.03	12:15:15.279	0.69060	0.69064			6
2026.04.03	12:15:29.407	0.69059	0.69063			6
2026.04.03	12:15:38.723	0.69060	0.69064			6
2026.04.03	12:15:45.334	0.69063	0.69067			6
2026.04.03	12:15:46.837	0.69064	0.69068			6
2026.04.03	12:15:49.546	0.69065	0.69069			6
2026.04.03	12:16:00.076	0.69065				2
2026.04.03	12:16:15.411	0.69064	0.69068			6
2026.04.03	12:16:27.731	0.69065	0.69069			6
2026.04.03	12:17:00.220	0.69065				2
2026.04.03	12:17:07.735	0.69062	0.69066			6
2026.04.03	12:17:08.037	0.69063	0.69067			6
2026.04.03	12:17:09.534	0.69060	0.69064			6
2026.04.03	12:17:09.835	0.69059	0.69063			6
2026.04.03	12:17:16.757	0.69057	0.69061			6
2026.04.03	12:17:20.969	0.69056	0.69060			6
2026.04.03	12:17:22.777	0.69057	0.69061			6
2026.04.03	12:17:35.104	0.69056	0.69060			6
2026.04.03	12:17:39.010	0.69057	0.69061			6
2026.04.03	12:17:51.334	0.69058	0.69062			6
2026.04.03	12:17:54.344	0.69059	0.69063			6
2026.04.03	12:17:55.244	0.69060	0.69064			6
2026.04.03	12:17:57.043	0.69062	0.69066			6
2026.04.03	12:18:00.055	0.69062				2
2026.04.03	12:18:05.476	0.69060	0.69064			6
2026.04.03	12:18:06.377	0.69061	0.69065			6
2026.04.03	12:18:15.405	0.69059	0.69063			6
2026.04.03	12:18:15.701	0.69060	0.69064			6
2026.04.03	12:18:16.299	0.69061	0.69065			6
2026.04.03	12:18:17.199	0.69060	0.69064			6
2026.04.03	12:18:35.253	0.69061	0.69065			6
2026.04.03	12:18:50.285	0.69062	0.69067			6
2026.04.03	12:18:53.895		0.69066			4
2026.04.03	12:19:00.210	0.69062				2
2026.04.03	12:19:05.617		0.69067			4
2026.04.03	12:19:05.918		0.69066			4
2026.04.03	12:19:11.630		0.69067			4
2026.04.03	12:19:11.932		0.69066			4
2026.04.03	12:19:14.337		0.69067			4
2026.04.03	12:19:14.938		0.69066			4
2026.04.03	12:19:28.773	0.69063	0.69067			6
2026.04.03	12:19:39.304	0.69062	0.69066			6
2026.04.03	12:19:44.413	0.69066	0.69070			6
2026.04.03	12:19:44.713	0.69065	0.69069			6
2026.04.03	12:20:00.053	0.69065				2
2026.04.03	12:20:03.058	0.69064	0.69068			6
2026.04.03	12:20:10.871	0.69063	0.69067			6
2026.04.03	12:20:11.174	0.69064	0.69068			6
2026.04.03	12:20:11.471	0.69063	0.69067			6
2026.04.03	12:20:22.599	0.69064	0.69068			6
2026.04.03	12:20:23.800	0.69063	0.69067			6
2026.04.03	12:20:35.222	0.69064	0.69068			6
2026.04.03	12:20:35.523	0.69063	0.69067			6
2026.04.03	12:21:00.178	0.69063				2
2026.04.03	12:21:00.476	0.69062	0.69066			6
2026.04.03	12:21:01.381	0.69063	0.69067			6
2026.04.03	12:21:20.620	0.69062	0.69066			6
2026.04.03	12:21:25.130	0.69063	0.69067			6
2026.04.03	12:21:27.235	0.69058	0.69062			6
2026.04.03	12:21:32.945	0.69059	0.69063			6
2026.04.03	12:21:37.760	0.69058	0.69062			6
2026.04.03	12:21:39.263	0.69061	0.69065			6
2026.04.03	12:21:45.582	0.69057	0.69061			6
2026.04.03	12:21:54.308	0.69060	0.69062			6
2026.04.03	12:21:56.109	0.69059	0.69061			6
2026.04.03	12:21:56.412	0.69058				2
2026.04.03	12:21:56.711	0.69059				2
2026.04.03	12:22:00.022	0.69059				2
2026.04.03	12:22:03.327	0.69057				2
2026.04.03	12:22:42.426	0.69059	0.69063			6
2026.04.03	12:22:43.025	0.69060	0.69064			6
2026.04.03	12:22:45.733	0.69061	0.69065			6
2026.04.03	12:22:47.838	0.69058	0.69062			6
2026.04.03	12:22:48.438	0.69059	0.69063			6
2026.04.03	12:22:49.041	0.69058	0.69062			6
2026.04.03	12:22:59.277	0.69057	0.69061			6
2026.04.03	12:22:59.879	0.69055	0.69059			6
2026.04.03	12:23:00.182	0.69055				2
2026.04.03	12:23:01.083	0.69061	0.69065			6
2026.04.03	12:23:02.885	0.69062	0.69066			6
2026.04.03	12:23:08.298		0.69065			4
2026.04.03	12:23:22.236		0.69066			4
2026.04.03	12:23:23.141		0.69065			4
2026.04.03	12:23:25.554	0.69060	0.69064			6
2026.04.03	12:23:25.855	0.69061	0.69065			6
2026.04.03	12:23:26.162	0.69060	0.69064			6
2026.04.03	12:23:33.386	0.69061				2
2026.04.03	12:23:33.690	0.69062	0.69065			6
2026.04.03	12:23:34.893		0.69066			4
2026.04.03	12:23:44.230		0.69065			4
2026.04.03	12:24:00.169	0.69062				2
2026.04.03	12:24:15.200	0.69061				2
2026.04.03	12:24:20.009	0.69059	0.69063			6
2026.04.03	12:24:28.124	0.69057	0.69061			6
2026.04.03	12:24:28.423	0.69058	0.69062			6
2026.04.03	12:24:29.928	0.69057	0.69061			6
2026.04.03	12:24:34.131	0.69058	0.69062			6
2026.04.03	12:24:38.641	0.69059	0.69063			6
2026.04.03	12:24:50.080	0.69058	0.69062			6
2026.04.03	12:24:50.381	0.69059	0.69063			6
2026.04.03	12:24:50.984	0.69058	0.69062			6
2026.04.03	12:24:54.591	0.69059	0.69063			6
2026.04.03	12:25:00.007	0.69059				2
2026.04.03	12:25:03.013	0.69058	0.69062			6
2026.04.03	12:25:03.311	0.69057	0.69061			6
2026.04.03	12:25:44.512	0.69058	0.69062			6
2026.04.03	12:26:00.154	0.69058				2
2026.04.03	12:26:08.285	0.69059	0.69063			6
2026.04.03	12:26:08.585	0.69062	0.69066			6
2026.04.03	12:26:10.088	0.69063	0.69067			6
2026.04.03	12:26:10.389	0.69066	0.69070			6
2026.04.03	12:26:10.690	0.69067	0.69071			6
2026.04.03	12:26:32.352	0.69069	0.69073			6
2026.04.03	12:26:33.254	0.69070	0.69074			6
2026.04.03	12:26:33.556	0.69072	0.69076			6
2026.04.03	12:26:35.659	0.69075	0.69079			6
2026.04.03	12:26:35.959		0.69078			4
2026.04.03	12:26:36.259		0.69079			4
2026.04.03	12:26:44.080	0.69076				2
2026.04.03	12:26:44.383		0.69080			4
2026.04.03	12:26:54.316	0.69079	0.69081			6
2026.04.03	12:26:56.420	0.69078	0.69080			6
2026.04.03	12:27:00.024	0.69078				2
2026.04.03	12:27:00.323	0.69075	0.69077			6
2026.04.03	12:27:01.226		0.69078			4
2026.04.03	12:27:01.527	0.69073	0.69077			6
2026.04.03	12:27:27.403	0.69072	0.69076			6
2026.04.03	12:27:35.524	0.69073	0.69077			6
2026.04.03	12:27:43.046	0.69074	0.69078			6
2026.04.03	12:27:46.058	0.69073	0.69077			6
2026.04.03	12:27:46.362	0.69072	0.69076			6
2026.04.03	12:27:46.659	0.69073	0.69077			6
2026.04.03	12:28:00.191	0.69073				2
2026.04.03	12:28:13.741	0.69074	0.69078			6
2026.04.03	12:28:19.764	0.69075	0.69079			6
2026.04.03	12:28:26.689	0.69074	0.69078			6
2026.04.03	12:28:57.984	0.69072	0.69076			6
2026.04.03	12:29:00.095	0.69072				2
2026.04.03	12:29:43.415		0.69075			4
2026.04.03	12:29:44.617		0.69076			4
2026.04.03	12:29:46.720	0.69073	0.69077			6
2026.04.03	12:30:00.251	0.69073				2
2026.04.03	12:30:46.856		0.69077			4
2026.04.03	12:30:54.376	0.69072	0.69075			6
2026.04.03	12:31:00.088	0.69072				2
2026.04.03	12:31:03.695	0.69073	0.69077			6
2026.04.03	12:31:31.970	0.69072	0.69076			6
2026.04.03	12:32:00.253	0.69072				2
2026.04.03	12:32:05.062	0.69071	0.69075			6
2026.04.03	12:32:21.323	0.69069	0.69073			6
2026.04.03	12:32:23.432	0.69068	0.69072			6
2026.04.03	12:32:23.735	0.69071	0.69075			6
2026.04.03	12:32:24.635	0.69070	0.69074			6
2026.04.03	12:32:25.540	0.69069	0.69073			6
2026.04.03	12:32:39.379	0.69067	0.69070			6
2026.04.03	12:32:41.481	0.69066	0.69069			6
2026.04.03	12:32:41.782		0.69070			4
2026.04.03	12:32:45.403		0.69069			4
2026.04.03	12:32:47.204		0.69070			4
2026.04.03	12:33:00.154	0.69066				2
2026.04.03	12:33:25.112	0.69068	0.69072			6
2026.04.03	12:33:27.218	0.69071	0.69074			6
2026.04.03	12:33:27.517		0.69075			4
2026.04.03	12:34:00.284	0.69071				2
2026.04.03	12:34:27.641		0.69075			4
2026.04.03	12:35:00.120	0.69071				2
2026.04.03	12:35:27.787		0.69075			4
2026.04.03	12:36:00.276	0.69071				2
2026.04.03	12:36:08.399	0.69069	0.69073			6
2026.04.03	12:36:23.148	0.69066	0.69070			6
2026.04.03	12:36:23.447	0.69062	0.69066			6
2026.04.03	12:36:38.200	0.69058	0.69060			6
2026.04.03	12:36:38.500	0.69057	0.69061			6
2026.04.03	12:36:39.400	0.69058	0.69062			6
2026.04.03	12:36:40.600	0.69057	0.69061			6
2026.04.03	12:36:46.318	0.69058	0.69062			6
2026.04.03	12:36:49.628	0.69057	0.69061			6
2026.04.03	12:36:50.831	0.69058	0.69062			6
2026.04.03	12:36:53.237	0.69057	0.69061			6
2026.04.03	12:36:55.945	0.69058	0.69062			6
2026.04.03	12:36:58.051	0.69057	0.69061			6
2026.04.03	12:37:00.159	0.69057				2
2026.04.03	12:37:13.394	0.69058	0.69062			6
2026.04.03	12:37:31.439	0.69057	0.69061			6
2026.04.03	12:38:00.011	0.69057				2
2026.04.03	12:38:08.430	0.69055	0.69059			6
2026.04.03	12:38:09.333	0.69053	0.69057			6
2026.04.03	12:38:34.899	0.69054	0.69058			6
2026.04.03	12:38:36.100	0.69053	0.69057			6
2026.04.03	12:38:49.931	0.69051	0.69055			6
2026.04.03	12:38:59.549	0.69052	0.69056			6
2026.04.03	12:38:59.854	0.69053	0.69057			6
2026.04.03	12:39:00.156	0.69053				2
2026.04.03	12:39:04.064	0.69052	0.69056			6
2026.04.03	12:39:12.785	0.69053	0.69057			6
2026.04.03	12:39:17.604	0.69056	0.69060			6
2026.04.03	12:39:27.528	0.69057	0.69061			6
2026.04.03	12:39:37.159	0.69056	0.69060			6
2026.04.03	12:39:52.487	0.69057	0.69061			6
2026.04.03	12:39:52.788	0.69056	0.69060			6
2026.04.03	12:40:00.002	0.69056				2
2026.04.03	12:40:01.502	0.69057	0.69061			6
2026.04.03	12:40:18.050	0.69056	0.69060			6
2026.04.03	12:40:23.174	0.69057				2
2026.04.03	12:40:23.476	0.69058	0.69062			6
2026.04.03	12:40:35.205	0.69057	0.69061			6
2026.04.03	12:40:35.807	0.69056	0.69060			6
2026.04.03	12:41:00.176	0.69056				2
2026.04.03	12:41:01.376	0.69055	0.69059			6
2026.04.03	12:41:01.677	0.69054	0.69058			6
2026.04.03	12:41:01.977	0.69053	0.69057			6
2026.04.03	12:41:04.380	0.69054	0.69058			6
2026.04.03	12:41:05.883	0.69055				2
2026.04.03	12:41:10.386	0.69054	0.69057			6
2026.04.03	12:41:13.697	0.69053				2
2026.04.03	12:41:14.600	0.69054	0.69058			6
2026.04.03	12:41:17.911	0.69053	0.69057			6
2026.04.03	12:41:28.744	0.69052	0.69056			6
2026.04.03	12:41:45.286	0.69053	0.69057			6
2026.04.03	12:42:00.030	0.69053				2
2026.04.03	12:42:41.522	0.69054	0.69058			6
2026.04.03	12:43:00.166	0.69054				2
2026.04.03	12:43:27.239	0.69059	0.69063			6
2026.04.03	12:43:37.175	0.69064	0.69068			6
2026.04.03	12:44:00.047	0.69064				2
2026.04.03	12:44:07.559	0.69063	0.69067			6
2026.04.03	12:44:16.896	0.69064	0.69068			6
2026.04.03	12:44:25.012	0.69063	0.69067			6
2026.04.03	12:44:25.314	0.69064	0.69068			6
2026.04.03	12:44:27.423	0.69063	0.69067			6
2026.04.03	12:44:27.728	0.69059	0.69063			6
2026.04.03	12:44:31.632	0.69058	0.69062			6
2026.04.03	12:44:41.862	0.69057	0.69061			6
2026.04.03	12:45:00.215	0.69057				2
2026.04.03	12:45:04.426	0.69056	0.69060			6
2026.04.03	12:45:35.105	0.69055	0.69059			6
2026.04.03	12:45:49.845		0.69060			4
2026.04.03	12:45:54.057		0.69059			4
2026.04.03	12:46:00.077	0.69055				2
2026.04.03	12:46:01.578	0.69056	0.69060			6
2026.04.03	12:46:06.989	0.69058	0.69062			6
2026.04.03	12:46:09.998	0.69057	0.69061			6
2026.04.03	12:46:21.434	0.69055	0.69059			6
2026.04.03	12:46:25.039	0.69054	0.69058			6
2026.04.03	12:46:28.647	0.69056	0.69060			6
2026.04.03	12:46:56.619	0.69055	0.69059			6
2026.04.03	12:47:00.232	0.69055				2
2026.04.03	12:47:14.381	0.69056	0.69060			6
2026.04.03	12:47:25.825	0.69053	0.69057			6
2026.04.03	12:47:34.241	0.69055	0.69059			6
2026.04.03	12:47:57.402	0.69056	0.69060			6
2026.04.03	12:48:00.111	0.69056				2
2026.04.03	12:48:35.298	0.69053	0.69057			6
2026.04.03	12:48:35.598	0.69054	0.69058			6
2026.04.03	12:48:35.899	0.69056	0.69060			6
2026.04.03	12:48:50.950	0.69055	0.69059			6
2026.04.03	12:48:59.668	0.69056	0.69060			6
2026.04.03	12:49:00.270	0.69056				2
2026.04.03	12:49:10.789	0.69058	0.69062			6
2026.04.03	12:49:33.056	0.69056	0.69060			6
2026.04.03	12:49:55.908	0.69052	0.69056			6
2026.04.03	12:50:00.126	0.69052				2
2026.04.03	12:50:06.434	0.69055	0.69059			6
2026.04.03	12:50:11.856	0.69056	0.69060			6
2026.04.03	12:50:15.769	0.69055	0.69059			6
2026.04.03	12:50:20.580	0.69057	0.69061			6
2026.04.03	12:50:25.699	0.69060	0.69064			6
2026.04.03	12:50:27.800	0.69059	0.69063			6
2026.04.03	12:50:28.101	0.69060	0.69064			6
2026.04.03	12:50:33.512	0.69059	0.69063			6
2026.04.03	12:50:33.813	0.69060	0.69064			6
2026.04.03	12:51:00.286	0.69060				2
2026.04.03	12:51:16.821	0.69062	0.69066			6
2026.04.03	12:51:17.118	0.69061	0.69065			6
2026.04.03	12:51:18.021	0.69063	0.69067			6
2026.04.03	12:51:19.523	0.69062	0.69066			6
2026.04.03	12:51:30.052	0.69061	0.69065			6
2026.04.03	12:51:33.359	0.69057	0.69061			6
2026.04.03	12:51:33.658	0.69056	0.69060			6
2026.04.03	12:51:55.912		0.69061			4
2026.04.03	12:52:00.126	0.69056				2
2026.04.03	12:52:10.952	0.69055	0.69059			6
2026.04.03	12:52:35.603	0.69057	0.69061			6
2026.04.03	12:52:38.913	0.69056	0.69060			6
2026.04.03	12:52:45.826	0.69055	0.69059			6
2026.04.03	12:53:00.265	0.69055				2
2026.04.03	12:53:15.609		0.69060			4
2026.04.03	12:53:27.334		0.69059			4
2026.04.03	12:53:30.340	0.69056	0.69060			6
2026.04.03	12:53:45.979	0.69055				2
2026.04.03	12:53:51.695	0.69056				2
2026.04.03	12:53:52.597	0.69057	0.69061			6
2026.04.03	12:54:00.132	0.69061	0.69065			6
2026.04.03	12:54:00.430	0.69062	0.69066			6
2026.04.03	12:54:01.332	0.69059	0.69063			6
2026.04.03	12:54:06.454	0.69062	0.69066			6
2026.04.03	12:54:13.078	0.69061	0.69065			6
2026.04.03	12:55:00.012	0.69061				2
2026.04.03	12:55:13.255		0.69065			4
2026.04.03	12:55:21.081	0.69056	0.69060			6
2026.04.03	12:55:21.978	0.69057	0.69061			6
2026.04.03	12:55:39.124	0.69061	0.69065			6
2026.04.03	12:55:41.221	0.69060				2
2026.04.03	12:55:44.228	0.69062	0.69066			6
2026.04.03	12:56:00.179	0.69062				2
2026.04.03	12:56:01.081	0.69065	0.69069			6
2026.04.03	12:56:32.072	0.69066	0.69070			6
2026.04.03	12:57:00.026	0.69066				2
2026.04.03	12:57:00.322	0.69065	0.69069			6
2026.04.03	12:57:06.036	0.69059	0.69063			6
2026.04.03	12:57:06.337	0.69058	0.69062			6
2026.04.03	12:57:06.639	0.69059	0.69063			6
2026.04.03	12:57:07.542	0.69060	0.69064			6
2026.04.03	12:57:07.845	0.69061	0.69065			6
2026.04.03	12:57:11.155	0.69060	0.69064			6
2026.04.03	12:57:17.777	0.69061	0.69065			6
2026.04.03	12:57:20.186	0.69060	0.69064			6
2026.04.03	12:57:20.486		0.69065			4
2026.04.03	12:57:53.286	0.69061				2
2026.04.03	12:58:00.200	0.69061				2
2026.04.03	12:58:10.715	0.69062	0.69066			6
2026.04.03	12:58:14.627	0.69061	0.69065			6
2026.04.03	12:58:16.737	0.69063	0.69067			6
2026.04.03	12:58:41.107	0.69062	0.69066			6
2026.04.03	12:58:48.017	0.69064	0.69068			6
2026.04.03	12:58:48.315	0.69062	0.69066			6
2026.04.03	12:58:48.620	0.69064	0.69068			6
2026.04.03	12:58:49.520	0.69063	0.69067			6
2026.04.03	12:58:49.822	0.69064	0.69068			6
2026.04.03	12:58:51.021	0.69066	0.69070			6
2026.04.03	12:59:00.050	0.69066				2
2026.04.03	12:59:51.184		0.69070			4
2026.04.03	12:59:59.003	0.69063	0.69067			6
2026.04.03	13:00:00.205	0.69062	0.69066			6
2026.04.03	13:00:02.008	0.69069	0.69073			6
2026.04.03	13:00:08.321	0.69067	0.69071			6
2026.04.03	13:00:10.732	0.69065	0.69069			6
2026.04.03	13:00:15.837	0.69064	0.69068			6
2026.04.03	13:00:23.055	0.69062	0.69066			6
2026.04.03	13:00:34.197	0.69063	0.69067			6
2026.04.03	13:00:38.401	0.69064	0.69068			6
2026.04.03	13:00:42.310	0.69062	0.69066			6
2026.04.03	13:00:52.232	0.69061	0.69065			6
2026.04.03	13:00:52.831	0.69060	0.69064			6
2026.04.03	13:01:00.046	0.69060				2
2026.04.03	13:01:01.249	0.69059	0.69063			6
2026.04.03	13:01:02.453	0.69057	0.69061			6
2026.04.03	13:01:04.557	0.69056	0.69060			6
2026.04.03	13:01:04.861	0.69055	0.69059			6
2026.04.03	13:01:05.157	0.69057	0.69061			6
2026.04.03	13:01:05.458	0.69056	0.69060			6
2026.04.03	13:01:05.757	0.69055	0.69059			6
2026.04.03	13:01:06.961	0.69052	0.69056			6
2026.04.03	13:01:15.980	0.69053	0.69057			6
2026.04.03	13:01:22.897	0.69054	0.69058			6
2026.04.03	13:01:28.307	0.69053	0.69057			6
2026.04.03	13:01:43.647	0.69054	0.69058			6
2026.04.03	13:01:44.549	0.69053	0.69057			6
2026.04.03	13:01:45.454	0.69051	0.69055			6
2026.04.03	13:01:47.555	0.69052	0.69056			6
2026.04.03	13:01:55.072	0.69051	0.69055			6
2026.04.03	13:02:00.179	0.69051				2
2026.04.03	13:02:00.481	0.69052	0.69056			6
2026.04.03	13:02:11.002	0.69051	0.69055			6
2026.04.03	13:02:11.600	0.69050	0.69054			6
2026.04.03	13:02:11.906	0.69051	0.69055			6
2026.04.03	13:02:12.504	0.69050	0.69054			6
2026.04.03	13:02:15.808	0.69049	0.69053			6
2026.04.03	13:02:16.109	0.69050	0.69054			6
2026.04.03	13:02:43.468	0.69051	0.69055			6
2026.04.03	13:02:57.005	0.69052	0.69056			6
2026.04.03	13:03:00.017	0.69052				2
2026.04.03	13:03:00.317	0.69051	0.69055			6
2026.04.03	13:03:03.020	0.69050	0.69054			6
2026.04.03	13:03:09.637	0.69052	0.69056			6
2026.04.03	13:03:11.442	0.69051	0.69055			6
2026.04.03	13:03:15.051	0.69050				2
2026.04.03	13:03:36.695	0.69051				2
2026.04.03	13:03:46.615	0.69050				2
2026.04.03	13:04:00.147	0.69050				2
2026.04.03	13:04:11.573		0.69055			4
2026.04.03	13:04:13.679	0.69052	0.69056			6
2026.04.03	13:04:16.083	0.69051	0.69055			6
2026.04.03	13:04:16.386	0.69050				2
2026.04.03	13:04:46.740	0.69054	0.69058			6
2026.04.03	13:04:50.344	0.69056	0.69060			6
2026.04.03	13:04:50.646	0.69055				2
2026.04.03	13:04:53.058		0.69059			4
2026.04.03	13:04:54.559		0.69060			4
2026.04.03	13:05:00.277	0.69055				2
2026.04.03	13:05:01.476		0.69059			4
2026.04.03	13:05:05.082	0.69056	0.69060			6
2026.04.03	13:05:05.685	0.69055	0.69059			6
2026.04.03	13:05:54.414	0.69057	0.69061			6
2026.04.03	13:06:00.131	0.69057				2
2026.04.03	13:06:10.051	0.69058	0.69062			6
2026.04.03	13:06:16.673	0.69059	0.69063			6
2026.04.03	13:06:16.972	0.69060	0.69065			6
2026.04.03	13:06:17.272	0.69061				2
2026.04.03	13:07:00.288	0.69061				2
2026.04.03	13:07:09.008	0.69063	0.69067			6
2026.04.03	13:07:09.307	0.69062	0.69066			6
2026.04.03	13:07:10.508		0.69067			4
2026.04.03	13:07:12.010		0.69066			4
2026.04.03	13:07:12.312		0.69067			4
2026.04.03	13:07:21.938		0.69066			4
2026.04.03	13:07:30.066	0.69064	0.69068			6
2026.04.03	13:07:39.086	0.69063	0.69067			6
2026.04.03	13:07:44.200	0.69064	0.69068			6
2026.04.03	13:07:48.405	0.69063	0.69067			6
2026.04.03	13:07:48.703	0.69062	0.69066			6
2026.04.03	13:07:50.808	0.69063	0.69067			6
2026.04.03	13:07:54.118	0.69062	0.69066			6
2026.04.03	13:07:57.724	0.69064	0.69068			6
2026.04.03	13:08:00.134	0.69064				2
2026.04.03	13:08:02.538	0.69063	0.69067			6
2026.04.03	13:08:04.647	0.69062				2
2026.04.03	13:08:11.272	0.69064	0.69068			6
2026.04.03	13:08:29.013	0.69063	0.69067			6
2026.04.03	13:08:44.055	0.69066	0.69070			6
2026.04.03	13:08:45.559	0.69065	0.69069			6
2026.04.03	13:08:46.158		0.69070			4
2026.04.03	13:09:00.301	0.69065				2
2026.04.03	13:09:06.312	0.69067	0.69071			6
2026.04.03	13:09:08.715	0.69066	0.69070			6
2026.04.03	13:09:09.017	0.69067	0.69071			6
2026.04.03	13:09:23.756	0.69065	0.69069			6
2026.04.03	13:09:44.212	0.69066	0.69070			6
2026.04.03	13:10:00.162	0.69066				2
2026.04.03	13:10:26.635	0.69071	0.69075			6
2026.04.03	13:10:26.932	0.69069	0.69073			6
2026.04.03	13:10:27.239	0.69071	0.69075			6
2026.04.03	13:10:42.279	0.69068	0.69072			6
2026.04.03	13:10:44.381	0.69069	0.69073			6
2026.04.03	13:10:48.886	0.69067	0.69071			6
2026.04.03	13:11:00.022	0.69067				2
2026.04.03	13:11:01.231	0.69066	0.69070			6
2026.04.03	13:11:05.440	0.69067	0.69071			6
2026.04.03	13:11:05.742	0.69066	0.69070			6
2026.04.03	13:11:08.456	0.69067	0.69071			6
2026.04.03	13:11:08.756	0.69068	0.69072			6
2026.04.03	13:11:10.260	0.69067	0.69071			6
2026.04.03	13:11:14.472	0.69069	0.69073			6
2026.04.03	13:11:21.684	0.69068	0.69072			6
2026.04.03	13:11:30.705	0.69066	0.69070			6
2026.04.03	13:11:31.007	0.69065	0.69069			6
2026.04.03	13:11:31.307	0.69064	0.69068			6
2026.04.03	13:11:32.812	0.69067	0.69071			6
2026.04.03	13:11:44.242	0.69068	0.69072			6
2026.04.03	13:11:44.842	0.69067	0.69071			6
2026.04.03	13:12:00.188	0.69067				2
2026.04.03	13:12:06.808	0.69066	0.69070			6
2026.04.03	13:12:08.010	0.69067	0.69071			6
2026.04.03	13:12:16.732	0.69068	0.69072			6
2026.04.03	13:12:20.949	0.69069	0.69073			6
2026.04.03	13:12:21.851	0.69068	0.69072			6
2026.04.03	13:12:24.559	0.69067	0.69071			6
2026.04.03	13:12:36.601	0.69068	0.69072			6
2026.04.03	13:12:54.062	0.69067	0.69071			6
2026.04.03	13:13:00.078	0.69067				2
2026.04.03	13:13:00.977	0.69068	0.69072			6
2026.04.03	13:13:01.278	0.69067	0.69071			6
2026.04.03	13:13:17.816	0.69068	0.69072			6
2026.04.03	13:13:31.668	0.69060	0.69064			6
2026.04.03	13:13:32.568	0.69057	0.69061			6
2026.04.03	13:13:37.986	0.69053	0.69057			6
2026.04.03	13:13:38.290	0.69048	0.69052			6
2026.04.03	13:13:38.585	0.69047	0.69051			6
2026.04.03	13:13:38.890	0.69048	0.69052			6
2026.04.03	13:13:39.186	0.69049	0.69053			6
2026.04.03	13:13:39.790	0.69048	0.69052			6
2026.04.03	13:13:43.398	0.69047	0.69051			6
2026.04.03	13:13:44.900	0.69048	0.69052			6
2026.04.03	13:13:50.918	0.69052	0.69056			6
2026.04.03	13:14:00.253	0.69052				2
2026.04.03	13:14:01.758	0.69053	0.69057			6
2026.04.03	13:14:02.056	0.69052	0.69056			6
2026.04.03	13:14:02.657	0.69047	0.69051			6
2026.04.03	13:14:03.558	0.69048	0.69052			6
2026.04.03	13:14:15.897	0.69052	0.69056			6
2026.04.03	13:14:41.470	0.69054	0.69058			6
2026.04.03	13:14:51.686	0.69052	0.69056			6
2026.04.03	13:14:54.087	0.69050	0.69054			6
2026.04.03	13:15:00.104	0.69050				2
2026.04.03	13:15:02.508	0.69053	0.69057			6
2026.04.03	13:15:04.615	0.69052	0.69056			6
2026.04.03	13:15:18.149	0.69051	0.69055			6
2026.04.03	13:15:18.452	0.69050	0.69054			6
2026.04.03	13:15:19.051	0.69047	0.69051			6
2026.04.03	13:15:19.352	0.69046	0.69050			6
2026.04.03	13:15:19.656	0.69047	0.69051			6
2026.04.03	13:15:20.257	0.69048	0.69052			6
2026.04.03	13:15:28.377	0.69050	0.69054			6
2026.04.03	13:15:57.554	0.69044	0.69048			6
2026.04.03	13:15:57.853	0.69042	0.69046			6
2026.04.03	13:15:59.058	0.69046	0.69050			6
2026.04.03	13:16:00.260	0.69046				2
2026.04.03	13:16:04.171	0.69045	0.69049			6
2026.04.03	13:16:17.102	0.69044				2
2026.04.03	13:16:19.206		0.69048			4
2026.04.03	13:16:32.734	0.69042	0.69046			6
2026.04.03	13:16:35.153	0.69040	0.69044			6
2026.04.03	13:16:55.318	0.69039	0.69043			6
2026.04.03	13:16:55.618	0.69040	0.69044			6
2026.04.03	13:17:00.125	0.69040				2
2026.04.03	13:17:29.300	0.69039	0.69043			6
2026.04.03	13:17:41.923		0.69044			4
2026.04.03	13:17:42.229	0.69040				2
2026.04.03	13:17:42.527	0.69042	0.69046			6
2026.04.03	13:17:46.434	0.69043	0.69047			6
2026.04.03	13:18:00.257	0.69043				2
2026.04.03	13:18:00.856	0.69040	0.69044			6
2026.04.03	13:18:01.159	0.69039	0.69043			6
2026.04.03	13:18:06.863	0.69042	0.69046			6
2026.04.03	13:18:09.269	0.69043	0.69047			6
2026.04.03	13:18:18.895	0.69044	0.69048			6
2026.04.03	13:18:19.198	0.69047	0.69051			6
2026.04.03	13:18:21.299	0.69052	0.69056			6
2026.04.03	13:18:23.103	0.69051	0.69055			6
2026.04.03	13:18:26.412	0.69050	0.69054			6
2026.04.03	13:18:28.816	0.69052	0.69056			6
2026.04.03	13:18:29.117	0.69053	0.69057			6
2026.04.03	13:18:34.235	0.69052	0.69056			6
2026.04.03	13:18:34.835	0.69053	0.69057			6
2026.04.03	13:18:43.871	0.69052	0.69056			6
2026.04.03	13:18:54.687	0.69051	0.69055			6
2026.04.03	13:19:00.104	0.69051				2
2026.04.03	13:19:02.510	0.69050	0.69054			6
2026.04.03	13:19:17.538	0.69048	0.69052			6
2026.04.03	13:19:28.964	0.69047	0.69051			6
2026.04.03	13:19:40.690	0.69048	0.69052			6
2026.04.03	13:19:44.907	0.69047	0.69051			6
2026.04.03	13:19:46.410	0.69048	0.69052			6
2026.04.03	13:19:53.033	0.69047	0.69051			6
2026.04.03	13:20:00.251	0.69047				2
2026.04.03	13:20:11.383	0.69048	0.69052			6
2026.04.03	13:20:35.145	0.69047	0.69051			6
2026.04.03	13:20:42.357	0.69048	0.69052			6
2026.04.03	13:20:49.580	0.69047	0.69051			6
2026.04.03	13:20:50.176	0.69048	0.69052			6
2026.04.03	13:20:51.377	0.69047	0.69051			6
2026.04.03	13:20:58.894	0.69048	0.69052			6
2026.04.03	13:20:59.802	0.69049	0.69053			6
2026.04.03	13:21:00.099	0.69049				2
2026.04.03	13:21:01.901	0.69051	0.69055			6
2026.04.03	13:21:02.802	0.69054	0.69058			6
2026.04.03	13:21:03.103	0.69053	0.69057			6
2026.04.03	13:21:15.427	0.69054	0.69058			6
2026.04.03	13:21:16.932	0.69053	0.69057			6
2026.04.03	13:21:27.458	0.69052	0.69056			6
2026.04.03	13:21:31.366	0.69053	0.69057			6
2026.04.03	13:21:47.604	0.69049	0.69053			6
2026.04.03	13:21:48.507	0.69050	0.69054			6
2026.04.03	13:22:00.237	0.69050				2
2026.04.03	13:22:12.579	0.69048	0.69052			6
2026.04.03	13:22:12.881	0.69047				2
2026.04.03	13:22:14.684	0.69049	0.69053			6
2026.04.03	13:22:15.885	0.69050	0.69054			6
2026.04.03	13:22:35.730	0.69049				2
2026.04.03	13:22:36.031	0.69050	0.69055			6
2026.04.03	13:22:40.852		0.69054			4
2026.04.03	13:22:42.355	0.69051	0.69055			6
2026.04.03	13:22:45.360	0.69050	0.69054			6
2026.04.03	13:23:00.092	0.69050				2
2026.04.03	13:23:11.533	0.69051	0.69055			6
2026.04.03	13:23:16.951	0.69050				2
2026.04.03	13:23:17.552	0.69051				2
2026.04.03	13:23:21.767	0.69050				2
2026.04.03	13:23:25.678	0.69052	0.69056			6
2026.04.03	13:23:31.091	0.69051	0.69055			6
2026.04.03	13:23:37.704	0.69052	0.69056			6
2026.04.03	13:23:46.722	0.69053	0.69057			6
2026.04.03	13:23:48.226	0.69052	0.69056			6
2026.04.03	13:23:50.930	0.69053	0.69057			6
2026.04.03	13:23:56.341	0.69052	0.69056			6
2026.04.03	13:23:59.950	0.69050	0.69055			6
2026.04.03	13:24:00.252	0.69050				2
2026.04.03	13:24:00.856	0.69052	0.69056			6
2026.04.03	13:24:07.175	0.69053	0.69057			6
2026.04.03	13:24:08.977	0.69051	0.69055			6
2026.04.03	13:24:23.111	0.69050				2
2026.04.03	13:24:28.223	0.69051				2
2026.04.03	13:24:29.726	0.69050				2
2026.04.03	13:24:35.439	0.69054	0.69058			6
2026.04.03	13:24:36.646	0.69055	0.69059			6
2026.04.03	13:24:53.182	0.69054	0.69058			6
2026.04.03	13:24:53.479	0.69052	0.69057			6
2026.04.03	13:25:00.101	0.69052				2
2026.04.03	13:25:08.820		0.69056			4
2026.04.03	13:25:32.873	0.69050	0.69054			6
2026.04.03	13:25:35.278	0.69049	0.69053			6
2026.04.03	13:25:35.577	0.69050	0.69054			6
2026.04.03	13:25:46.404	0.69051	0.69055			6
2026.04.03	13:26:00.236	0.69051				2
2026.04.03	13:26:02.338	0.69052	0.69056			6
2026.04.03	13:26:02.639	0.69051	0.69055			6
2026.04.03	13:26:04.747	0.69052	0.69056			6
2026.04.03	13:26:08.359	0.69053	0.69057			6
2026.04.03	13:26:12.273	0.69054	0.69058			6
2026.04.03	13:26:17.690	0.69053	0.69057			6
2026.04.03	13:26:18.591	0.69054	0.69058			6
2026.04.03	13:26:20.700	0.69052	0.69056			6
2026.04.03	13:26:22.805	0.69053	0.69057			6
2026.04.03	13:26:23.106	0.69054	0.69058			6
2026.04.03	13:26:51.994	0.69052	0.69056			6
2026.04.03	13:26:56.811	0.69053	0.69057			6
2026.04.03	13:27:00.124	0.69053				2
2026.04.03	13:27:15.455	0.69052	0.69056			6
2026.04.03	13:27:17.260	0.69054	0.69058			6
2026.04.03	13:27:21.468	0.69052	0.69056			6
2026.04.03	13:27:33.505	0.69053	0.69057			6
2026.04.03	13:27:33.806	0.69054	0.69058			6
2026.04.03	13:27:39.518	0.69053	0.69057			6
2026.04.03	13:27:46.442	0.69052	0.69056			6
2026.04.03	13:27:46.743	0.69053	0.69057			6
2026.04.03	13:27:48.551	0.69052	0.69056			6
2026.04.03	13:28:00.290	0.69052				2
2026.04.03	13:28:02.992	0.69053	0.69057			6
2026.04.03	13:28:03.292	0.69052	0.69056			6
2026.04.03	13:28:12.017	0.69051	0.69053			6
2026.04.03	13:28:12.316	0.69052	0.69056			6
2026.04.03	13:28:18.342	0.69051	0.69055			6
2026.04.03	13:28:18.643	0.69052	0.69056			6
2026.04.03	13:28:24.957	0.69050	0.69054			6
2026.04.03	13:28:25.258	0.69051	0.69055			6
2026.04.03	13:28:26.159	0.69050	0.69054			6
2026.04.03	13:28:27.059	0.69051	0.69055			6
2026.04.03	13:28:30.670	0.69050	0.69054			6
2026.04.03	13:28:30.972	0.69052	0.69056			6
2026.04.03	13:28:39.093	0.69051	0.69055			6
2026.04.03	13:28:39.397	0.69050	0.69054			6
2026.04.03	13:28:49.034	0.69051	0.69055			6
2026.04.03	13:28:52.344	0.69052	0.69056			6
2026.04.03	13:29:00.162	0.69052				2
2026.04.03	13:29:00.762	0.69051	0.69055			6
2026.04.03	13:29:01.060	0.69050	0.69054			6
2026.04.03	13:29:03.766	0.69051	0.69055			6
2026.04.03	13:29:04.067	0.69052	0.69056			6
2026.04.03	13:29:06.778	0.69051	0.69055			6
2026.04.03	13:29:10.981	0.69052	0.69056			6
2026.04.03	13:29:13.085	0.69051	0.69055			6
2026.04.03	13:29:23.305	0.69050	0.69054			6
2026.04.03	13:29:58.195	0.69046	0.69050			6
2026.04.03	13:30:00.296	0.69047	0.69051			6
2026.04.03	13:30:01.198	0.69046	0.69050			6
2026.04.03	13:30:13.221	0.69045	0.69049			6
2026.04.03	13:30:21.037		0.69050			4
2026.04.03	13:30:24.038	0.69046				2
2026.04.03	13:30:27.948	0.69045	0.69049			6
2026.04.03	13:30:39.080		0.69050			4
2026.04.03	13:30:39.383	0.69046				2
2026.04.03	13:31:00.114	0.69046				2
2026.04.03	13:31:04.922	0.69045	0.69048			6
2026.04.03	13:31:05.524		0.69049			4
2026.04.03	13:31:05.824	0.69046	0.69050			6
2026.04.03	13:31:06.424	0.69045	0.69048			6
2026.04.03	13:31:07.026	0.69046	0.69050			6
2026.04.03	13:31:15.444	0.69045	0.69049			6
2026.04.03	13:31:16.345	0.69046	0.69050			6
2026.04.03	13:31:17.247	0.69045	0.69049			6
2026.04.03	13:31:34.690	0.69044	0.69048			6
2026.04.03	13:31:36.189	0.69045	0.69049			6
2026.04.03	13:31:44.013	0.69043	0.69047			6
2026.04.03	13:31:44.313	0.69044	0.69048			6
2026.04.03	13:31:45.214	0.69045	0.69049			6
2026.04.03	13:31:46.718	0.69044	0.69048			6
2026.04.03	13:31:50.322	0.69043	0.69047			6
2026.04.03	13:31:55.734	0.69042	0.69046			6
2026.04.03	13:32:00.256	0.69042				2
2026.04.03	13:32:04.175	0.69036	0.69040			6
2026.04.03	13:32:04.477	0.69035	0.69039			6
2026.04.03	13:32:05.978	0.69036	0.69040			6
2026.04.03	13:32:13.801	0.69037	0.69041			6
2026.04.03	13:32:25.528	0.69038	0.69042			6
2026.04.03	13:32:31.553	0.69037	0.69041			6
2026.04.03	13:32:33.657	0.69036	0.69040			6
2026.04.03	13:32:38.478	0.69037	0.69041			6
2026.04.03	13:33:00.128	0.69037				2
2026.04.03	13:33:38.622		0.69041			4
2026.04.03	13:33:44.636	0.69038	0.69042			6
2026.04.03	13:33:46.440	0.69037	0.69041			6
2026.04.03	13:33:57.266	0.69038	0.69042			6
2026.04.03	13:33:57.567	0.69037	0.69041			6
2026.04.03	13:34:00.277	0.69037				2
2026.04.03	13:34:03.884	0.69038	0.69042			6
2026.04.03	13:34:09.896	0.69037	0.69041			6
2026.04.03	13:34:11.100	0.69038	0.69042			6
2026.04.03	13:34:15.004	0.69037	0.69041			6
2026.04.03	13:34:45.386		0.69042			4
2026.04.03	13:34:46.291	0.69039	0.69043			6
2026.04.03	13:34:49.902	0.69041	0.69045			6
2026.04.03	13:34:50.803	0.69042	0.69046			6
2026.04.03	13:34:55.617	0.69039	0.69043			6
2026.04.03	13:34:59.230	0.69041	0.69045			6
2026.04.03	13:35:00.135	0.69040	0.69044			6
2026.04.03	13:35:01.335	0.69042	0.69046			6
2026.04.03	13:36:00.286	0.69042				2
2026.04.03	13:36:01.487		0.69046			4
2026.04.03	13:36:33.959	0.69041	0.69045			6
2026.04.03	13:36:37.571	0.69042	0.69046			6
2026.04.03	13:37:00.126	0.69042				2
2026.04.03	13:37:16.367	0.69041	0.69045			6
2026.04.03	13:37:27.185	0.69042	0.69046			6
2026.04.03	13:37:39.809	0.69041	0.69045			6
2026.04.03	13:37:47.937	0.69042	0.69046			6
2026.04.03	13:38:00.276	0.69042				2
2026.04.03	13:38:02.376	0.69041	0.69045			6
2026.04.03	13:38:04.786	0.69038	0.69042			6
2026.04.03	13:38:05.085	0.69039	0.69043			6
2026.04.03	13:38:06.888	0.69038	0.69042			6
2026.04.03	13:38:25.537	0.69044	0.69048			6
2026.04.03	13:38:30.952	0.69043	0.69047			6
2026.04.03	13:38:42.387	0.69042	0.69046			6
2026.04.03	13:38:45.996	0.69043	0.69047			6
2026.04.03	13:38:47.199	0.69042	0.69046			6
2026.04.03	13:39:00.132	0.69042				2
2026.04.03	13:39:08.258	0.69043	0.69047			6
2026.04.03	13:39:20.578	0.69042	0.69046			6
2026.04.03	13:39:20.884	0.69044	0.69048			6
2026.04.03	13:39:21.180	0.69047	0.69051			6
2026.04.03	13:39:24.785	0.69049	0.69053			6
2026.04.03	13:39:45.828	0.69048	0.69052			6
2026.04.03	13:39:50.339	0.69049	0.69053			6
2026.04.03	13:39:56.665	0.69047	0.69051			6
2026.04.03	13:40:00.281	0.69048	0.69052			6
2026.04.03	13:40:10.215	0.69047	0.69051			6
2026.04.03	13:40:20.441	0.69048	0.69052			6
2026.04.03	13:40:28.261	0.69047	0.69051			6
2026.04.03	13:40:28.860	0.69048	0.69052			6
2026.04.03	13:40:40.284	0.69047	0.69051			6
2026.04.03	13:40:42.990	0.69048	0.69052			6
2026.04.03	13:40:43.893	0.69047	0.69051			6
2026.04.03	13:40:47.507		0.69050			4
2026.04.03	13:40:56.823		0.69051			4
2026.04.03	13:41:00.135	0.69047				2
2026.04.03	13:41:03.142		0.69050			4
2026.04.03	13:41:05.244	0.69044	0.69048			6
2026.04.03	13:41:08.549	0.69045	0.69049			6
2026.04.03	13:41:31.102	0.69046	0.69050			6
2026.04.03	13:42:00.288	0.69046				2
2026.04.03	13:42:12.319	0.69045	0.69049			6
2026.04.03	13:42:23.141	0.69046	0.69050			6
2026.04.03	13:42:23.444	0.69044	0.69048			6
2026.04.03	13:42:23.741	0.69042	0.69046			6
2026.04.03	13:42:24.046	0.69040	0.69044			6
2026.04.03	13:42:24.342	0.69041				2
2026.04.03	13:42:28.865		0.69045			4
2026.04.03	13:42:43.593	0.69043	0.69047			6
2026.04.03	13:42:43.896	0.69044	0.69048			6
2026.04.03	13:42:44.194	0.69045	0.69049			6
2026.04.03	13:43:00.134	0.69045				2
2026.04.03	13:43:02.240	0.69044	0.69048			6
2026.04.03	13:43:03.745	0.69045	0.69049			6
2026.04.03	13:43:05.554	0.69043	0.69047			6
2026.04.03	13:43:17.583	0.69044	0.69048			6
2026.04.03	13:43:17.885	0.69045	0.69049			6
2026.04.03	13:43:22.998	0.69044	0.69048			6
2026.04.03	13:43:28.111		0.69049			4
2026.04.03	13:43:43.439	0.69045				2
2026.04.03	13:43:44.038	0.69044	0.69048			6
2026.04.03	13:43:48.550	0.69043	0.69047			6
2026.04.03	13:44:00.270	0.69043				2
2026.04.03	13:44:20.703	0.69042	0.69046			6
2026.04.03	13:44:28.523		0.69047			4
2026.04.03	13:44:28.822		0.69046			4
2026.04.03	13:45:00.080	0.69042				2
2026.04.03	13:45:05.794	0.69045	0.69049			6
2026.04.03	13:45:06.997	0.69048	0.69052			6
2026.04.03	13:45:07.296	0.69049	0.69053			6
2026.04.03	13:45:08.502	0.69050	0.69054			6
2026.04.03	13:45:12.403	0.69051	0.69055			6
2026.04.03	13:45:22.334	0.69052	0.69056			6
2026.04.03	13:45:22.634	0.69050	0.69054			6
2026.04.03	13:45:24.432	0.69052	0.69056			6
2026.04.03	13:46:00.219	0.69052				2
2026.04.03	13:46:05.037	0.69056	0.69060			6
2026.04.03	13:46:05.337	0.69059	0.69063			6
2026.04.03	13:46:23.389	0.69058	0.69062			6
2026.04.03	13:46:30.912	0.69057	0.69061			6
2026.04.03	13:46:41.741	0.69061	0.69064			6
2026.04.03	13:46:42.039	0.69063	0.69067			6
2026.04.03	13:46:46.847	0.69062	0.69066			6
2026.04.03	13:46:47.149	0.69063	0.69067			6
2026.04.03	13:46:49.559	0.69062	0.69066			6
2026.04.03	13:46:57.679	0.69064	0.69068			6
2026.04.03	13:46:57.978	0.69063	0.69067			6
2026.04.03	13:46:58.580	0.69065	0.69069			6
2026.04.03	13:47:00.079	0.69065				2
2026.04.03	13:47:00.981	0.69067	0.69071			6
2026.04.03	13:47:06.386	0.69068	0.69072			6
2026.04.03	13:47:09.390	0.69067	0.69071			6
2026.04.03	13:47:11.193	0.69068	0.69072			6
2026.04.03	13:47:18.108	0.69067	0.69071			6
2026.04.03	13:47:23.516	0.69065	0.69069			6
2026.04.03	13:47:38.857	0.69064	0.69068			6
2026.04.03	13:47:49.085	0.69063	0.69067			6
2026.04.03	13:47:49.386	0.69065	0.69069			6
2026.04.03	13:47:59.912	0.69067	0.69071			6
2026.04.03	13:48:00.215	0.69067				2
2026.04.03	13:48:17.059	0.69065	0.69069			6
2026.04.03	13:48:44.747	0.69064				2
2026.04.03	13:48:54.077		0.69068			4
2026.04.03	13:48:57.381	0.69065	0.69069			6
2026.04.03	13:49:00.086	0.69065				2
2026.04.03	13:49:16.340	0.69066	0.69070			6
2026.04.03	13:49:17.242	0.69065	0.69069			6
2026.04.03	13:49:17.546	0.69066	0.69070			6
2026.04.03	13:49:24.764	0.69065	0.69069			6
2026.04.03	13:49:29.883	0.69067	0.69071			6
2026.04.03	13:49:33.797	0.69066	0.69070			6
2026.04.03	13:49:34.098	0.69065	0.69069			6
2026.04.03	13:49:42.513	0.69066	0.69070			6
2026.04.03	13:49:44.622	0.69065	0.69069			6
2026.04.03	13:50:00.259	0.69065				2
2026.04.03	13:50:11.084	0.69064	0.69068			6
2026.04.03	13:50:11.385	0.69065	0.69069			6
2026.04.03	13:50:11.987	0.69064				2
2026.04.03	13:50:13.190	0.69065				2
2026.04.03	13:50:17.103	0.69064				2
2026.04.03	13:50:24.919	0.69065				2
2026.04.03	13:50:46.288	0.69067	0.69071			6
2026.04.03	13:50:46.589	0.69068	0.69072			6
2026.04.03	13:50:46.890	0.69067				2
2026.04.03	13:50:58.022	0.69068				2
2026.04.03	13:50:59.829	0.69067	0.69071			6
2026.04.03	13:51:00.129	0.69067				2
2026.04.03	13:51:01.029	0.69068	0.69072			6
2026.04.03	13:51:02.529	0.69069	0.69073			6
2026.04.03	13:51:17.277	0.69068	0.69072			6
2026.04.03	13:51:50.984	0.69069	0.69073			6
2026.04.03	13:51:51.585	0.69068	0.69072			6
2026.04.03	13:52:00.021	0.69068				2
2026.04.03	13:52:03.930	0.69072	0.69076			6
2026.04.03	13:52:04.229	0.69070	0.69074			6
2026.04.03	13:52:30.395	0.69068	0.69072			6
2026.04.03	13:52:33.402	0.69069	0.69073			6
2026.04.03	13:52:33.708	0.69070	0.69074			6
2026.04.03	13:52:37.317	0.69069	0.69073			6
2026.04.03	13:52:39.727	0.69070	0.69074			6
2026.04.03	13:52:43.932	0.69069	0.69073			6
2026.04.03	13:53:00.163	0.69069				2
2026.04.03	13:53:01.969	0.69067	0.69071			6
2026.04.03	13:53:10.686	0.69068	0.69072			6
2026.04.03	13:53:30.837	0.69069	0.69073			6
2026.04.03	13:53:32.039	0.69071	0.69075			6
2026.04.03	13:53:37.156	0.69074	0.69078			6
2026.04.03	13:53:42.862	0.69075	0.69079			6
2026.04.03	13:53:46.465	0.69076	0.69080			6
2026.04.03	13:53:52.790	0.69077				2
2026.04.03	13:53:53.083	0.69078	0.69082			6
2026.04.03	13:53:53.988	0.69079	0.69083			6
2026.04.03	13:53:54.287	0.69078	0.69082			6
2026.04.03	13:53:54.592	0.69079	0.69083			6
2026.04.03	13:53:54.889	0.69077	0.69081			6
2026.04.03	13:54:00.000	0.69078	0.69082			6
2026.04.03	13:54:01.800	0.69077	0.69081			6
2026.04.03	13:54:03.904	0.69076	0.69080			6
2026.04.03	13:54:09.326	0.69077	0.69081			6
2026.04.03	13:54:12.933	0.69076	0.69080			6
2026.04.03	13:54:13.235	0.69077	0.69081			6
2026.04.03	13:54:18.345	0.69076	0.69080			6
2026.04.03	13:54:19.247	0.69075	0.69079			6
2026.04.03	13:54:19.550	0.69074	0.69078			6
2026.04.03	13:54:26.169	0.69073	0.69077			6
2026.04.03	13:54:35.498	0.69074	0.69078			6
2026.04.03	13:54:44.217	0.69075	0.69079			6
2026.04.03	13:54:44.517	0.69077	0.69081			6
2026.04.03	13:54:44.814	0.69078	0.69082			6
2026.04.03	13:54:46.922	0.69081	0.69084			6
2026.04.03	13:54:47.222	0.69083	0.69087			6
2026.04.03	13:54:56.847	0.69082	0.69086			6
2026.04.03	13:54:57.752	0.69081	0.69085			6
2026.04.03	13:54:58.656	0.69082	0.69086			6
2026.04.03	13:55:00.162	0.69082				2
2026.04.03	13:55:03.474	0.69084	0.69088			6
2026.04.03	13:55:03.778	0.69087	0.69091			6
2026.04.03	13:55:07.978	0.69086	0.69090			6
2026.04.03	13:55:09.486	0.69085	0.69089			6
2026.04.03	13:55:14.290	0.69084	0.69088			6
2026.04.03	13:55:14.593	0.69082	0.69086			6
2026.04.03	13:55:17.000	0.69081	0.69085			6
2026.04.03	13:55:17.902	0.69082	0.69086			6
2026.04.03	13:55:18.801	0.69083	0.69087			6
2026.04.03	13:55:20.305	0.69082	0.69086			6
2026.04.03	13:55:23.016	0.69083	0.69087			6
2026.04.03	13:55:24.518	0.69081	0.69084			6
2026.04.03	13:55:28.131	0.69082				2
2026.04.03	13:55:32.038		0.69086			4
2026.04.03	13:55:34.446	0.69081	0.69083			6
2026.04.03	13:55:38.656	0.69080				2
2026.04.03	13:55:38.959	0.69081				2
2026.04.03	13:55:39.257	0.69080				2
2026.04.03	13:55:41.362	0.69081	0.69085			6
2026.04.03	13:55:51.589	0.69079	0.69083			6
2026.04.03	13:56:00.017	0.69079				2
2026.04.03	13:56:08.129	0.69080	0.69084			6
2026.04.03	13:56:46.026	0.69078	0.69082			6
2026.04.03	13:56:47.832	0.69077	0.69081			6
2026.04.03	13:56:48.432	0.69078	0.69082			6
2026.04.03	13:57:00.181	0.69078				2
2026.04.03	13:57:06.507	0.69077				2
2026.04.03	13:57:07.109	0.69071	0.69075			6
2026.04.03	13:57:07.708		0.69076			4
2026.04.03	13:57:08.009	0.69070	0.69074			6
2026.04.03	13:57:09.510	0.69069	0.69073			6
2026.04.03	13:57:12.213	0.69070	0.69074			6
2026.04.03	13:57:28.469	0.69069	0.69073			6
2026.04.03	13:57:32.378	0.69070	0.69074			6
2026.04.03	13:57:32.979	0.69069	0.69073			6
2026.04.03	13:57:34.784	0.69070	0.69074			6
2026.04.03	13:57:35.988	0.69069				2
2026.04.03	13:57:36.890	0.69070				2
2026.04.03	13:57:38.088	0.69069				2
2026.04.03	13:57:42.000	0.69070				2
2026.04.03	13:57:53.435	0.69069				2
2026.04.03	13:57:56.141		0.69073			4
2026.04.03	13:57:56.442		0.69074			4
2026.04.03	13:57:57.348	0.69070				2
2026.04.03	13:57:57.647	0.69071	0.69075			6
2026.04.03	13:58:00.052	0.69071				2
2026.04.03	13:58:23.811	0.69070	0.69074			6
2026.04.03	13:58:53.574	0.69069				2
2026.04.03	13:58:55.079		0.69073			4
2026.04.03	13:59:00.187	0.69069				2
2026.04.03	13:59:02.288	0.69070	0.69074			6
2026.04.03	13:59:02.890	0.69071	0.69075			6
2026.04.03	13:59:03.492	0.69070	0.69074			6
2026.04.03	13:59:11.907	0.69069	0.69073			6
2026.04.03	13:59:18.519	0.69067	0.69071			6
2026.04.03	13:59:39.261	0.69066	0.69070			6
2026.04.03	13:59:43.177	0.69067	0.69071			6
2026.04.03	13:59:48.884	0.69065	0.69069			6
2026.04.03	13:59:49.786	0.69063	0.69067			6
2026.04.03	13:59:51.288	0.69064	0.69068			6
2026.04.03	13:59:55.805	0.69065	0.69069			6
2026.04.03	14:00:00.029	0.69065				2
2026.04.03	14:00:00.319	0.69062	0.69066			6
2026.04.03	14:00:23.785	0.69060	0.69064			6
2026.04.03	14:00:24.088	0.69057	0.69061			6
2026.04.03	14:00:24.388	0.69058	0.69062			6
2026.04.03	14:00:24.985	0.69057				2
2026.04.03	14:00:27.695		0.69061			4
2026.04.03	14:00:29.196	0.69058	0.69062			6
2026.04.03	14:00:30.700	0.69057	0.69061			6
2026.04.03	14:00:32.807	0.69058	0.69062			6
2026.04.03	14:00:38.212	0.69059	0.69063			6
2026.04.03	14:00:39.113	0.69058	0.69062			6
2026.04.03	14:00:41.519	0.69057	0.69061			6
2026.04.03	14:01:00.185	0.69057				2
2026.04.03	14:01:08.905	0.69059	0.69063			6
2026.04.03	14:01:09.508	0.69057	0.69061			6
2026.04.03	14:01:19.119	0.69058	0.69062			6
2026.04.03	14:01:19.722	0.69057	0.69061			6
2026.04.03	14:01:35.061	0.69058	0.69062			6
2026.04.03	14:01:35.363	0.69057	0.69061			6
2026.04.03	14:01:38.977	0.69058	0.69062			6
2026.04.03	14:01:42.886	0.69057	0.69061			6
2026.04.03	14:01:43.788	0.69058	0.69062			6
2026.04.03	14:01:44.999	0.69057	0.69061			6
2026.04.03	14:01:46.506	0.69058	0.69062			6
2026.04.03	14:01:50.115	0.69060	0.69064			6
2026.04.03	14:01:51.014	0.69059	0.69063			6
2026.04.03	14:01:56.424	0.69058	0.69062			6
2026.04.03	14:01:57.022	0.69059	0.69063			6
2026.04.03	14:01:57.323	0.69058	0.69062			6
2026.04.03	14:02:00.024	0.69058				2
2026.04.03	14:02:06.949	0.69059	0.69063			6
2026.04.03	14:02:12.060	0.69058	0.69062			6
2026.04.03	14:02:19.280	0.69057	0.69061			6
2026.04.03	14:02:28.290	0.69058	0.69062			6
2026.04.03	14:02:44.232	0.69057	0.69061			6
2026.04.03	14:02:50.550	0.69052	0.69056			6
2026.04.03	14:02:56.275	0.69053	0.69057			6
2026.04.03	14:02:56.575	0.69054	0.69058			6
2026.04.03	14:02:58.077	0.69053	0.69057			6
2026.04.03	14:03:00.182	0.69053				2
2026.04.03	14:03:17.927	0.69052	0.69056			6
2026.04.03	14:03:31.779	0.69053	0.69057			6
2026.04.03	14:03:47.109	0.69052	0.69056			6
2026.04.03	14:03:47.410	0.69058	0.69062			6
2026.04.03	14:03:47.708	0.69059	0.69063			6
2026.04.03	14:03:58.528		0.69062			4
2026.04.03	14:04:00.033	0.69059				2
2026.04.03	14:04:00.631		0.69063			4
2026.04.03	14:04:31.888	0.69057	0.69061			6
2026.04.03	14:04:49.619	0.69059	0.69063			6
2026.04.03	14:04:51.120	0.69058	0.69062			6
2026.04.03	14:05:00.138	0.69058				2
2026.04.03	14:05:02.544	0.69059	0.69063			6
2026.04.03	14:05:02.845	0.69058	0.69062			6
2026.04.03	14:05:18.178	0.69057	0.69061			6
2026.04.03	14:05:19.383	0.69056	0.69060			6
2026.04.03	14:05:24.491	0.69058	0.69062			6
2026.04.03	14:05:24.793	0.69057	0.69061			6
2026.04.03	14:05:26.596	0.69058	0.69062			6
2026.04.03	14:05:34.708	0.69059	0.69063			6
2026.04.03	14:05:36.511	0.69058	0.69062			6
2026.04.03	14:06:00.275	0.69058				2
2026.04.03	14:06:04.778	0.69057	0.69061			6
2026.04.03	14:06:14.695	0.69056				2
2026.04.03	14:06:14.997	0.69057				2
2026.04.03	14:06:16.797	0.69059	0.69063			6
2026.04.03	14:06:22.208	0.69057	0.69062			6
2026.04.03	14:06:22.504		0.69061			4
2026.04.03	14:06:24.307	0.69058	0.69062			6
2026.04.03	14:06:24.611	0.69057	0.69061			6
2026.04.03	14:06:25.818	0.69059	0.69063			6
2026.04.03	14:06:29.719	0.69058	0.69062			6
2026.04.03	14:06:32.423	0.69057	0.69061			6
2026.04.03	14:06:33.024	0.69056	0.69060			6
2026.04.03	14:06:35.126	0.69057	0.69061			6
2026.04.03	14:06:35.427	0.69058	0.69062			6
2026.04.03	14:06:36.027	0.69060	0.69064			6
2026.04.03	14:06:36.331	0.69061	0.69065			6
2026.04.03	14:06:45.052	0.69060	0.69064			6
2026.04.03	14:07:00.076	0.69060				2
2026.04.03	14:07:06.991		0.69065			4
2026.04.03	14:07:18.718	0.69057	0.69061			6
2026.04.03	14:07:19.018		0.69062			4
2026.04.03	14:07:23.827	0.69058				2
2026.04.03	14:07:30.145	0.69057	0.69061			6
2026.04.03	14:07:30.446	0.69058	0.69062			6
2026.04.03	14:07:30.746	0.69057	0.69061			6
2026.04.03	14:07:36.760	0.69058	0.69062			6
2026.04.03	14:07:41.576	0.69057	0.69061			6
2026.04.03	14:07:41.878	0.69056	0.69060			6
2026.04.03	14:07:42.178	0.69055	0.69059			6
2026.04.03	14:07:46.380	0.69057	0.69061			6
2026.04.03	14:07:47.581	0.69056	0.69060			6
2026.04.03	14:07:48.483	0.69054	0.69057			6
2026.04.03	14:07:48.783	0.69052	0.69056			6
2026.04.03	14:07:50.286	0.69057	0.69061			6
2026.04.03	14:07:50.887	0.69056	0.69060			6
2026.04.03	14:07:54.495	0.69055	0.69059			6
2026.04.03	14:07:55.393	0.69054	0.69058			6
2026.04.03	14:07:55.696	0.69055	0.69059			6
2026.04.03	14:08:00.206	0.69055				2
2026.04.03	14:08:04.414	0.69057	0.69061			6
2026.04.03	14:08:15.551		0.69062			4
2026.04.03	14:08:19.761		0.69061			4
2026.04.03	14:08:22.472	0.69056	0.69060			6
2026.04.03	14:08:26.081	0.69060	0.69064			6
2026.04.03	14:08:26.380	0.69061	0.69065			6
2026.04.03	14:08:39.911	0.69060	0.69064			6
2026.04.03	14:08:52.255	0.69058	0.69062			6
2026.04.03	14:08:53.156	0.69057	0.69061			6
2026.04.03	14:08:57.973	0.69058	0.69062			6
2026.04.03	14:09:00.074	0.69058				2
2026.04.03	14:09:05.797	0.69059	0.69063			6
2026.04.03	14:09:07.003	0.69058	0.69062			6
2026.04.03	14:09:07.902	0.69057	0.69061			6
2026.04.03	14:09:10.905	0.69058	0.69062			6
2026.04.03	14:09:17.527		0.69063			4
2026.04.03	14:09:18.431		0.69062			4
2026.04.03	14:09:36.784	0.69059	0.69063			6
2026.04.03	14:09:42.201	0.69058	0.69062			6
2026.04.03	14:09:49.118	0.69057	0.69061			6
2026.04.03	14:09:55.733	0.69058	0.69062			6
2026.04.03	14:09:58.741	0.69059	0.69063			6
2026.04.03	14:09:59.338	0.69063	0.69067			6
2026.04.03	14:09:59.639	0.69062	0.69066			6
2026.04.03	14:10:00.238	0.69062				2
2026.04.03	14:10:01.741	0.69067	0.69071			6
2026.04.03	14:10:02.645	0.69068	0.69072			6
2026.04.03	14:10:02.943	0.69067	0.69071			6
2026.04.03	14:10:27.912	0.69068	0.69072			6
2026.04.03	14:10:33.933	0.69067	0.69071			6
2026.04.03	14:10:48.378	0.69066	0.69070			6
2026.04.03	14:10:48.677	0.69067	0.69071			6
2026.04.03	14:10:49.280	0.69066	0.69070			6
2026.04.03	14:10:50.784	0.69065	0.69069			6
2026.04.03	14:11:00.115	0.69065				2
2026.04.03	14:11:10.640	0.69071	0.69075			6
2026.04.03	14:11:33.503	0.69070	0.69074			6
2026.04.03	14:11:51.260	0.69067	0.69071			6
2026.04.03	14:11:52.461	0.69066	0.69070			6
2026.04.03	14:11:57.278	0.69067	0.69071			6
2026.04.03	14:11:57.578	0.69066	0.69070			6
2026.04.03	14:12:00.285	0.69066				2
2026.04.03	14:12:02.396	0.69069	0.69073			6
2026.04.03	14:12:03.002	0.69068	0.69072			6
2026.04.03	14:12:10.223	0.69067	0.69071			6
2026.04.03	14:12:10.824	0.69068	0.69072			6
2026.04.03	14:12:15.033	0.69067	0.69071			6
2026.04.03	14:12:27.385	0.69068	0.69072			6
2026.04.03	14:12:49.669	0.69069	0.69073			6
2026.04.03	14:12:53.576	0.69071	0.69075			6
2026.04.03	14:13:00.187	0.69071				2
2026.04.03	14:13:20.629	0.69070	0.69074			6
2026.04.03	14:13:27.837		0.69075			4
2026.04.03	14:13:28.138	0.69071				2
2026.04.03	14:13:35.663	0.69070	0.69074			6
2026.04.03	14:13:39.569	0.69071	0.69075			6
2026.04.03	14:13:41.370	0.69072	0.69076			6
2026.04.03	14:13:42.276	0.69071	0.69075			6
2026.04.03	14:13:52.805	0.69070	0.69074			6
2026.04.03	14:13:59.715		0.69075			4
2026.04.03	14:14:00.017	0.69070				2
2026.04.03	14:14:00.321	0.69071				2
2026.04.03	14:14:01.523	0.69070	0.69074			6
2026.04.03	14:14:01.820	0.69071	0.69075			6
2026.04.03	14:14:02.122	0.69070	0.69074			6
2026.04.03	14:14:04.524	0.69068	0.69072			6
2026.04.03	14:14:06.627	0.69067				2
2026.04.03	14:14:10.534	0.69066	0.69070			6
2026.04.03	14:14:11.136		0.69071			4
2026.04.03	14:14:14.438	0.69068	0.69072			6
2026.04.03	14:14:15.042	0.69067				2
2026.04.03	14:14:19.556		0.69071			4
2026.04.03	14:14:25.574	0.69068	0.69072			6
2026.04.03	14:14:25.874	0.69067	0.69071			6
2026.04.03	14:14:57.133	0.69068	0.69072			6
2026.04.03	14:15:00.140	0.69067				2
2026.04.03	14:15:01.344		0.69071			4
2026.04.03	14:15:10.068	0.69060	0.69064			6
2026.04.03	14:15:14.876	0.69061	0.69065			6
2026.04.03	14:15:15.777	0.69060				2
2026.04.03	14:15:16.379	0.69061				2
2026.04.03	14:15:18.179	0.69060				2
2026.04.03	14:15:19.683	0.69061				2
2026.04.03	14:15:22.688	0.69062	0.69066			6
2026.04.03	14:15:35.334	0.69063	0.69067			6
2026.04.03	14:15:55.502	0.69064	0.69068			6
2026.04.03	14:16:00.020	0.69064				2
2026.04.03	14:16:03.029	0.69063	0.69067			6
2026.04.03	14:16:27.400	0.69062	0.69066			6
2026.04.03	14:16:27.702	0.69063	0.69067			6
2026.04.03	14:16:28.003	0.69062	0.69066			6
2026.04.03	14:16:30.112	0.69064	0.69068			6
2026.04.03	14:16:31.310	0.69067	0.69071			6
2026.04.03	14:16:47.238	0.69066	0.69070			6
2026.04.03	14:17:00.171	0.69066				2
2026.04.03	14:17:01.974	0.69068	0.69072			6
2026.04.03	14:17:02.277	0.69067	0.69071			6
2026.04.03	14:17:02.576	0.69068	0.69072			6
2026.04.03	14:17:06.479	0.69067				2
2026.04.03	14:17:09.184		0.69071			4
2026.04.03	14:17:09.784	0.69066	0.69070			6
2026.04.03	14:17:10.085	0.69067	0.69071			6
2026.04.03	14:17:19.706	0.69064	0.69068			6
2026.04.03	14:17:23.018	0.69063	0.69067			6
2026.04.03	14:17:23.316	0.69064	0.69068			6
2026.04.03	14:17:28.432	0.69066	0.69070			6
2026.04.03	14:17:28.731	0.69067	0.69071			6
2026.04.03	14:17:30.233	0.69066	0.69070			6
2026.04.03	14:17:30.533	0.69067	0.69071			6
2026.04.03	14:17:37.446	0.69066	0.69070			6
2026.04.03	14:17:38.948	0.69067	0.69071			6
2026.04.03	14:17:39.549	0.69066	0.69070			6
2026.04.03	14:17:39.850	0.69067	0.69071			6
2026.04.03	14:17:41.051	0.69066	0.69070			6
2026.04.03	14:17:41.654	0.69065				2
2026.04.03	14:17:43.155	0.69066				2
2026.04.03	14:17:47.670	0.69068	0.69072			6
2026.04.03	14:17:48.866	0.69070	0.69074			6
2026.04.03	14:17:50.671	0.69071	0.69075			6
2026.04.03	14:17:50.976	0.69070	0.69074			6
2026.04.03	14:17:53.679	0.69071	0.69075			6
2026.04.03	14:17:54.584	0.69072	0.69076			6
2026.04.03	14:17:55.787	0.69071	0.69075			6
2026.04.03	14:18:00.302	0.69071				2
2026.04.03	14:18:19.276	0.69070				2
2026.04.03	14:18:23.477	0.69072	0.69076			6
2026.04.03	14:18:31.598	0.69073	0.69077			6
2026.04.03	14:18:45.143	0.69072	0.69076			6
2026.04.03	14:19:00.183	0.69072				2
2026.04.03	14:19:27.854		0.69077			4
2026.04.03	14:19:29.657		0.69076			4
2026.04.03	14:19:33.272		0.69077			4
2026.04.03	14:19:34.776	0.69073				2
2026.04.03	14:19:50.416	0.69074	0.69078			6
2026.04.03	14:19:51.619	0.69073	0.69077			6
2026.04.03	14:19:54.025	0.69077	0.69081			6
2026.04.03	14:20:00.044	0.69077				2
2026.04.03	14:20:09.672		0.69082			4
2026.04.03	14:20:10.271	0.69079	0.69083			6
2026.04.03	14:20:10.574	0.69078				2
2026.04.03	14:20:10.874		0.69082			4
2026.04.03	14:20:11.478	0.69081	0.69085			6
2026.04.03	14:20:44.533	0.69077	0.69081			6
2026.04.03	14:20:49.951	0.69078	0.69082			6
2026.04.03	14:20:50.854	0.69080	0.69084			6
2026.04.03	14:20:51.157	0.69082	0.69086			6
2026.04.03	14:20:55.965	0.69080	0.69084			6
2026.04.03	14:21:00.183	0.69080				2
2026.04.03	14:21:02.289	0.69081	0.69085			6
2026.04.03	14:21:13.133	0.69087	0.69091			6
2026.04.03	14:21:13.436	0.69089	0.69093			6
2026.04.03	14:21:18.539	0.69088	0.69092			6
2026.04.03	14:21:24.560	0.69090	0.69093			6
2026.04.03	14:21:30.887	0.69088	0.69092			6
2026.04.03	14:21:36.000	0.69089	0.69093			6
2026.04.03	14:21:36.301	0.69086	0.69090			6
2026.04.03	14:21:43.220	0.69087	0.69091			6
2026.04.03	14:21:53.141		0.69092			4
2026.04.03	14:21:54.342		0.69091			4
2026.04.03	14:22:00.058	0.69087				2
2026.04.03	14:22:01.559		0.69092			4
2026.04.03	14:22:05.473		0.69091			4
2026.04.03	14:22:06.075		0.69092			4
2026.04.03	14:22:10.577	0.69090	0.69094			6
2026.04.03	14:22:11.479	0.69092	0.69096			6
2026.04.03	14:22:12.985	0.69095	0.69099			6
2026.04.03	14:22:16.591	0.69093	0.69097			6
2026.04.03	14:22:25.622	0.69092	0.69096			6
2026.04.03	14:22:35.843	0.69094	0.69098			6
2026.04.03	14:22:37.347	0.69092	0.69096			6
2026.04.03	14:22:37.649	0.69093	0.69097			6
2026.04.03	14:22:39.155	0.69092	0.69096			6
2026.04.03	14:22:43.072	0.69091	0.69095			6
2026.04.03	14:22:43.977	0.69090				2
2026.04.03	14:22:47.879		0.69094			4
2026.04.03	14:23:00.220	0.69090				2
2026.04.03	14:23:08.040	0.69087	0.69091			6
2026.04.03	14:23:08.642	0.69086				2
2026.04.03	14:23:08.942	0.69087				2
2026.04.03	14:23:21.574	0.69086	0.69090			6
2026.04.03	14:23:29.983	0.69087	0.69091			6
2026.04.03	14:23:30.283	0.69086	0.69090			6
2026.04.03	14:23:33.886	0.69087	0.69091			6
2026.04.03	14:23:34.488	0.69086	0.69090			6
2026.04.03	14:23:36.591	0.69085				2
2026.04.03	14:24:00.041	0.69085				2
2026.04.03	14:24:10.558	0.69089	0.69093			6
2026.04.03	14:24:19.866	0.69088	0.69092			6
2026.04.03	14:24:39.402	0.69087	0.69091			6
2026.04.03	14:25:00.131	0.69087				2
2026.04.03	14:25:00.734	0.69086	0.69090			6
2026.04.03	14:25:01.632	0.69087	0.69091			6
2026.04.03	14:25:17.264	0.69085	0.69089			6
2026.04.03	14:25:22.972	0.69087	0.69091			6
2026.04.03	14:25:24.178	0.69085	0.69089			6
2026.04.03	14:25:24.478	0.69084	0.69088			6
2026.04.03	14:25:27.184	0.69083	0.69087			6
2026.04.03	14:25:28.086	0.69082	0.69086			6
2026.04.03	14:25:28.384	0.69080	0.69085			6
2026.04.03	14:25:28.985	0.69082	0.69086			6
2026.04.03	14:25:29.587	0.69083	0.69087			6
2026.04.03	14:25:31.691	0.69082	0.69086			6
2026.04.03	14:25:34.399	0.69081	0.69084			6
2026.04.03	14:25:42.815	0.69082	0.69086			6
2026.04.03	14:25:49.127	0.69084	0.69088			6
2026.04.03	14:25:49.729	0.69083	0.69087			6
2026.04.03	14:25:57.248	0.69082	0.69086			6
2026.04.03	14:25:59.352	0.69083	0.69087			6
2026.04.03	14:26:00.255	0.69083				2
2026.04.03	14:26:01.155	0.69082	0.69086			6
2026.04.03	14:26:12.279	0.69083	0.69087			6
2026.04.03	14:26:15.281	0.69082	0.69086			6
2026.04.03	14:26:15.584	0.69083	0.69087			6
2026.04.03	14:26:33.625	0.69082	0.69086			6
2026.04.03	14:26:39.037	0.69083	0.69087			6
2026.04.03	14:26:39.340	0.69084				2
2026.04.03	14:26:39.939	0.69083				2
2026.04.03	14:26:45.660	0.69082	0.69086			6
2026.04.03	14:27:00.098	0.69082				2
2026.04.03	14:27:04.310	0.69083	0.69087			6
2026.04.03	14:27:11.822	0.69082	0.69086			6
2026.04.03	14:27:27.772	0.69081	0.69085			6
2026.04.03	14:27:32.579	0.69076	0.69080			6
2026.04.03	14:27:44.607	0.69077	0.69081			6
2026.04.03	14:27:48.212	0.69076	0.69080			6
2026.04.03	14:27:51.522	0.69072	0.69076			6
2026.04.03	14:27:51.820	0.69071	0.69075			6
2026.04.03	14:27:52.122	0.69072	0.69076			6
2026.04.03	14:27:52.425	0.69071	0.69075			6
2026.04.03	14:27:56.036	0.69072	0.69076			6
2026.04.03	14:27:58.439	0.69071	0.69075			6
2026.04.03	14:28:00.253	0.69072	0.69076			6
2026.04.03	14:28:00.555	0.69071	0.69075			6
2026.04.03	14:28:04.475	0.69072	0.69076			6
2026.04.03	14:28:05.376	0.69073	0.69077			6
2026.04.03	14:28:06.876	0.69077	0.69081			6
2026.04.03	14:28:08.679	0.69078	0.69082			6
2026.04.03	14:28:19.804	0.69076	0.69080			6
2026.04.03	14:28:23.116	0.69077	0.69081			6
2026.04.03	14:28:23.417	0.69078	0.69082			6
2026.04.03	14:28:28.538	0.69076	0.69080			6
2026.04.03	14:28:32.452	0.69077	0.69081			6
2026.04.03	14:28:32.752	0.69078	0.69082			6
2026.04.03	14:28:33.654	0.69076	0.69080			6
2026.04.03	14:28:34.856	0.69078	0.69082			6
2026.04.03	14:28:46.280	0.69076	0.69080			6
2026.04.03	14:28:52.589	0.69078	0.69082			6
2026.04.03	14:28:54.098	0.69076	0.69080			6
2026.04.03	14:28:58.003	0.69078	0.69082			6
2026.04.03	14:28:58.604	0.69077	0.69081			6
2026.04.03	14:29:00.107	0.69077				2
2026.04.03	14:29:02.515	0.69078	0.69082			6
2026.04.03	14:29:03.115	0.69079				2
2026.04.03	14:29:10.933	0.69080	0.69083			6
2026.04.03	14:29:11.235		0.69084			4
2026.04.03	14:29:59.960	0.69082	0.69086			6
2026.04.03	14:30:00.259	0.69082				2
2026.04.03	14:30:02.065	0.69081	0.69085			6
2026.04.03	14:30:10.191	0.69080	0.69084			6
2026.04.03	14:30:10.493	0.69077	0.69081			6
2026.04.03	14:30:14.698	0.69076	0.69080			6
2026.04.03	14:30:19.216	0.69077				2
2026.04.03	14:30:26.139	0.69078	0.69082			6
2026.04.03	14:30:37.876	0.69077	0.69081			6
2026.04.03	14:30:38.177	0.69078	0.69082			6
2026.04.03	14:30:42.387	0.69077	0.69081			6
2026.04.03	14:31:00.128	0.69077				2
2026.04.03	14:31:08.546	0.69076	0.69080			6
2026.04.03	14:31:13.059	0.69072	0.69076			6
2026.04.03	14:31:15.162	0.69073	0.69077			6
2026.04.03	14:31:18.467	0.69072	0.69076			6
2026.04.03	14:31:22.376	0.69073	0.69077			6
2026.04.03	14:31:34.097	0.69078	0.69082			6
2026.04.03	14:31:34.696	0.69081	0.69085			6
2026.04.03	14:31:37.711	0.69083	0.69087			6
2026.04.03	14:31:38.003	0.69084				2
2026.04.03	14:31:46.430	0.69082	0.69086			6
2026.04.03	14:31:46.732	0.69083	0.69087			6
2026.04.03	14:31:51.539	0.69082	0.69086			6
2026.04.03	14:31:53.336	0.69081	0.69085			6
2026.04.03	14:32:00.256	0.69081				2
2026.04.03	14:32:06.580	0.69077	0.69081			6
2026.04.03	14:32:06.883	0.69078	0.69082			6
2026.04.03	14:32:17.417	0.69084	0.69087			6
2026.04.03	14:32:18.017		0.69088			4
2026.04.03	14:32:18.921	0.69085	0.69089			6
2026.04.03	14:32:23.438	0.69086	0.69090			6
2026.04.03	14:32:29.458	0.69085	0.69089			6
2026.04.03	14:32:29.755	0.69083	0.69087			6
2026.04.03	14:32:30.356	0.69084				2
2026.04.03	14:32:42.382	0.69085	0.69089			6
2026.04.03	14:32:52.907	0.69082	0.69086			6
2026.04.03	14:33:00.123	0.69082				2
2026.04.03	14:33:12.447	0.69080	0.69083			6
2026.04.03	14:33:12.743	0.69077	0.69081			6
2026.04.03	14:33:13.047	0.69078	0.69082			6
2026.04.03	14:33:13.647	0.69077	0.69081			6
2026.04.03	14:33:15.752	0.69078	0.69082			6
2026.04.03	14:33:19.056	0.69077	0.69081			6
2026.04.03	14:33:29.579	0.69078	0.69082			6
2026.04.03	14:33:36.490	0.69077	0.69081			6
2026.04.03	14:33:36.792	0.69078	0.69082			6
2026.04.03	14:34:00.256	0.69078				2
2026.04.03	14:34:02.660	0.69077	0.69081			6
2026.04.03	14:34:28.806	0.69076	0.69080			6
2026.04.03	14:34:29.109	0.69073	0.69077			6
2026.04.03	14:34:36.326	0.69074				2
2026.04.03	14:34:45.036	0.69073				2
2026.04.03	14:34:47.140		0.69076			4
2026.04.03	14:34:55.258	0.69070	0.69074			6
2026.04.03	14:34:55.558	0.69074	0.69077			6
2026.04.03	14:34:57.062		0.69078			4
2026.04.03	14:35:00.068	0.69074				2
2026.04.03	14:35:57.162		0.69078			4
2026.04.03	14:35:59.269	0.69072	0.69076			6
2026.04.03	14:36:00.169	0.69072				2
2026.04.03	14:36:00.475	0.69073	0.69077			6
2026.04.03	14:36:04.979	0.69072	0.69076			6
2026.04.03	14:36:06.784	0.69071	0.69075			6
2026.04.03	14:36:07.082	0.69069	0.69073			6
2026.04.03	14:36:07.985	0.69065	0.69069			6
2026.04.03	14:36:08.286	0.69064	0.69068			6
2026.04.03	14:36:21.219	0.69065	0.69069			6
2026.04.03	14:36:25.723	0.69066	0.69070			6
2026.04.03	14:36:26.628	0.69067				2
2026.04.03	14:36:26.927	0.69068	0.69072			6
2026.04.03	14:36:29.631	0.69067	0.69071			6
2026.04.03	14:36:31.133	0.69068	0.69072			6
2026.04.03	14:36:40.452	0.69067	0.69071			6
2026.04.03	14:36:42.554	0.69068	0.69072			6
2026.04.03	14:36:50.974	0.69067	0.69071			6
2026.04.03	14:36:54.880	0.69068	0.69072			6
2026.04.03	14:37:00.291	0.69067	0.69071			6
2026.04.03	14:37:00.591	0.69069	0.69073			6
2026.04.03	14:37:01.195	0.69070	0.69074			6
2026.04.03	14:37:01.491	0.69071	0.69075			6
2026.04.03	14:37:02.697	0.69070	0.69074			6
2026.04.03	14:37:02.997	0.69069	0.69073			6
2026.04.03	14:37:15.955	0.69066	0.69070			6
2026.04.03	14:37:37.013	0.69062	0.69066			6
2026.04.03	14:37:37.312	0.69058	0.69062			6
2026.04.03	14:37:38.216	0.69061	0.69064			6
2026.04.03	14:38:00.176	0.69061				2
2026.04.03	14:38:17.631		0.69065			4
2026.04.03	14:38:28.151	0.69062	0.69066			6
2026.04.03	14:38:44.690	0.69063	0.69067			6
2026.04.03	14:39:00.021	0.69063				2
2026.04.03	14:39:03.632	0.69064				2
2026.04.03	14:39:04.532	0.69066	0.69069			6
2026.04.03	14:39:04.835		0.69070			4
2026.04.03	14:39:09.948	0.69067	0.69071			6
2026.04.03	14:39:22.278	0.69066	0.69070			6
2026.04.03	14:39:22.577	0.69067	0.69071			6
2026.04.03	14:39:22.881	0.69062	0.69066			6
2026.04.03	14:39:38.819	0.69063				2
2026.04.03	14:39:50.545	0.69061	0.69065			6
2026.04.03	14:39:51.148	0.69060	0.69064			6
2026.04.03	14:39:51.441	0.69059	0.69063			6
2026.04.03	14:39:58.668	0.69060	0.69064			6
2026.04.03	14:40:00.174	0.69060				2
2026.04.03	14:40:03.182	0.69059	0.69063			6
2026.04.03	14:40:04.081	0.69061	0.69065			6
2026.04.03	14:40:05.279	0.69059	0.69063			6
2026.04.03	14:40:23.640	0.69061	0.69065			6
2026.04.03	14:40:36.582	0.69060	0.69064			6
2026.04.03	14:40:36.882	0.69059	0.69063			6
2026.04.03	14:40:40.488	0.69058	0.69062			6
2026.04.03	14:41:00.051	0.69058				2
2026.04.03	14:41:37.946	0.69057	0.69061			6
2026.04.03	14:41:40.355	0.69054	0.69058			6
2026.04.03	14:41:40.657	0.69053	0.69057			6
2026.04.03	14:41:40.958	0.69055	0.69059			6
2026.04.03	14:41:42.767	0.69058	0.69062			6
2026.04.03	14:41:54.489	0.69060				2
2026.04.03	14:42:00.208	0.69060				2
2026.04.03	14:42:00.508	0.69059				2
2026.04.03	14:42:00.808		0.69063			4
2026.04.03	14:42:14.944	0.69060	0.69064			6
2026.04.03	14:42:17.352	0.69061	0.69065			6
2026.04.03	14:42:20.059	0.69062	0.69066			6
2026.04.03	14:42:23.976	0.69063	0.69067			6
2026.04.03	14:42:35.720	0.69062	0.69066			6
2026.04.03	14:42:41.131	0.69063	0.69067			6
2026.04.03	14:43:00.088	0.69063				2
2026.04.03	14:43:07.305	0.69062	0.69066			6
2026.04.03	14:43:08.808	0.69063	0.69067			6
2026.04.03	14:43:13.314	0.69062	0.69066			6
2026.04.03	14:43:13.915	0.69063	0.69067			6
2026.04.03	14:43:25.037	0.69062	0.69066			6
2026.04.03	14:43:29.856	0.69061	0.69065			6
2026.04.03	14:43:30.158	0.69062	0.69066			6
2026.04.03	14:43:31.358	0.69063	0.69067			6
2026.04.03	14:43:37.377	0.69067	0.69071			6
2026.04.03	14:43:45.497	0.69070	0.69073			6
2026.04.03	14:43:50.918		0.69074			4
2026.04.03	14:44:00.256	0.69070				2
2026.04.03	14:44:04.768	0.69069	0.69073			6
2026.04.03	14:44:05.066	0.69070	0.69074			6
2026.04.03	14:44:08.377	0.69072	0.69076			6
2026.04.03	14:44:23.720	0.69074	0.69078			6
2026.04.03	14:44:24.622	0.69075	0.69079			6
2026.04.03	14:44:26.730	0.69072	0.69076			6
2026.04.03	14:44:27.331	0.69071	0.69075			6
2026.04.03	14:44:28.533	0.69072	0.69076			6
2026.04.03	14:44:38.161	0.69071	0.69075			6
2026.04.03	14:44:38.462	0.69072	0.69076			6
2026.04.03	14:44:45.387	0.69073	0.69077			6
2026.04.03	14:44:48.103	0.69072	0.69076			6
2026.04.03	14:44:56.222	0.69071	0.69075			6
2026.04.03	14:44:56.520	0.69073	0.69077			6
2026.04.03	14:45:00.124	0.69073				2
2026.04.03	14:45:02.835	0.69074	0.69078			6
2026.04.03	14:45:08.855	0.69075	0.69079			6
2026.04.03	14:45:15.174	0.69078	0.69082			6
2026.04.03	14:45:25.694	0.69076	0.69080			6
2026.04.03	14:45:26.900	0.69075	0.69079			6
2026.04.03	14:45:30.216	0.69074	0.69078			6
2026.04.03	14:45:30.521	0.69075	0.69079			6
2026.04.03	14:45:37.137	0.69077	0.69082			6
2026.04.03	14:45:38.046		0.69081			4
2026.04.03	14:45:38.646		0.69082			4
2026.04.03	14:45:41.053	0.69078				2
2026.04.03	14:45:57.291	0.69077	0.69081			6
2026.04.03	14:46:00.000	0.69077				2
2026.04.03	14:46:02.405	0.69078	0.69082			6
2026.04.03	14:46:06.017	0.69076	0.69080			6
2026.04.03	14:46:09.021	0.69078	0.69082			6
2026.04.03	14:46:12.628	0.69079	0.69083			6
2026.04.03	14:46:22.240	0.69078	0.69082			6
2026.04.03	14:46:22.539	0.69079	0.69083			6
2026.04.03	14:46:35.772	0.69080	0.69084			6
2026.04.03	14:46:43.599	0.69078	0.69083			6
2026.04.03	14:46:43.900	0.69080	0.69084			6
2026.04.03	14:46:59.551	0.69079	0.69083			6
2026.04.03	14:47:00.156	0.69079				2
2026.04.03	14:47:17.006	0.69080	0.69084			6
2026.04.03	14:47:24.523	0.69078	0.69082			6
2026.04.03	14:47:29.635	0.69083	0.69085			6
2026.04.03	14:47:29.934	0.69081				2
2026.04.03	14:47:31.138	0.69083	0.69087			6
2026.04.03	14:47:41.660	0.69082	0.69086			6
2026.04.03	14:47:44.074	0.69083	0.69087			6
2026.04.03	14:47:44.374	0.69082	0.69086			6
2026.04.03	14:48:00.007	0.69082				2
2026.04.03	14:48:00.909	0.69081	0.69085			6
2026.04.03	14:48:15.369	0.69083	0.69087			6
2026.04.03	14:48:18.376	0.69082	0.69086			6
2026.04.03	14:48:41.860	0.69081	0.69085			6
2026.04.03	14:48:44.876	0.69082	0.69086			6
2026.04.03	14:48:52.985	0.69081	0.69085			6
2026.04.03	14:48:53.887	0.69079	0.69083			6
2026.04.03	14:49:00.213	0.69079				2
2026.04.03	14:49:54.061		0.69083			4
2026.04.03	14:50:00.081	0.69079				2
2026.04.03	14:50:03.979	0.69082	0.69086			6
2026.04.03	14:50:22.313	0.69080	0.69084			6
2026.04.03	14:50:22.611	0.69079	0.69083			6
2026.04.03	14:50:25.914	0.69080	0.69084			6
2026.04.03	14:50:26.217	0.69079	0.69083			6
2026.04.03	14:50:38.841	0.69080	0.69084			6
2026.04.03	14:50:52.365	0.69083	0.69087			6
2026.04.03	14:50:53.567	0.69082	0.69086			6
2026.04.03	14:51:00.179	0.69082				2
2026.04.03	14:51:04.984	0.69081	0.69085			6
2026.04.03	14:51:05.285	0.69082	0.69086			6
2026.04.03	14:51:08.597	0.69081	0.69085			6
2026.04.03	14:51:20.013	0.69080	0.69084			6
2026.04.03	14:51:20.914	0.69081	0.69085			6
2026.04.03	14:51:30.226	0.69082	0.69086			6
2026.04.03	14:51:30.525	0.69081	0.69085			6
2026.04.03	14:51:30.828	0.69084	0.69088			6
2026.04.03	14:51:31.425	0.69083	0.69087			6
2026.04.03	14:51:42.549	0.69082	0.69086			6
2026.04.03	14:51:47.356	0.69083	0.69087			6
2026.04.03	14:51:49.758	0.69082	0.69086			6
2026.04.03	14:51:52.161	0.69085	0.69089			6
2026.04.03	14:52:00.278	0.69085				2
2026.04.03	14:52:02.981	0.69082	0.69086			6
2026.04.03	14:52:05.983	0.69083	0.69087			6
2026.04.03	14:52:08.687	0.69081	0.69085			6
2026.04.03	14:52:09.890	0.69082	0.69086			6
2026.04.03	14:52:11.992	0.69081	0.69085			6
2026.04.03	14:52:18.614	0.69084	0.69088			6
2026.04.03	14:52:32.435	0.69083	0.69087			6
2026.04.03	14:52:41.160	0.69084	0.69088			6
2026.04.03	14:52:49.278	0.69083	0.69087			6
2026.04.03	14:52:59.201	0.69080	0.69084			6
2026.04.03	14:52:59.503	0.69079	0.69083			6
2026.04.03	14:53:00.105	0.69079				2
2026.04.03	14:53:14.550	0.69078	0.69082			6
2026.04.03	14:53:20.275	0.69081	0.69083			6
2026.04.03	14:53:20.579	0.69080	0.69082			6
2026.04.03	14:53:20.879	0.69079				2
2026.04.03	14:53:23.878		0.69081			4
2026.04.03	14:53:24.479	0.69080	0.69084			6
2026.04.03	14:53:25.081	0.69081	0.69085			6
2026.04.03	14:53:25.383	0.69080	0.69084			6
2026.04.03	14:53:35.307	0.69082	0.69086			6
2026.04.03	14:53:50.035	0.69081	0.69085			6
2026.04.03	14:53:51.537	0.69082	0.69086			6
2026.04.03	14:53:57.553	0.69083	0.69087			6
2026.04.03	14:53:58.453	0.69084	0.69088			6
2026.04.03	14:54:00.259	0.69084				2
2026.04.03	14:54:22.805	0.69085	0.69089			6
2026.04.03	14:54:23.401	0.69084				2
2026.04.03	14:54:24.302	0.69085				2
2026.04.03	14:54:25.503	0.69087	0.69091			6
2026.04.03	14:54:25.803	0.69086	0.69090			6
2026.04.03	14:54:26.707	0.69087	0.69091			6
2026.04.03	14:54:33.916	0.69086	0.69090			6
2026.04.03	14:54:44.130	0.69088	0.69092			6
2026.04.03	14:54:45.033	0.69087	0.69091			6
2026.04.03	14:54:50.445	0.69084	0.69088			6
2026.04.03	14:54:59.467	0.69083	0.69087			6
2026.04.03	14:54:59.772	0.69081	0.69085			6
2026.04.03	14:55:00.071	0.69081				2
2026.04.03	14:55:07.286	0.69079	0.69083			6
2026.04.03	14:55:09.690	0.69082	0.69086			6
2026.04.03	14:55:09.990	0.69086	0.69090			6
2026.04.03	14:55:10.291	0.69087	0.69091			6
2026.04.03	14:55:11.190	0.69088	0.69092			6
2026.04.03	14:55:11.491	0.69087	0.69091			6
2026.04.03	14:55:17.507	0.69088	0.69092			6
2026.04.03	14:55:20.517	0.69087	0.69091			6
2026.04.03	14:55:26.531	0.69086	0.69090			6
2026.04.03	14:55:29.842	0.69088	0.69092			6
2026.04.03	14:55:32.250	0.69084	0.69088			6
2026.04.03	14:55:46.981	0.69089	0.69093			6
2026.04.03	14:55:47.282	0.69087	0.69091			6
2026.04.03	14:55:51.184	0.69086	0.69090			6
2026.04.03	14:55:51.486	0.69085	0.69089			6
2026.04.03	14:56:00.207	0.69085				2
2026.04.03	14:56:04.116	0.69084	0.69088			6
2026.04.03	14:56:20.659	0.69087	0.69091			6
2026.04.03	14:56:20.962	0.69088	0.69092			6
2026.04.03	14:56:25.462	0.69087	0.69091			6
2026.04.03	14:56:26.970	0.69081	0.69085			6
2026.04.03	14:56:29.977	0.69082	0.69086			6
2026.04.03	14:56:31.779	0.69081	0.69085			6
2026.04.03	14:56:38.092	0.69080	0.69084			6
2026.04.03	14:56:38.393	0.69079	0.69083			6
2026.04.03	14:56:43.207	0.69080	0.69084			6
2026.04.03	14:56:43.505	0.69079	0.69083			6
2026.04.03	14:56:54.026	0.69080	0.69084			6
2026.04.03	14:57:00.052	0.69080				2
2026.04.03	14:57:00.949	0.69079	0.69083			6
2026.04.03	14:57:01.848	0.69080	0.69084			6
2026.04.03	14:57:05.455	0.69082				2
2026.04.03	14:57:05.756	0.69079	0.69083			6
2026.04.03	14:57:08.773	0.69078	0.69082			6
2026.04.03	14:57:10.577	0.69079	0.69083			6
2026.04.03	14:57:13.884	0.69076	0.69080			6
2026.04.03	14:57:16.286	0.69075	0.69079			6
2026.04.03	14:57:28.315	0.69077	0.69081			6
2026.04.03	14:57:53.907	0.69078	0.69082			6
2026.04.03	14:58:00.226	0.69078				2
2026.04.03	14:58:04.741	0.69081	0.69084			6
2026.04.03	14:58:05.040	0.69082	0.69086			6
2026.04.03	14:58:11.051	0.69083	0.69087			6
2026.04.03	14:58:22.796	0.69079	0.69083			6
2026.04.03	14:58:44.159	0.69081	0.69085			6
2026.04.03	14:58:44.460	0.69079	0.69083			6
2026.04.03	14:59:00.107	0.69079				2
2026.04.03	14:59:03.105	0.69078	0.69082			6
2026.04.03	14:59:04.007	0.69077				2
2026.04.03	14:59:04.312		0.69081			4
2026.04.03	14:59:05.506		0.69082			4
2026.04.03	14:59:16.344		0.69081			4
2026.04.03	14:59:20.259	0.69078	0.69082			6
2026.04.03	14:59:29.285	0.69077	0.69081			6
2026.04.03	14:59:32.602	0.69076	0.69080			6
2026.04.03	14:59:43.723	0.69074	0.69078			6
2026.04.03	14:59:54.250	0.69077	0.69081			6
2026.04.03	15:00:00.272	0.69077				2
2026.04.03	15:00:00.576	0.69079	0.69083			6
2026.04.03	15:00:03.580	0.69077	0.69082			6
2026.04.03	15:00:04.777	0.69080	0.69084			6
2026.04.03	15:00:05.378	0.69079	0.69083			6
2026.04.03	15:00:07.183	0.69078				2
2026.04.03	15:00:08.381	0.69079				2
2026.04.03	15:00:12.590	0.69077	0.69081			6
2026.04.03	15:00:14.091	0.69074	0.69078			6
2026.04.03	15:00:16.195	0.69076	0.69080			6
2026.04.03	15:00:21.005	0.69075	0.69079			6
2026.04.03	15:00:21.607	0.69076	0.69080			6
2026.04.03	15:00:42.944	0.69077	0.69082			6
2026.04.03	15:00:52.574		0.69081			4
2026.04.03	15:00:53.776	0.69076	0.69080			6
2026.04.03	15:01:00.083	0.69076				2
2026.04.03	15:01:08.205	0.69075	0.69079			6
2026.04.03	15:01:08.503	0.69074	0.69078			6
2026.04.03	15:01:16.626	0.69070	0.69074			6
2026.04.03	15:01:18.425	0.69071	0.69075			6
2026.04.03	15:01:22.634	0.69069	0.69073			6
2026.04.03	15:01:29.261	0.69071	0.69075			6
2026.04.03	15:01:29.562	0.69072	0.69076			6
2026.04.03	15:01:30.169	0.69071	0.69075			6
2026.04.03	15:01:36.787	0.69072	0.69076			6
2026.04.03	15:01:40.102	0.69074	0.69078			6
2026.04.03	15:01:44.012	0.69073	0.69077			6
2026.04.03	15:01:44.614	0.69074	0.69078			6
2026.04.03	15:02:00.252	0.69074				2
2026.04.03	15:02:04.771	0.69077	0.69081			6
2026.04.03	15:02:09.889		0.69082			4
2026.04.03	15:02:11.696		0.69081			4
2026.04.03	15:02:12.603	0.69078	0.69082			6
2026.04.03	15:02:22.533	0.69079	0.69083			6
2026.04.03	15:02:23.434	0.69081				2
2026.04.03	15:02:25.238		0.69084			4
2026.04.03	15:02:27.651	0.69082	0.69086			6
2026.04.03	15:02:34.867	0.69083	0.69087			6
2026.04.03	15:03:00.121	0.69083				2
2026.04.03	15:03:01.618	0.69084	0.69088			6
2026.04.03	15:03:05.227	0.69081	0.69084			6
2026.04.03	15:03:07.335		0.69085			4
2026.04.03	15:03:09.748	0.69085	0.69087			6
2026.04.03	15:03:10.652	0.69084	0.69086			6
2026.04.03	15:03:12.156		0.69087			4
2026.04.03	15:03:20.580	0.69083				2
2026.04.03	15:03:26.892	0.69086	0.69090			6
2026.04.03	15:03:30.196		0.69089			4
2026.04.03	15:03:32.001	0.69087	0.69091			6
2026.04.03	15:03:44.314	0.69088	0.69092			6
2026.04.03	15:03:45.217	0.69086	0.69090			6
2026.04.03	15:03:47.620	0.69087	0.69091			6
2026.04.03	15:03:57.840	0.69086	0.69090			6
2026.04.03	15:03:58.140	0.69087	0.69091			6
2026.04.03	15:03:58.441	0.69086	0.69090			6
2026.04.03	15:03:59.044	0.69087	0.69091			6
2026.04.03	15:04:00.245	0.69087				2
2026.04.03	15:04:04.455	0.69088				2
2026.04.03	15:04:05.657		0.69090			4
2026.04.03	15:04:05.959		0.69091			4
2026.04.03	15:04:12.881	0.69087	0.69090			6
2026.04.03	15:04:13.181		0.69091			4
2026.04.03	15:04:14.988	0.69086	0.69090			6
2026.04.03	15:04:15.285	0.69084	0.69088			6
2026.04.03	15:04:17.689	0.69083	0.69087			6
2026.04.03	15:04:17.987	0.69082	0.69086			6
2026.04.03	15:04:19.497	0.69081	0.69085			6
2026.04.03	15:04:21.002	0.69082	0.69086			6
2026.04.03	15:04:23.406	0.69081	0.69085			6
2026.04.03	15:04:24.906	0.69082	0.69086			6
2026.04.03	15:04:28.215	0.69083	0.69087			6
2026.04.03	15:04:30.919	0.69084	0.69088			6
2026.04.03	15:04:31.520	0.69083	0.69087			6
2026.04.03	15:04:39.039	0.69084	0.69088			6
2026.04.03	15:04:42.048	0.69083	0.69087			6
2026.04.03	15:04:42.347	0.69084	0.69088			6
2026.04.03	15:05:00.092	0.69084				2
2026.04.03	15:05:01.293	0.69083	0.69087			6
2026.04.03	15:05:02.800	0.69081	0.69085			6
2026.04.03	15:05:03.701	0.69078	0.69082			6
2026.04.03	15:05:04.006	0.69079	0.69083			6
2026.04.03	15:05:04.601	0.69078	0.69082			6
2026.04.03	15:05:05.204	0.69076	0.69080			6
2026.04.03	15:05:11.218	0.69077	0.69081			6
2026.04.03	15:05:14.522	0.69074	0.69078			6
2026.04.03	15:05:17.533	0.69073	0.69077			6
2026.04.03	15:05:20.244	0.69074	0.69078			6
2026.04.03	15:05:28.961	0.69076	0.69080			6
2026.04.03	15:05:31.075	0.69074	0.69078			6
2026.04.03	15:05:35.587	0.69073	0.69077			6
2026.04.03	15:05:41.918	0.69074	0.69078			6
2026.04.03	15:05:43.727	0.69073	0.69077			6
2026.04.03	15:06:00.276	0.69073				2
2026.04.03	15:06:08.388	0.69072	0.69076			6
2026.04.03	15:06:13.204		0.69077			4
2026.04.03	15:06:13.509		0.69076			4
2026.04.03	15:06:13.809		0.69077			4
2026.04.03	15:06:14.112		0.69076			4
2026.04.03	15:06:15.615	0.69073	0.69077			6
2026.04.03	15:06:18.924	0.69072	0.69076			6
2026.04.03	15:06:25.232	0.69071	0.69075			6
2026.04.03	15:06:25.835	0.69072	0.69076			6
2026.04.03	15:06:27.933	0.69070	0.69074			6
2026.04.03	15:06:28.237	0.69068	0.69072			6
2026.04.03	15:06:28.834	0.69069	0.69073			6
2026.04.03	15:06:29.135	0.69068	0.69072			6
2026.04.03	15:06:44.166	0.69074	0.69079			6
2026.04.03	15:06:44.465	0.69078	0.69082			6
2026.04.03	15:06:45.371	0.69073	0.69077			6
2026.04.03	15:07:00.105	0.69073				2
2026.04.03	15:07:04.921	0.69072	0.69076			6
2026.04.03	15:07:05.222		0.69077			4
2026.04.03	15:07:25.377	0.69073				2
2026.04.03	15:07:34.398	0.69071	0.69075			6
2026.04.03	15:07:48.542	0.69068	0.69072			6
2026.04.03	15:07:49.144	0.69069				2
2026.04.03	15:07:49.446	0.69068				2
2026.04.03	15:07:50.344	0.69069	0.69073			6
2026.04.03	15:07:50.647	0.69068	0.69072			6
2026.04.03	15:07:51.551	0.69067	0.69071			6
2026.04.03	15:07:53.353	0.69066	0.69070			6
2026.04.03	15:08:00.272	0.69066				2
2026.04.03	15:08:00.570	0.69067	0.69071			6
2026.04.03	15:08:02.074	0.69066	0.69070			6
2026.04.03	15:08:02.676	0.69067	0.69071			6
2026.04.03	15:08:03.877	0.69066	0.69070			6
2026.04.03	15:08:04.478	0.69067	0.69071			6
2026.04.03	15:08:10.490	0.69066	0.69070			6
2026.04.03	15:08:24.325	0.69068	0.69071			6
2026.04.03	15:08:25.530	0.69069	0.69072			6
2026.04.03	15:08:27.032	0.69070				2
2026.04.03	15:08:30.049		0.69073			4
2026.04.03	15:08:30.649		0.69074			4
2026.04.03	15:08:34.260	0.69068	0.69072			6
2026.04.03	15:08:34.859	0.69069	0.69073			6
2026.04.03	15:08:35.161	0.69068	0.69072			6
2026.04.03	15:08:36.663	0.69069	0.69073			6
2026.04.03	15:08:37.265	0.69068	0.69072			6
2026.04.03	15:08:50.807	0.69069	0.69073			6
2026.04.03	15:09:00.125	0.69069				2
2026.04.03	15:09:00.429	0.69067	0.69071			6
2026.04.03	15:09:03.733	0.69066	0.69070			6
2026.04.03	15:09:04.936	0.69064	0.69068			6
2026.04.03	15:09:05.537	0.69060	0.69064			6
2026.04.03	15:09:05.837	0.69059	0.69063			6
2026.04.03	15:09:15.460	0.69054	0.69058			6
2026.04.03	15:09:17.259	0.69057	0.69061			6
2026.04.03	15:09:19.072	0.69056	0.69060			6
2026.04.03	15:09:25.086	0.69057	0.69061			6
2026.04.03	15:09:29.602	0.69054	0.69058			6
2026.04.03	15:09:37.412	0.69056	0.69060			6
2026.04.03	15:09:37.714	0.69057	0.69061			6
2026.04.03	15:09:38.916	0.69054	0.69058			6
2026.04.03	15:09:39.218	0.69053				2
2026.04.03	15:09:39.518	0.69056	0.69060			6
2026.04.03	15:09:46.731	0.69057	0.69061			6
2026.04.03	15:09:49.133	0.69056	0.69060			6
2026.04.03	15:09:53.949	0.69058	0.69062			6
2026.04.03	15:09:55.151	0.69059	0.69063			6
2026.04.03	15:10:00.262	0.69059				2
2026.04.03	15:10:11.986	0.69060	0.69064			6
2026.04.03	15:10:16.797	0.69059	0.69063			6
2026.04.03	15:10:17.403	0.69057	0.69059			6
2026.04.03	15:10:17.705		0.69060			4
2026.04.03	15:10:20.707	0.69058	0.69062			6
2026.04.03	15:10:22.516		0.69061			4
2026.04.03	15:10:23.116		0.69062			4
2026.04.03	15:10:24.319		0.69061			4
2026.04.03	15:10:28.828		0.69060			4
2026.04.03	15:10:29.128	0.69057				2
2026.04.03	15:10:29.431		0.69061			4
2026.04.03	15:10:33.638		0.69060			4
2026.04.03	15:10:34.839	0.69058	0.69062			6
2026.04.03	15:10:35.739	0.69057	0.69061			6
2026.04.03	15:10:44.756	0.69062	0.69066			6
2026.04.03	15:10:50.176		0.69065			4
2026.04.03	15:10:55.885	0.69064	0.69068			6
2026.04.03	15:10:56.185	0.69063	0.69066			6
2026.04.03	15:10:58.889	0.69062	0.69065			6
2026.04.03	15:11:00.094	0.69062				2
2026.04.03	15:11:00.997		0.69064			4
2026.04.03	15:11:02.501	0.69058	0.69062			6
2026.04.03	15:11:06.108		0.69061			4
2026.04.03	15:11:06.714	0.69056	0.69059			6
2026.04.03	15:11:07.009	0.69055	0.69058			6
2026.04.03	15:11:08.512		0.69059			4
2026.04.03	15:11:09.112	0.69056	0.69060			6
2026.04.03	15:11:09.712	0.69057	0.69061			6
2026.04.03	15:11:18.134	0.69056	0.69060			6
2026.04.03	15:11:19.036		0.69059			4
2026.04.03	15:11:19.337	0.69055				2
2026.04.03	15:11:22.341	0.69056	0.69060			6
2026.04.03	15:11:22.640	0.69055	0.69059			6
2026.04.03	15:11:25.345	0.69056	0.69060			6
2026.04.03	15:11:25.648	0.69055	0.69059			6
2026.04.03	15:11:27.757	0.69058	0.69062			6
2026.04.03	15:11:29.259	0.69057	0.69061			6
2026.04.03	15:11:29.559	0.69056	0.69060			6
2026.04.03	15:11:29.860	0.69055	0.69059			6
2026.04.03	15:11:34.673	0.69054	0.69058			6
2026.04.03	15:11:37.381	0.69055	0.69059			6
2026.04.03	15:11:37.982	0.69059	0.69063			6
2026.04.03	15:11:44.287	0.69064	0.69068			6
2026.04.03	15:11:53.613	0.69065	0.69069			6
2026.04.03	15:11:55.118	0.69067	0.69071			6
2026.04.03	15:11:55.416		0.69070			4
2026.04.03	15:11:56.018		0.69071			4
2026.04.03	15:11:56.323		0.69070			4
2026.04.03	15:11:57.521	0.69066	0.69069			6
2026.04.03	15:12:00.223	0.69066				2
2026.04.03	15:12:11.662		0.69070			4
2026.04.03	15:12:14.368	0.69065	0.69069			6
2026.04.03	15:12:14.669	0.69062	0.69066			6
2026.04.03	15:12:17.376	0.69063	0.69067			6
2026.04.03	15:12:19.478	0.69062	0.69066			6
2026.04.03	15:12:27.897	0.69060	0.69064			6
2026.04.03	15:13:00.054	0.69060				2
2026.04.03	15:13:14.785	0.69061	0.69065			6
2026.04.03	15:13:20.197	0.69060	0.69064			6
2026.04.03	15:13:21.702		0.69065			4
2026.04.03	15:13:22.001	0.69065	0.69069			6
2026.04.03	15:13:22.303	0.69066	0.69070			6
2026.04.03	15:13:23.504	0.69068	0.69072			6
2026.04.03	15:13:24.103	0.69069	0.69073			6
2026.04.03	15:13:29.819	0.69070	0.69074			6
2026.04.03	15:13:31.321	0.69069	0.69073			6
2026.04.03	15:13:34.325	0.69070	0.69074			6
2026.04.03	15:13:34.627	0.69069	0.69073			6
2026.04.03	15:13:36.432	0.69070	0.69074			6
2026.04.03	15:13:40.639	0.69069	0.69073			6
2026.04.03	15:13:43.654	0.69073	0.69077			6
2026.04.03	15:13:44.254	0.69072	0.69076			6
2026.04.03	15:13:44.555	0.69073	0.69077			6
2026.04.03	15:13:47.563	0.69072	0.69076			6
2026.04.03	15:13:47.861	0.69069	0.69074			6
2026.04.03	15:13:56.887		0.69073			4
2026.04.03	15:14:00.196	0.69069				2
2026.04.03	15:14:03.201		0.69074			4
2026.04.03	15:14:03.501	0.69066	0.69070			6
2026.04.03	15:14:09.512	0.69068	0.69072			6
2026.04.03	15:14:09.815	0.69067	0.69071			6
2026.04.03	15:14:12.515	0.69068	0.69072			6
2026.04.03	15:14:31.159	0.69067	0.69071			6
2026.04.03	15:15:00.028	0.69067				2
2026.04.03	15:15:02.138	0.69068	0.69072			6
2026.04.03	15:15:04.242	0.69067	0.69071			6
2026.04.03	15:15:21.081	0.69063	0.69065			6
2026.04.03	15:15:21.378		0.69067			4
2026.04.03	15:15:21.678	0.69061	0.69065			6
2026.04.03	15:15:22.579	0.69062	0.69066			6
2026.04.03	15:15:24.387	0.69060	0.69064			6
2026.04.03	15:15:27.390	0.69059	0.69063			6
2026.04.03	15:15:29.197	0.69058	0.69062			6
2026.04.03	15:15:33.412	0.69057	0.69061			6
2026.04.03	15:15:34.917	0.69055	0.69059			6
2026.04.03	15:15:38.530	0.69053	0.69057			6
2026.04.03	15:15:39.131	0.69055	0.69059			6
2026.04.03	15:15:42.743	0.69054	0.69058			6
2026.04.03	15:15:57.479	0.69055	0.69059			6
2026.04.03	15:16:00.183	0.69055				2
2026.04.03	15:16:00.484	0.69058	0.69062			6
2026.04.03	15:16:01.387	0.69059	0.69063			6
2026.04.03	15:16:05.290	0.69058	0.69062			6
2026.04.03	15:16:07.991	0.69057	0.69061			6
2026.04.03	15:16:09.497	0.69058	0.69062			6
2026.04.03	15:16:10.095	0.69061	0.69065			6
2026.04.03	15:16:10.696	0.69062	0.69066			6
2026.04.03	15:16:10.999	0.69063	0.69067			6
2026.04.03	15:16:12.498	0.69064	0.69068			6
2026.04.03	15:16:17.618	0.69063	0.69067			6
2026.04.03	15:16:17.918	0.69062	0.69066			6
2026.04.03	15:16:21.832	0.69060	0.69064			6
2026.04.03	15:16:22.133	0.69059	0.69063			6
2026.04.03	15:16:35.071	0.69058	0.69062			6
2026.04.03	15:16:39.882	0.69059	0.69063			6
2026.04.03	15:16:41.385	0.69058	0.69062			6
2026.04.03	15:16:48.005	0.69057	0.69061			6
2026.04.03	15:16:48.903	0.69056	0.69060			6
2026.04.03	15:16:49.201	0.69055	0.69059			6
2026.04.03	15:16:49.802	0.69054	0.69058			6
2026.04.03	15:16:59.737	0.69053	0.69057			6
2026.04.03	15:17:00.044	0.69053				2
2026.04.03	15:17:01.838	0.69051	0.69055			6
2026.04.03	15:17:06.955	0.69053	0.69057			6
2026.04.03	15:17:07.258	0.69052	0.69056			6
2026.04.03	15:17:07.556	0.69053	0.69057			6
2026.04.03	15:17:09.364	0.69051	0.69055			6
2026.04.03	15:17:21.404	0.69050	0.69054			6
2026.04.03	15:17:21.703	0.69051	0.69055			6
2026.04.03	15:17:22.007	0.69056	0.69060			6
2026.04.03	15:17:26.208	0.69055	0.69059			6
2026.04.03	15:17:28.616	0.69053	0.69057			6
2026.04.03	15:17:31.024	0.69055	0.69059			6
2026.04.03	15:17:32.530	0.69054	0.69058			6
2026.04.03	15:17:32.829	0.69055	0.69059			6
2026.04.03	15:17:33.130	0.69056	0.69060			6
2026.04.03	15:17:37.636	0.69055	0.69058			6
2026.04.03	15:17:37.937	0.69056	0.69060			6
2026.04.03	15:17:39.138	0.69055	0.69059			6
2026.04.03	15:17:44.851	0.69057	0.69061			6
2026.04.03	15:18:00.186	0.69056	0.69060			6
2026.04.03	15:18:01.387	0.69057	0.69061			6
2026.04.03	15:18:01.689	0.69056	0.69060			6
2026.04.03	15:18:06.495	0.69057				2
2026.04.03	15:18:07.696	0.69055	0.69058			6
2026.04.03	15:18:07.995		0.69059			4
2026.04.03	15:18:08.295	0.69057	0.69061			6
2026.04.03	15:18:08.595		0.69060			4
2026.04.03	15:18:11.606		0.69061			4
2026.04.03	15:18:12.808	0.69056	0.69060			6
2026.04.03	15:18:20.622	0.69057				2
2026.04.03	15:18:22.124	0.69058	0.69062			6
2026.04.03	15:18:29.356	0.69059	0.69063			6
2026.04.03	15:18:29.655	0.69060	0.69064			6
2026.04.03	15:18:32.059	0.69061				2
2026.04.03	15:18:41.688	0.69060				2
2026.04.03	15:18:52.512	0.69061	0.69065			6
2026.04.03	15:19:00.038	0.69061				2
2026.04.03	15:19:07.558	0.69062	0.69066			6
2026.04.03	15:19:07.856	0.69063	0.69067			6
2026.04.03	15:19:09.661	0.69061	0.69065			6
2026.04.03	15:19:19.285	0.69059	0.69063			6
2026.04.03	15:19:19.585	0.69061	0.69065			6
2026.04.03	15:19:20.786	0.69062	0.69066			6
2026.04.03	15:19:21.087	0.69063	0.69067			6
2026.04.03	15:19:23.489	0.69065	0.69069			6
2026.04.03	15:19:44.824	0.69066	0.69070			6
2026.04.03	15:19:45.726	0.69068	0.69072			6
2026.04.03	15:19:46.328	0.69066	0.69070			6
2026.04.03	15:19:52.946	0.69065	0.69069			6
2026.04.03	15:19:54.755	0.69064	0.69068			6
2026.04.03	15:19:55.958	0.69061	0.69065			6
2026.04.03	15:20:00.176	0.69061				2
2026.04.03	15:20:00.780	0.69060	0.69064			6
2026.04.03	15:20:02.579	0.69061	0.69065			6
2026.04.03	15:20:06.787	0.69062	0.69066			6
2026.04.03	15:20:07.392	0.69061	0.69065			6
2026.04.03	15:20:10.694	0.69058	0.69062			6
2026.04.03	15:20:13.108	0.69059	0.69063			6
2026.04.03	15:20:13.709	0.69062	0.69066			6
2026.04.03	15:20:16.415	0.69063	0.69067			6
2026.04.03	15:20:21.524	0.69062	0.69065			6
2026.04.03	15:20:21.831	0.69063	0.69067			6
2026.04.03	15:20:22.431	0.69062	0.69065			6
2026.04.03	15:20:24.534	0.69063	0.69067			6
2026.04.03	15:20:25.434	0.69062	0.69066			6
2026.04.03	15:20:25.737		0.69065			4
2026.04.03	15:20:26.034		0.69066			4
2026.04.03	15:20:26.335	0.69063	0.69067			6
2026.04.03	15:20:32.051	0.69062	0.69066			6
2026.04.03	15:20:32.952	0.69063	0.69067			6
2026.04.03	15:20:41.072	0.69062	0.69066			6
2026.04.03	15:20:41.375	0.69063	0.69067			6
2026.04.03	15:20:41.672	0.69062	0.69066			6
2026.04.03	15:20:42.272	0.69063	0.69067			6
2026.04.03	15:20:48.286	0.69068	0.69072			6
2026.04.03	15:20:48.586	0.69067	0.69071			6
2026.04.03	15:20:49.185	0.69069	0.69073			6
2026.04.03	15:20:49.785	0.69068	0.69072			6
2026.04.03	15:20:50.085	0.69069	0.69073			6
2026.04.03	15:20:50.685	0.69068	0.69072			6
2026.04.03	15:20:50.987	0.69066	0.69070			6
2026.04.03	15:20:53.093	0.69065	0.69067			6
2026.04.03	15:20:53.396		0.69069			4
2026.04.03	15:20:55.804	0.69067	0.69071			6
2026.04.03	15:21:00.014	0.69067				2
2026.04.03	15:21:00.314	0.69068	0.69072			6
2026.04.03	15:21:05.122	0.69067	0.69071			6
2026.04.03	15:21:12.353	0.69063	0.69067			6
2026.04.03	15:21:15.053	0.69064	0.69068			6
2026.04.03	15:21:17.769	0.69063	0.69067			6
2026.04.03	15:21:34.009	0.69064	0.69068			6
2026.04.03	15:21:34.309	0.69063	0.69067			6
2026.04.03	15:21:35.212	0.69065	0.69069			6
2026.04.03	15:21:35.514	0.69064				2
2026.04.03	15:21:40.923	0.69066	0.69070			6
2026.04.03	15:21:44.533	0.69068	0.69072			6
2026.04.03	15:21:45.134	0.69069	0.69073			6
2026.04.03	15:21:45.736	0.69071	0.69075			6
2026.04.03	15:21:53.249	0.69068	0.69072			6
2026.04.03	15:21:53.549	0.69070	0.69074			6
2026.04.03	15:22:00.159	0.69070				2
2026.04.03	15:22:11.888	0.69072	0.69076			6
2026.04.03	15:22:12.190	0.69073	0.69077			6
2026.04.03	15:22:13.991	0.69074	0.69078			6
2026.04.03	15:22:14.293	0.69075	0.69079			6
2026.04.03	15:22:23.919	0.69074	0.69078			6
2026.04.03	15:22:35.347	0.69073	0.69077			6
2026.04.03	15:22:43.757	0.69072	0.69076			6
2026.04.03	15:22:44.963	0.69070	0.69074			6
2026.04.03	15:22:53.676	0.69075	0.69079			6
2026.04.03	15:22:53.977	0.69076	0.69080			6
2026.04.03	15:22:55.778	0.69075	0.69079			6
2026.04.03	15:22:59.085	0.69076	0.69080			6
2026.04.03	15:22:59.689	0.69075	0.69079			6
2026.04.03	15:23:00.288	0.69074	0.69080			6
2026.04.03	15:23:00.588		0.69079			4
2026.04.03	15:23:02.090		0.69078			4
2026.04.03	15:23:06.600	0.69073	0.69077			6
2026.04.03	15:23:06.898	0.69072	0.69076			6
2026.04.03	15:23:07.203	0.69070	0.69074			6
2026.04.03	15:23:07.801	0.69069				2
2026.04.03	15:23:10.507	0.69070				2
2026.04.03	15:23:11.108	0.69069				2
2026.04.03	15:23:17.132	0.69070				2
2026.04.03	15:23:18.940	0.69068	0.69072			6
2026.04.03	15:23:19.242	0.69069	0.69073			6
2026.04.03	15:23:19.844	0.69068	0.69072			6
2026.04.03	15:23:20.150	0.69069	0.69073			6
2026.04.03	15:23:21.048	0.69068	0.69072			6
2026.04.03	15:23:21.949	0.69067	0.69071			6
2026.04.03	15:23:22.248	0.69071	0.69075			6
2026.04.03	15:23:22.549	0.69072	0.69076			6
2026.04.03	15:23:40.293	0.69067	0.69071			6
2026.04.03	15:23:41.196	0.69068	0.69072			6
2026.04.03	15:23:42.399	0.69070	0.69074			6
2026.04.03	15:23:42.698	0.69071	0.69075			6
2026.04.03	15:23:42.999	0.69070	0.69074			6
2026.04.03	15:23:44.202	0.69071	0.69075			6
2026.04.03	15:23:44.500	0.69072	0.69076			6
2026.04.03	15:23:45.705	0.69070	0.69074			6
2026.04.03	15:23:46.002	0.69069	0.69073			6
2026.04.03	15:23:46.308	0.69071	0.69075			6
2026.04.03	15:23:46.602	0.69072	0.69076			6
2026.04.03	15:23:47.805	0.69073	0.69077			6
2026.04.03	15:23:49.615	0.69071	0.69075			6
2026.04.03	15:23:50.812	0.69070	0.69074			6
2026.04.03	15:23:51.115	0.69069	0.69073			6
2026.04.03	15:23:51.415	0.69070	0.69074			6
2026.04.03	15:23:51.712	0.69069	0.69073			6
2026.04.03	15:23:52.016	0.69070	0.69074			6
2026.04.03	15:23:54.115	0.69069	0.69073			6
2026.04.03	15:23:54.419	0.69073	0.69077			6
2026.04.03	15:24:00.131	0.69073				2
2026.04.03	15:24:00.431	0.69072	0.69076			6
2026.04.03	15:24:01.032	0.69071	0.69075			6
2026.04.03	15:24:01.332	0.69070	0.69074			6
2026.04.03	15:24:01.932	0.69069	0.69073			6
2026.04.03	15:24:03.438	0.69068	0.69072			6
2026.04.03	15:24:03.739	0.69069	0.69073			6
2026.04.03	15:24:05.245	0.69066	0.69070			6
2026.04.03	15:24:05.848	0.69067	0.69071			6
2026.04.03	15:24:06.451	0.69066	0.69070			6
2026.04.03	15:24:10.660	0.69067	0.69071			6
2026.04.03	15:24:10.961	0.69066	0.69070			6
2026.04.03	15:24:11.266	0.69065	0.69069			6
2026.04.03	15:24:18.799	0.69064	0.69068			6
2026.04.03	15:24:19.102	0.69063	0.69067			6
2026.04.03	15:24:21.503	0.69060	0.69064			6
2026.04.03	15:24:21.805	0.69058	0.69062			6
2026.04.03	15:24:24.519	0.69059	0.69063			6
2026.04.03	15:24:26.016	0.69058	0.69062			6
2026.04.03	15:24:28.420	0.69059	0.69063			6
2026.04.03	15:24:29.022	0.69060	0.69064			6
2026.04.03	15:24:29.323	0.69059	0.69063			6
2026.04.03	15:24:30.222	0.69067	0.69071			6
2026.04.03	15:24:32.024	0.69066	0.69070			6
2026.04.03	15:24:40.439	0.69067	0.69071			6
2026.04.03	15:24:41.647	0.69066	0.69070			6
2026.04.03	15:24:44.354	0.69068	0.69072			6
2026.04.03	15:24:45.255	0.69066	0.69070			6
2026.04.03	15:24:45.557	0.69065				2
2026.04.03	15:24:45.855	0.69068	0.69072			6
2026.04.03	15:24:46.156	0.69069	0.69073			6
2026.04.03	15:24:46.459	0.69068	0.69072			6
2026.04.03	15:24:47.057	0.69067	0.69071			6
2026.04.03	15:24:47.358	0.69066	0.69070			6
2026.04.03	15:24:47.961	0.69065				2
2026.04.03	15:24:53.982	0.69068	0.69072			6
2026.04.03	15:24:54.287	0.69069	0.69073			6
2026.04.03	15:24:54.582	0.69068	0.69072			6
2026.04.03	15:25:00.300	0.69068				2
2026.04.03	15:25:01.505	0.69080	0.69084			6
2026.04.03	15:25:02.102	0.69081	0.69085			6
2026.04.03	15:25:02.405	0.69080	0.69084			6
2026.04.03	15:25:03.002	0.69081	0.69085			6
2026.04.03	15:25:04.207	0.69083	0.69087			6
2026.04.03	15:25:04.814	0.69089	0.69092			6
2026.04.03	15:25:05.107	0.69091	0.69095			6
2026.04.03	15:25:09.017	0.69090	0.69094			6
2026.04.03	15:25:09.617		0.69095			4
2026.04.03	15:25:10.217	0.69092	0.69096			6
2026.04.03	15:25:12.027	0.69091	0.69095			6
2026.04.03	15:25:25.275	0.69090	0.69094			6
2026.04.03	15:25:25.575	0.69088	0.69092			6
2026.04.03	15:25:25.875	0.69087	0.69091			6
2026.04.03	15:25:27.377	0.69090	0.69093			6
2026.04.03	15:25:28.878	0.69089	0.69092			6
2026.04.03	15:25:31.284		0.69093			4
2026.04.03	15:25:33.087	0.69088	0.69092			6
2026.04.03	15:25:33.386	0.69087	0.69091			6
2026.04.03	15:25:34.892	0.69088	0.69092			6
2026.04.03	15:25:40.013	0.69086	0.69090			6
2026.04.03	15:25:40.316	0.69085				2
2026.04.03	15:25:40.615	0.69086				2
2026.04.03	15:25:40.917	0.69087	0.69091			6
2026.04.03	15:25:46.624	0.69090	0.69094			6
2026.04.03	15:25:49.930	0.69094	0.69097			6
2026.04.03	15:25:50.829	0.69093				2
2026.04.03	15:26:00.154	0.69093				2
2026.04.03	15:26:02.252	0.69091	0.69095			6
2026.04.03	15:26:02.854	0.69092	0.69096			6
2026.04.03	15:26:04.356	0.69094	0.69097			6
2026.04.03	15:26:05.258	0.69093				2
2026.04.03	15:26:06.159	0.69094				2
2026.04.03	15:26:06.459	0.69093				2
2026.04.03	15:26:08.563	0.69094				2
2026.04.03	15:26:10.967		0.69098			4
2026.04.03	15:26:11.868		0.69097			4
2026.04.03	15:26:12.469		0.69098			4
2026.04.03	15:26:21.187	0.69095	0.69099			6
2026.04.03	15:26:22.693	0.69097	0.69101			6
2026.04.03	15:26:23.596	0.69096	0.69100			6
2026.04.03	15:26:25.100	0.69095	0.69099			6
2026.04.03	15:26:26.003	0.69094	0.69098			6
2026.04.03	15:26:27.507	0.69095	0.69099			6
2026.04.03	15:26:27.806	0.69094	0.69097			6
2026.04.03	15:26:32.921	0.69093				2
2026.04.03	15:26:33.818	0.69094				2
2026.04.03	15:26:39.230	0.69093				2
2026.04.03	15:26:47.351	0.69094	0.69098			6
2026.04.03	15:26:48.555	0.69093	0.69097			6
2026.04.03	15:26:49.156	0.69094				2
2026.04.03	15:26:49.757	0.69093				2
2026.04.03	15:26:50.959	0.69091	0.69095			6
2026.04.03	15:26:52.761	0.69090	0.69094			6
2026.04.03	15:26:55.468	0.69089	0.69092			6
2026.04.03	15:26:56.376	0.69088				2
2026.04.03	15:26:58.480	0.69089	0.69093			6
2026.04.03	15:26:58.780		0.69092			4
2026.04.03	15:26:59.392	0.69084	0.69088			6
2026.04.03	15:26:59.680	0.69085	0.69089			6
2026.04.03	15:27:00.285	0.69085				2
2026.04.03	15:27:04.784	0.69086	0.69090			6
2026.04.03	15:27:05.085	0.69085	0.69089			6
2026.04.03	15:27:08.394	0.69086	0.69090			6
2026.04.03	15:27:08.695	0.69085	0.69089			6
2026.04.03	15:27:08.992	0.69086	0.69090			6
2026.04.03	15:27:09.594	0.69085	0.69089			6
2026.04.03	15:27:20.418	0.69089	0.69093			6
2026.04.03	15:27:20.720	0.69087	0.69091			6
2026.04.03	15:27:21.022	0.69089	0.69093			6
2026.04.03	15:27:21.922	0.69086	0.69090			6
2026.04.03	15:27:24.924	0.69085	0.69089			6
2026.04.03	15:27:25.223	0.69086	0.69090			6
2026.04.03	15:27:27.327	0.69083	0.69087			6
2026.04.03	15:27:27.627	0.69082	0.69086			6
2026.04.03	15:27:27.930	0.69083				2
2026.04.03	15:27:28.227	0.69084				2
2026.04.03	15:27:29.134		0.69087			4
2026.04.03	15:27:30.335	0.69083				2
2026.04.03	15:27:30.635	0.69085	0.69089			6
2026.04.03	15:27:33.638	0.69083	0.69087			6
2026.04.03	15:27:34.239	0.69084				2
2026.04.03	15:27:35.443	0.69082	0.69086			6
2026.04.03	15:27:35.740	0.69081	0.69085			6
2026.04.03	15:27:36.642	0.69082	0.69086			6
2026.04.03	15:27:37.543	0.69085	0.69088			6
2026.04.03	15:27:37.845		0.69089			4
2026.04.03	15:27:38.444		0.69088			4
2026.04.03	15:27:38.744		0.69089			4
2026.04.03	15:27:39.346	0.69084	0.69088			6
2026.04.03	15:27:42.049	0.69085	0.69089			6
2026.04.03	15:27:44.458	0.69087	0.69091			6
2026.04.03	15:27:45.961	0.69089	0.69093			6
2026.04.03	15:27:46.261	0.69090	0.69094			6
2026.04.03	15:27:46.860	0.69089	0.69093			6
2026.04.03	15:27:47.165	0.69090	0.69094			6
2026.04.03	15:28:00.086	0.69089	0.69093			6
2026.04.03	15:28:00.387	0.69090	0.69094			6
2026.04.03	15:28:00.687	0.69089				2
2026.04.03	15:28:03.995		0.69095			4
2026.04.03	15:28:04.595	0.69090	0.69094			6
2026.04.03	15:28:05.500	0.69089	0.69093			6
2026.04.03	15:28:05.801		0.69094			4
2026.04.03	15:28:08.204	0.69090				2
2026.04.03	15:28:16.010	0.69093	0.69095			6
2026.04.03	15:28:18.414	0.69090	0.69094			6
2026.04.03	15:28:26.531	0.69091	0.69095			6
2026.04.03	15:28:28.036	0.69098	0.69102			6
2026.04.03	15:28:28.333	0.69094	0.69098			6
2026.04.03	15:28:28.635	0.69095	0.69099			6
2026.04.03	15:28:45.158	0.69094	0.69098			6
2026.04.03	15:28:45.458	0.69095	0.69099			6
2026.04.03	15:28:51.166	0.69094	0.69098			6
2026.04.03	15:28:51.467	0.69093	0.69097			6
2026.04.03	15:28:52.067	0.69092	0.69096			6
2026.04.03	15:28:52.367	0.69094	0.69098			6
2026.04.03	15:28:52.671	0.69092	0.69096			6
2026.04.03	15:28:53.869	0.69089	0.69095			6
2026.04.03	15:28:56.272	0.69090	0.69096			6
2026.04.03	15:28:59.576	0.69089				2
2026.04.03	15:29:00.176	0.69089				2
2026.04.03	15:29:00.479	0.69094	0.69098			6
2026.04.03	15:29:10.392	0.69095	0.69099			6
2026.04.03	15:29:10.697	0.69094				2
2026.04.03	15:29:13.106	0.69100	0.69104			6
2026.04.03	15:29:15.503	0.69098	0.69103			6
2026.04.03	15:29:16.404	0.69099				2
2026.04.03	15:29:18.814	0.69098				2
2026.04.03	15:29:21.222	0.69103	0.69107			6
2026.04.03	15:29:21.825	0.69102	0.69108			6
2026.04.03	15:29:22.123	0.69103				2
2026.04.03	15:29:22.422	0.69102				2
2026.04.03	15:29:23.325		0.69107			4
2026.04.03	15:29:26.628	0.69101	0.69106			6
2026.04.03	15:29:26.930	0.69102				2
2026.04.03	15:29:29.937		0.69107			4
2026.04.03	15:29:30.240	0.69101				2
2026.04.03	15:29:30.539	0.69100	0.69108			6
2026.04.03	15:29:31.438	0.69102	0.69111			6
2026.04.03	15:29:31.738		0.69112			4
2026.04.03	15:29:32.039	0.69103	0.69113			6
2026.04.03	15:29:33.239		0.69114			4
2026.04.03	15:29:36.241	0.69107				2
2026.04.03	15:29:37.148	0.69103				2
2026.04.03	15:29:38.343	0.69102	0.69113			6
2026.04.03	15:29:38.946	0.69106	0.69117			6
2026.04.03	15:29:41.952		0.69116			4
2026.04.03	15:29:43.453	0.69107	0.69117			6
2026.04.03	15:29:45.859	0.69111	0.69121			6
2026.04.03	15:29:46.460	0.69106	0.69117			6
2026.04.03	15:29:47.667	0.69105	0.69118			6
2026.04.03	15:29:50.380	0.69095	0.69110			6
2026.04.03	15:29:51.579	0.69094				2
2026.04.03	15:29:51.879	0.69090	0.69107			6
2026.04.03	15:29:52.480	0.69089	0.69106			6
2026.04.03	15:29:55.184	0.69090				2
2026.04.03	15:29:55.483	0.69094	0.69110			6
2026.04.03	15:29:56.684	0.69091	0.69108			6
2026.04.03	15:29:57.286	0.69090	0.69111			6
2026.04.03	15:29:57.887	0.69093	0.69114			6
2026.04.03	15:29:58.186	0.69092	0.69117			6
2026.04.03	15:29:58.488	0.69089	0.69123			6
2026.04.03	15:29:58.786	0.69091	0.69116			6
2026.04.03	15:29:59.089		0.69117			4
2026.04.03	15:29:59.386	0.69092	0.69118			6
2026.04.03	15:29:59.690	0.69088	0.69125			6
2026.04.03	15:29:59.988	0.69073	0.69126			6
2026.04.03	15:30:00.290	0.69036	0.69122			6
2026.04.03	15:30:00.590	0.69037	0.69124			6
2026.04.03	15:30:00.893	0.69051	0.69122			6
2026.04.03	15:30:01.493	0.68934	0.69073			6
2026.04.03	15:30:01.790		0.69072			4
2026.04.03	15:30:02.097	0.68932	0.69066			6
2026.04.03	15:30:02.392	0.68929	0.69081			6
2026.04.03	15:30:02.694	0.68937	0.69075			6
2026.04.03	15:30:02.995	0.68936	0.69069			6
2026.04.03	15:30:03.291	0.68967	0.69068			6
2026.04.03	15:30:03.593	0.68968	0.69054			6
2026.04.03	15:30:03.895	0.68969	0.69048			6
2026.04.03	15:30:04.493	0.68965	0.69107			6
2026.04.03	15:30:04.795	0.68967	0.69085			6
2026.04.03	15:30:05.092	0.68971	0.69082			6
2026.04.03	15:30:05.393	0.69003	0.69020			6
2026.04.03	15:30:05.697	0.68994	0.69010			6
2026.04.03	15:30:05.995	0.69002	0.69019			6
2026.04.03	15:30:06.295	0.69008	0.69024			6
2026.04.03	15:30:06.598	0.69019	0.69031			6
2026.04.03	15:30:06.897	0.69018	0.69032			6
2026.04.03	15:30:07.197	0.69014	0.69030			6
2026.04.03	15:30:07.496	0.69008	0.69021			6
2026.04.03	15:30:07.798	0.68998	0.69010			6
2026.04.03	15:30:08.098	0.68991	0.68999			6
2026.04.03	15:30:08.397	0.68993	0.69005			6
2026.04.03	15:30:08.698	0.68989	0.69001			6
2026.04.03	15:30:08.996	0.68986	0.68996			6
2026.04.03	15:30:09.298	0.68999	0.69012			6
2026.04.03	15:30:09.596	0.69005	0.69015			6
2026.04.03	15:30:09.899	0.68994	0.69006			6
2026.04.03	15:30:10.198	0.68986	0.69002			6
2026.04.03	15:30:10.500	0.69003	0.69014			6
2026.04.03	15:30:10.800	0.69011	0.69022			6
2026.04.03	15:30:11.102	0.69010	0.69020			6
2026.04.03	15:30:11.400	0.69020	0.69031			6
2026.04.03	15:30:11.700	0.69029	0.69037			6
2026.04.03	15:30:12.004		0.69038			4
2026.04.03	15:30:12.302	0.69043	0.69052			6
2026.04.03	15:30:12.601	0.69045	0.69056			6
2026.04.03	15:30:12.905	0.69061	0.69072			6
2026.04.03	15:30:13.212	0.69034	0.69047			6
2026.04.03	15:30:13.511	0.69047	0.69060			6
2026.04.03	15:30:13.809	0.69037	0.69053			6
2026.04.03	15:30:14.111	0.69026	0.69039			6
2026.04.03	15:30:14.412	0.69035	0.69047			6
2026.04.03	15:30:14.711	0.69023	0.69036			6
2026.04.03	15:30:15.309	0.69020				2
2026.04.03	15:30:15.610	0.69007	0.69021			6
2026.04.03	15:30:16.209	0.69008				2
2026.04.03	15:30:16.512	0.69018	0.69028			6
2026.04.03	15:30:16.813	0.69011	0.69025			6
2026.04.03	15:30:17.114	0.69013	0.69026			6
2026.04.03	15:30:17.415	0.69015	0.69025			6
2026.04.03	15:30:17.714	0.69016				2
2026.04.03	15:30:18.013	0.69004	0.69019			6
2026.04.03	15:30:18.313	0.69016	0.69026			6
2026.04.03	15:30:18.614	0.69017				2
2026.04.03	15:30:18.915	0.69020	0.69029			6
2026.04.03	15:30:19.514	0.69022	0.69030			6
2026.04.03	15:30:19.818	0.69021				2
2026.04.03	15:30:20.119	0.69011	0.69025			6
2026.04.03	15:30:20.418	0.69008	0.69017			6
2026.04.03	15:30:20.719	0.69021	0.69028			6
2026.04.03	15:30:21.015	0.69025	0.69033			6
2026.04.03	15:30:21.317	0.69024	0.69034			6
2026.04.03	15:30:21.917	0.69027	0.69038			6
2026.04.03	15:30:22.215	0.69026	0.69037			6
2026.04.03	15:30:22.520	0.69028				2
2026.04.03	15:30:22.820	0.69037	0.69047			6
2026.04.03	15:30:23.119	0.69036	0.69049			6
2026.04.03	15:30:23.418	0.69030	0.69040			6
2026.04.03	15:30:23.721	0.69035	0.69042			6
2026.04.03	15:30:24.022	0.69036	0.69045			6
2026.04.03	15:30:24.322	0.69045	0.69049			6
2026.04.03	15:30:24.623	0.69050	0.69057			6
2026.04.03	15:30:24.920	0.69047				2
2026.04.03	15:30:25.521	0.69038	0.69050			6
2026.04.03	15:30:25.818	0.69045	0.69052			6
2026.04.03	15:30:26.121	0.69038	0.69050			6
2026.04.03	15:30:26.424	0.69049	0.69057			6
2026.04.03	15:30:26.720	0.69041	0.69051			6
2026.04.03	15:30:27.024	0.69033	0.69045			6
2026.04.03	15:30:27.326	0.69043	0.69052			6
2026.04.03	15:30:27.629	0.69041	0.69050			6
2026.04.03	15:30:27.925	0.69039	0.69049			6
2026.04.03	15:30:28.225	0.69046	0.69053			6
2026.04.03	15:30:28.524		0.69054			4
2026.04.03	15:30:28.824	0.69043				2
2026.04.03	15:30:29.123	0.69052	0.69057			6
2026.04.03	15:30:29.423	0.69053	0.69059			6
2026.04.03	15:30:29.722	0.69055	0.69061			6
2026.04.03	15:30:30.024	0.69059	0.69066			6
2026.04.03	15:30:30.327	0.69060	0.69067			6
2026.04.03	15:30:30.629	0.69064	0.69072			6
2026.04.03	15:30:30.926	0.69066	0.69074			6
2026.04.03	15:30:31.228	0.69070	0.69077			6
2026.04.03	15:30:31.534	0.69062	0.69071			6
2026.04.03	15:30:31.833	0.69058	0.69069			6
2026.04.03	15:30:32.132	0.69060	0.69070			6
2026.04.03	15:30:32.433	0.69062	0.69071			6
2026.04.03	15:30:32.734	0.69057	0.69068			6
2026.04.03	15:30:33.030	0.69060				2
2026.04.03	15:30:33.330	0.69059	0.69070			6
2026.04.03	15:30:33.632	0.69061	0.69071			6
2026.04.03	15:30:33.931	0.69062	0.69069			6
2026.04.03	15:30:34.232	0.69066	0.69075			6
2026.04.03	15:30:34.535		0.69077			4
2026.04.03	15:30:34.833	0.69064	0.69073			6
2026.04.03	15:30:35.132	0.69061	0.69068			6
2026.04.03	15:30:35.433	0.69063	0.69072			6
2026.04.03	15:30:35.733	0.69067	0.69077			6
2026.04.03	15:30:36.035	0.69066				2
2026.04.03	15:30:36.333	0.69068	0.69078			6
2026.04.03	15:30:36.632	0.69066	0.69077			6
2026.04.03	15:30:36.937	0.69067	0.69078			6
2026.04.03	15:30:37.236	0.69073	0.69081			6
2026.04.03	15:30:37.536	0.69067	0.69078			6
2026.04.03	15:30:37.836	0.69066	0.69076			6
2026.04.03	15:30:38.136	0.69064	0.69075			6
2026.04.03	15:30:38.438	0.69066	0.69077			6
2026.04.03	15:30:38.739	0.69067	0.69078			6
2026.04.03	15:30:39.037	0.69071	0.69080			6
2026.04.03	15:30:39.337	0.69070	0.69079			6
2026.04.03	15:30:39.635	0.69072				2
2026.04.03	15:30:39.937	0.69067	0.69075			6
2026.04.03	15:30:40.236	0.69066	0.69073			6
2026.04.03	15:30:40.540	0.69061	0.69070			6
2026.04.03	15:30:40.839	0.69063				2
2026.04.03	15:30:41.140	0.69062				2
2026.04.03	15:30:41.437	0.69061	0.69068			6
2026.04.03	15:30:41.736	0.69066	0.69072			6
2026.04.03	15:30:42.037	0.69062	0.69069			6
2026.04.03	15:30:42.338	0.69065	0.69072			6
2026.04.03	15:30:42.637	0.69067	0.69074			6
2026.04.03	15:30:42.937	0.69066				2
2026.04.03	15:30:43.240	0.69076	0.69082			6
2026.04.03	15:30:43.539	0.69080	0.69086			6
2026.04.03	15:30:43.838	0.69086	0.69092			6
2026.04.03	15:30:44.444	0.69078	0.69084			6
2026.04.03	15:30:44.746	0.69075	0.69080			6
2026.04.03	15:30:45.044	0.69072	0.69079			6
2026.04.03	15:30:45.346	0.69071	0.69080			6
2026.04.03	15:30:45.641	0.69072				2
2026.04.03	15:30:45.944	0.69074	0.69081			6
2026.04.03	15:30:46.244	0.69073	0.69080			6
2026.04.03	15:30:46.544	0.69074	0.69081			6
2026.04.03	15:30:46.844	0.69070	0.69077			6
2026.04.03	15:30:47.141	0.69073	0.69080			6
2026.04.03	15:30:47.441		0.69079			4
2026.04.03	15:30:47.742	0.69070	0.69076			6
2026.04.03	15:30:48.044	0.69073	0.69080			6
2026.04.03	15:30:48.342	0.69070	0.69077			6
2026.04.03	15:30:48.645	0.69069	0.69075			6
2026.04.03	15:30:48.951	0.69063	0.69070			6
2026.04.03	15:30:49.247	0.69062	0.69069			6
2026.04.03	15:30:49.548	0.69064	0.69070			6
2026.04.03	15:30:49.844	0.69063	0.69069			6
2026.04.03	15:30:50.144	0.69062				2
2026.04.03	15:30:50.447	0.69063				2
2026.04.03	15:30:50.749	0.69065	0.69073			6
2026.04.03	15:30:51.046	0.69066	0.69074			6
2026.04.03	15:30:51.948	0.69072	0.69079			6
2026.04.03	15:30:52.248	0.69067	0.69075			6
2026.04.03	15:30:52.549	0.69072	0.69079			6
2026.04.03	15:30:52.850	0.69067	0.69074			6
2026.04.03	15:30:53.150	0.69058	0.69066			6
2026.04.03	15:30:53.750	0.69055	0.69063			6
2026.04.03	15:30:54.050		0.69062			4
2026.04.03	15:30:54.349	0.69059	0.69065			6
2026.04.03	15:30:54.648		0.69066			4
2026.04.03	15:30:55.253	0.69060	0.69068			6
2026.04.03	15:30:55.549	0.69063	0.69069			6
2026.04.03	15:30:55.849	0.69064	0.69071			6
2026.04.03	15:30:56.149	0.69062	0.69069			6
2026.04.03	15:30:56.451	0.69071	0.69078			6
2026.04.03	15:30:56.749	0.69074	0.69080			6
2026.04.03	15:30:57.049	0.69073	0.69081			6
2026.04.03	15:30:57.350	0.69075				2
2026.04.03	15:30:57.651	0.69072	0.69078			6
2026.04.03	15:30:58.252	0.69071	0.69079			6
2026.04.03	15:30:58.554	0.69076	0.69083			6
2026.04.03	15:30:58.851	0.69077				2
2026.04.03	15:30:59.453	0.69071	0.69081			6
2026.04.03	15:30:59.751		0.69080			4
2026.04.03	15:31:00.052	0.69071	0.69081			6
2026.04.03	15:31:00.354	0.69073	0.69083			6
2026.04.03	15:31:00.654	0.69077	0.69084			6
2026.04.03	15:31:00.955	0.69084	0.69093			6
2026.04.03	15:31:01.257	0.69078	0.69082			6
2026.04.03	15:31:01.554		0.69083			4
2026.04.03	15:31:01.855	0.69081	0.69089			6
2026.04.03	15:31:02.157	0.69072	0.69076			6
2026.04.03	15:31:02.457	0.69078	0.69083			6
2026.04.03	15:31:02.759	0.69076	0.69082			6
2026.04.03	15:31:03.059	0.69075				2
2026.04.03	15:31:03.359	0.69074	0.69080			6
2026.04.03	15:31:03.656	0.69073	0.69079			6
2026.04.03	15:31:03.957	0.69071	0.69075			6
2026.04.03	15:31:04.259	0.69066	0.69072			6
2026.04.03	15:31:04.558	0.69065				2
2026.04.03	15:31:05.157	0.69064	0.69071			6
2026.04.03	15:31:05.458	0.69062	0.69070			6
2026.04.03	15:31:06.061	0.69057	0.69066			6
2026.04.03	15:31:06.360	0.69058	0.69065			6
2026.04.03	15:31:06.660	0.69057				2
2026.04.03	15:31:06.960		0.69063			4
2026.04.03	15:31:07.261	0.69052	0.69059			6
2026.04.03	15:31:07.564	0.69054	0.69058			6
2026.04.03	15:31:07.865		0.69059			4
2026.04.03	15:31:08.163	0.69050	0.69056			6
2026.04.03	15:31:08.464	0.69045	0.69050			6
2026.04.03	15:31:08.762	0.69044	0.69052			6
2026.04.03	15:31:09.662	0.69043	0.69050			6
2026.04.03	15:31:09.963	0.69042	0.69049			6
2026.04.03	15:31:10.267	0.69043				2
2026.04.03	15:31:10.567	0.69038	0.69043			6
2026.04.03	15:31:11.167	0.69034	0.69042			6
2026.04.03	15:31:11.469	0.69039	0.69045			6
2026.04.03	15:31:11.767	0.69045	0.69052			6
2026.04.03	15:31:12.368	0.69042				2
2026.04.03	15:31:12.667	0.69039	0.69046			6
2026.04.03	15:31:12.969	0.69038	0.69043			6
2026.04.03	15:31:13.269	0.69039	0.69046			6
2026.04.03	15:31:13.870	0.69041				2
2026.04.03	15:31:14.172	0.69032	0.69038			6
2026.04.03	15:31:14.473	0.69033				2
2026.04.03	15:31:14.774	0.69031				2
2026.04.03	15:31:15.074	0.69029	0.69036			6
2026.04.03	15:31:15.671	0.69027	0.69034			6
2026.04.03	15:31:15.970	0.69028				2
2026.04.03	15:31:16.573	0.69025	0.69032			6
2026.04.03	15:31:16.872	0.69028	0.69035			6
2026.04.03	15:31:17.171	0.69025	0.69031			6
2026.04.03	15:31:17.473	0.69023	0.69030			6
2026.04.03	15:31:17.775		0.69029			4
2026.04.03	15:31:18.074	0.69025	0.69031			6
2026.04.03	15:31:18.673	0.69023	0.69030			6
2026.04.03	15:31:18.974	0.69025	0.69031			6
2026.04.03	15:31:19.877	0.69023	0.69030			6
2026.04.03	15:31:20.175	0.69025	0.69031			6
2026.04.03	15:31:20.478	0.69024				2
2026.04.03	15:31:20.776	0.69023	0.69030			6
2026.04.03	15:31:21.077		0.69031			4
2026.04.03	15:31:21.679	0.69030	0.69036			6
2026.04.03	15:31:21.979	0.69027	0.69035			6
2026.04.03	15:31:22.277	0.69022	0.69030			6
2026.04.03	15:31:22.577	0.69024	0.69031			6
2026.04.03	15:31:22.877	0.69025				2
2026.04.03	15:31:23.179	0.69026	0.69032			6
2026.04.03	15:31:23.780	0.69025				2
2026.04.03	15:31:24.077	0.69027	0.69034			6
2026.04.03	15:31:24.981		0.69032			4
2026.04.03	15:31:25.280	0.69024	0.69030			6
2026.04.03	15:31:26.483	0.69026	0.69031			6
2026.04.03	15:31:26.782	0.69024	0.69030			6
2026.04.03	15:31:27.081	0.69026	0.69032			6
2026.04.03	15:31:27.382		0.69031			4
2026.04.03	15:31:27.683	0.69021	0.69027			6
2026.04.03	15:31:28.282	0.69026	0.69031			6
2026.04.03	15:31:28.584	0.69024	0.69030			6
2026.04.03	15:31:28.882	0.69021	0.69026			6
2026.04.03	15:31:29.184	0.69017	0.69024			6
2026.04.03	15:31:29.787	0.69016	0.69022			6
2026.04.03	15:31:30.084		0.69021			4
2026.04.03	15:31:30.382	0.69017	0.69022			6
2026.04.03	15:31:30.987	0.69018	0.69024			6
2026.04.03	15:31:31.284	0.69020	0.69026			6
2026.04.03	15:31:31.583	0.69019	0.69024			6
2026.04.03	15:31:31.883		0.69025			4
2026.04.03	15:31:32.187	0.69020				2
2026.04.03	15:31:32.785	0.69021	0.69026			6
2026.04.03	15:31:33.387	0.69020	0.69025			6
2026.04.03	15:31:33.686	0.69021	0.69026			6
2026.04.03	15:31:33.988	0.69016	0.69022			6
2026.04.03	15:31:34.286	0.69017				2
2026.04.03	15:31:34.587	0.69016	0.69021			6
2026.04.03	15:31:34.888	0.69017	0.69023			6
2026.04.03	15:31:35.188		0.69022			4
2026.04.03	15:31:35.491	0.69016				2
2026.04.03	15:31:36.093	0.69012	0.69019			6
2026.04.03	15:31:36.391	0.69013				2
2026.04.03	15:31:36.689	0.69012				2
2026.04.03	15:31:36.989	0.69008	0.69013			6
2026.04.03	15:31:37.289	0.68999	0.69008			6
2026.04.03	15:31:37.590	0.68997	0.69004			6
2026.04.03	15:31:37.892	0.68998				2
2026.04.03	15:31:38.797	0.68996	0.69002			6
2026.04.03	15:31:39.099	0.68991	0.68998			6
2026.04.03	15:31:39.397	0.68995	0.69002			6
2026.04.03	15:31:39.697		0.69001			4
2026.04.03	15:31:39.998	0.68994	0.68999			6
2026.04.03	15:31:40.300	0.68992	0.68997			6
2026.04.03	15:31:40.600	0.68993	0.68999			6
2026.04.03	15:31:40.902		0.68997			4
2026.04.03	15:31:41.202	0.68991				2
2026.04.03	15:31:41.504	0.68995	0.69001			6
2026.04.03	15:31:41.806	0.68996				2
2026.04.03	15:31:42.406	0.68995	0.69000			6
2026.04.03	15:31:42.706	0.68996	0.69001			6
2026.04.03	15:31:43.906	0.69001	0.69006			6
2026.04.03	15:31:44.207	0.68997	0.69007			6
2026.04.03	15:31:44.807		0.69005			4
2026.04.03	15:31:45.411		0.69004			4
2026.04.03	15:31:46.309	0.69000	0.69006			6
2026.04.03	15:31:46.614	0.69001	0.69008			6
2026.04.03	15:31:46.912		0.69007			4
2026.04.03	15:31:47.210		0.69009			4
2026.04.03	15:31:47.813	0.68998	0.69005			6
2026.04.03	15:31:48.415	0.68997	0.69003			6
2026.04.03	15:31:50.217	0.68992	0.68997			6
2026.04.03	15:31:50.517	0.68993				2
2026.04.03	15:31:50.818	0.68989	0.68996			6
2026.04.03	15:31:51.117	0.68988	0.68995			6
2026.04.03	15:31:51.417	0.68984	0.68991			6
2026.04.03	15:31:51.719	0.68988	0.68993			6
2026.04.03	15:31:52.016		0.68996			4
2026.04.03	15:31:52.317	0.68995	0.68999			6
2026.04.03	15:31:52.617	0.68996	0.69001			6
2026.04.03	15:31:53.219	0.69000	0.69004			6
2026.04.03	15:31:53.519	0.69001	0.69005			6
2026.04.03	15:31:53.817		0.69006			4
2026.04.03	15:31:54.117		0.69005			4
2026.04.03	15:31:54.417	0.69005	0.69010			6
2026.04.03	15:31:55.018		0.69009			4
2026.04.03	15:31:55.319	0.69010	0.69012			6
2026.04.03	15:31:55.618	0.69011	0.69017			6
2026.04.03	15:31:55.918	0.69014	0.69019			6
2026.04.03	15:31:56.219	0.69005	0.69011			6
2026.04.03	15:31:56.820	0.69011	0.69018			6
2026.04.03	15:31:57.119	0.69010	0.69016			6
2026.04.03	15:31:57.419	0.69011	0.69015			6
2026.04.03	15:31:57.720		0.69016			4
2026.04.03	15:31:58.024	0.69007				2
2026.04.03	15:31:58.319	0.69005	0.69010			6
2026.04.03	15:31:58.621	0.69001	0.69006			6
2026.04.03	15:31:58.926		0.69009			4
2026.04.03	15:31:59.221		0.69006			4
2026.04.03	15:31:59.823		0.69005			4
2026.04.03	15:32:00.121	0.69001				2
2026.04.03	15:32:01.023	0.69005	0.69009			6
2026.04.03	15:32:01.624	0.69004	0.69008			6
2026.04.03	15:32:01.923	0.69005	0.69010			6
2026.04.03	15:32:02.229	0.69006	0.69011			6
2026.04.03	15:32:02.528	0.69011	0.69016			6
2026.04.03	15:32:02.823		0.69017			4
2026.04.03	15:32:03.726	0.69016	0.69022			6
2026.04.03	15:32:04.925	0.69011	0.69016			6
2026.04.03	15:32:05.526	0.69012				2
2026.04.03	15:32:06.428	0.69011				2
2026.04.03	15:32:06.730	0.69013	0.69017			6
2026.04.03	15:32:07.029	0.69016	0.69020			6
2026.04.03	15:32:07.330	0.69021	0.69027			6
2026.04.03	15:32:08.230	0.69019	0.69023			6
2026.04.03	15:32:08.531	0.69015	0.69021			6
2026.04.03	15:32:08.830	0.69016				2
2026.04.03	15:32:09.133	0.69015	0.69020			6
2026.04.03	15:32:09.734	0.69018	0.69022			6
2026.04.03	15:32:10.032	0.69020	0.69028			6
2026.04.03	15:32:10.331	0.69016	0.69022			6
2026.04.03	15:32:10.631	0.69015	0.69020			6
2026.04.03	15:32:10.932	0.69016				2
2026.04.03	15:32:11.233	0.69015				2
2026.04.03	15:32:11.533	0.69013	0.69018			6
2026.04.03	15:32:12.133	0.69014	0.69019			6
2026.04.03	15:32:12.735	0.69015	0.69021			6
2026.04.03	15:32:13.636		0.69019			4
2026.04.03	15:32:15.438	0.69016	0.69020			6
2026.04.03	15:32:16.339	0.69015	0.69019			6
2026.04.03	15:32:17.244	0.69018	0.69025			6
2026.04.03	15:32:17.843		0.69023			4
2026.04.03	15:32:18.145	0.69019	0.69024			6
2026.04.03	15:32:18.442	0.69017				2
2026.04.03	15:32:18.745	0.69019	0.69023			6
2026.04.03	15:32:19.944		0.69024			4
2026.04.03	15:32:20.245	0.69020				2
2026.04.03	15:32:20.844	0.69018				2
2026.04.03	15:32:21.145	0.69017				2
2026.04.03	15:32:21.446	0.69018				2
2026.04.03	15:32:21.744	0.69017				2
2026.04.03	15:32:22.346	0.69014	0.69022			6
2026.04.03	15:32:22.646		0.69018			4
2026.04.03	15:32:22.951	0.69018	0.69024			6
2026.04.03	15:32:23.249	0.69016	0.69022			6
2026.04.03	15:32:24.148	0.69015	0.69021			6
2026.04.03	15:32:25.049	0.69016				2
2026.04.03	15:32:26.554	0.69018	0.69022			6
2026.04.03	15:32:26.855	0.69015				2
2026.04.03	15:32:27.457	0.69011	0.69016			6
2026.04.03	15:32:28.355	0.69010				2
2026.04.03	15:32:28.958		0.69014			4
2026.04.03	15:32:30.461	0.69013	0.69018			6
2026.04.03	15:32:30.763	0.69016	0.69022			6
2026.04.03	15:32:31.062	0.69009	0.69014			6
2026.04.03	15:32:31.962		0.69013			4
2026.04.03	15:32:32.262		0.69014			4
2026.04.03	15:32:32.863	0.69010				2
2026.04.03	15:32:34.365	0.69006	0.69010			6
2026.04.03	15:32:36.165	0.69003	0.69008			6
2026.04.03	15:32:36.469	0.69004				2
2026.04.03	15:32:37.068	0.69000	0.69005			6
2026.04.03	15:32:38.270	0.69001				2
2026.04.03	15:32:38.569	0.69003	0.69007			6
2026.04.03	15:32:38.872		0.69008			4
2026.04.03	15:32:39.471	0.69004				2
2026.04.03	15:32:39.773	0.69005	0.69009			6
2026.04.03	15:32:40.377	0.69004				2
2026.04.03	15:32:40.677	0.69005				2
2026.04.03	15:32:41.577	0.69006	0.69010			6
2026.04.03	15:32:42.479	0.69010	0.69014			6
2026.04.03	15:32:43.379	0.69009	0.69013			6
2026.04.03	15:32:46.384	0.69008	0.69012			6
2026.04.03	15:32:46.683	0.69004	0.69008			6
2026.04.03	15:32:46.982	0.69005	0.69009			6
2026.04.03	15:32:47.584	0.69009	0.69013			6
2026.04.03	15:32:48.183	0.69010	0.69014			6
2026.04.03	15:32:49.085	0.69004	0.69009			6
2026.04.03	15:32:49.384	0.69003	0.69007			6
2026.04.03	15:32:49.685	0.69001	0.69006			6
2026.04.03	15:32:52.387	0.69000	0.69004			6
2026.04.03	15:32:52.686	0.69001	0.69005			6
2026.04.03	15:32:58.699	0.68998	0.69003			6
2026.04.03	15:32:59.298		0.69002			4
2026.04.03	15:32:59.902	0.69000	0.69004			6
2026.04.03	15:33:00.209	0.68998	0.69002			6
2026.04.03	15:33:00.503	0.69000	0.69004			6
2026.04.03	15:33:03.206	0.69002				2
2026.04.03	15:33:03.507	0.69001	0.69005			6
2026.04.03	15:33:03.806	0.69004	0.69008			6
2026.04.03	15:33:04.409	0.69001	0.69005			6
2026.04.03	15:33:04.707	0.69000	0.69004			6
2026.04.03	15:33:05.910	0.69001	0.69005			6
2026.04.03	15:33:06.212	0.69005	0.69009			6
2026.04.03	15:33:06.809	0.69006	0.69010			6
2026.04.03	15:33:07.411	0.69007				2
2026.04.03	15:33:07.713	0.69006				2
2026.04.03	15:33:08.618	0.69007				2
2026.04.03	15:33:08.922	0.69015	0.69018			6
2026.04.03	15:33:10.120	0.69014				2
2026.04.03	15:33:10.419	0.69011	0.69015			6
2026.04.03	15:33:12.226	0.69013	0.69017			6
2026.04.03	15:33:12.527	0.69014	0.69018			6
2026.04.03	15:33:12.825	0.69015	0.69019			6
2026.04.03	15:33:13.728	0.69017	0.69020			6
2026.04.03	15:33:14.027	0.69020	0.69024			6
2026.04.03	15:33:14.325	0.69021	0.69025			6
2026.04.03	15:33:14.627	0.69022				2
2026.04.03	15:33:14.927	0.69023	0.69027			6
2026.04.03	15:33:15.229	0.69022	0.69026			6
2026.04.03	15:33:15.529	0.69027	0.69031			6
2026.04.03	15:33:18.829	0.69025	0.69029			6
2026.04.03	15:33:19.130	0.69026	0.69030			6
2026.04.03	15:33:19.732	0.69027				2
2026.04.03	15:33:20.333	0.69026				2
2026.04.03	15:33:21.532	0.69025	0.69029			6
2026.04.03	15:33:21.832	0.69026	0.69030			6
2026.04.03	15:33:23.034	0.69031	0.69035			6
2026.04.03	15:33:23.331	0.69033	0.69037			6
2026.04.03	15:33:24.232	0.69032				2
2026.04.03	15:33:25.137	0.69031	0.69035			6
2026.04.03	15:33:25.737	0.69032	0.69036			6
2026.04.03	15:33:26.640	0.69022	0.69027			6
2026.04.03	15:33:26.938	0.69023				2
2026.04.03	15:33:27.238	0.69025	0.69030			6
2026.04.03	15:33:27.541	0.69026				2
2026.04.03	15:33:28.440	0.69025	0.69029			6
2026.04.03	15:33:29.643	0.69023	0.69027			6
2026.04.03	15:33:29.944	0.69022	0.69026			6
2026.04.03	15:33:30.246	0.69021	0.69025			6
2026.04.03	15:33:30.544	0.69020	0.69024			6
2026.04.03	15:33:31.147	0.69018				2
2026.04.03	15:33:31.444	0.69021	0.69025			6
2026.04.03	15:33:31.746	0.69020	0.69024			6
2026.04.03	15:33:32.645	0.69018	0.69023			6
2026.04.03	15:33:32.945	0.69020	0.69024			6
2026.04.03	15:33:33.244	0.69019	0.69023			6
2026.04.03	15:33:34.149	0.69023	0.69027			6
2026.04.03	15:33:38.351	0.69022				2
2026.04.03	15:33:38.655	0.69021	0.69025			6
2026.04.03	15:33:39.552	0.69022	0.69026			6
2026.04.03	15:33:41.055	0.69021	0.69025			6
2026.04.03	15:33:41.955	0.69020	0.69024			6
2026.04.03	15:33:42.857	0.69021	0.69025			6
2026.04.03	15:33:43.757	0.69023	0.69027			6
2026.04.03	15:33:44.356	0.69025	0.69029			6
2026.04.03	15:33:44.656	0.69026	0.69030			6
2026.04.03	15:33:51.275	0.69025				2
2026.04.03	15:33:57.578	0.69028	0.69032			6
2026.04.03	15:33:57.878	0.69026	0.69030			6
2026.04.03	15:33:58.779	0.69023	0.69027			6
2026.04.03	15:33:59.378	0.69018	0.69022			6
2026.04.03	15:34:00.283	0.69017	0.69021			6
2026.04.03	15:34:00.582	0.69018	0.69022			6
2026.04.03	15:34:01.183	0.69019	0.69023			6
2026.04.03	15:34:01.483	0.69020	0.69024			6
2026.04.03	15:34:02.684	0.69019	0.69023			6
2026.04.03	15:34:03.888	0.69024	0.69028			6
2026.04.03	15:34:04.188	0.69020	0.69025			6
2026.04.03	15:34:04.486	0.69023	0.69027			6
2026.04.03	15:34:05.389		0.69028			4
2026.04.03	15:34:05.687		0.69027			4
2026.04.03	15:34:07.489	0.69027	0.69032			6
2026.04.03	15:34:07.789	0.69028				2
2026.04.03	15:34:08.990	0.69024	0.69028			6
2026.04.03	15:34:09.291	0.69023	0.69027			6
2026.04.03	15:34:09.593	0.69022	0.69026			6
2026.04.03	15:34:09.892		0.69027			4
2026.04.03	15:34:10.192	0.69023				2
2026.04.03	15:34:10.496	0.69026	0.69030			6
2026.04.03	15:34:10.793	0.69033	0.69037			6
2026.04.03	15:34:13.195	0.69032	0.69036			6
2026.04.03	15:34:14.098	0.69030	0.69034			6
2026.04.03	15:34:14.400	0.69028	0.69032			6
2026.04.03	15:34:14.696	0.69030	0.69034			6
2026.04.03	15:34:14.997	0.69029				2
2026.04.03	15:34:15.301		0.69033			4
2026.04.03	15:34:15.600	0.69035	0.69039			6
2026.04.03	15:34:17.703	0.69037	0.69041			6
2026.04.03	15:34:18.003	0.69036	0.69040			6
2026.04.03	15:34:19.207	0.69034	0.69038			6
2026.04.03	15:34:19.503	0.69036	0.69040			6
2026.04.03	15:34:20.404	0.69033	0.69037			6
2026.04.03	15:34:21.306	0.69034	0.69038			6
2026.04.03	15:34:21.607	0.69036	0.69040			6
2026.04.03	15:34:23.109	0.69035				2
2026.04.03	15:34:23.411	0.69037	0.69041			6
2026.04.03	15:34:24.608	0.69036	0.69040			6
2026.04.03	15:34:25.811	0.69037	0.69041			6
2026.04.03	15:34:26.114	0.69040	0.69044			6
2026.04.03	15:34:26.412	0.69041	0.69045			6
2026.04.03	15:34:27.012	0.69039	0.69043			6
2026.04.03	15:34:27.314	0.69038	0.69042			6
2026.04.03	15:34:28.213	0.69039	0.69043			6
2026.04.03	15:34:28.514	0.69045	0.69049			6
2026.04.03	15:34:28.816	0.69041	0.69045			6
2026.04.03	15:34:29.116	0.69043	0.69047			6
2026.04.03	15:34:29.417	0.69041	0.69045			6
2026.04.03	15:34:29.717	0.69043	0.69047			6
2026.04.03	15:34:30.318	0.69042	0.69046			6
2026.04.03	15:34:30.617	0.69043	0.69047			6
2026.04.03	15:34:31.217	0.69045	0.69049			6
2026.04.03	15:34:31.817	0.69049	0.69053			6
2026.04.03	15:34:32.418	0.69051	0.69055			6
2026.04.03	15:34:32.717	0.69053	0.69057			6
2026.04.03	15:34:33.018	0.69051	0.69055			6
2026.04.03	15:34:33.623	0.69049	0.69053			6
2026.04.03	15:34:36.023	0.69044	0.69048			6
2026.04.03	15:34:36.323	0.69043	0.69047			6
2026.04.03	15:34:36.623	0.69044	0.69048			6
2026.04.03	15:34:37.223	0.69046	0.69050			6
2026.04.03	15:34:37.825	0.69050	0.69054			6
2026.04.03	15:34:38.430	0.69048	0.69052			6
2026.04.03	15:34:42.030	0.69050	0.69054			6
2026.04.03	15:34:42.929	0.69051	0.69055			6
2026.04.03	15:34:43.531	0.69050	0.69054			6
2026.04.03	15:34:46.837	0.69043	0.69047			6
2026.04.03	15:34:48.637	0.69039	0.69043			6
2026.04.03	15:34:48.939	0.69038	0.69042			6
2026.04.03	15:34:50.139	0.69036	0.69040			6
2026.04.03	15:34:51.039	0.69035	0.69039			6
2026.04.03	15:34:51.340	0.69034	0.69038			6
2026.04.03	15:34:53.138	0.69036	0.69040			6
2026.04.03	15:34:53.438	0.69038	0.69042			6
2026.04.03	15:34:53.739	0.69039	0.69043			6
2026.04.03	15:34:54.941	0.69036	0.69040			6
2026.04.03	15:34:55.246	0.69024	0.69028			6
2026.04.03	15:34:55.844	0.69025	0.69029			6
2026.04.03	15:34:56.142	0.69024	0.69028			6
2026.04.03	15:34:57.346	0.69023				2
2026.04.03	15:34:57.645	0.69019	0.69023			6
2026.04.03	15:34:57.949	0.69016	0.69021			6
2026.04.03	15:34:58.245	0.69015	0.69019			6
2026.04.03	15:34:58.848	0.69014	0.69018			6
2026.04.03	15:35:00.047	0.69014				2
2026.04.03	15:35:03.350	0.69010	0.69014			6
2026.04.03	15:35:04.252	0.69016	0.69020			6
2026.04.03	15:35:04.552	0.69015	0.69019			6
2026.04.03	15:35:05.450	0.69014	0.69018			6
2026.04.03	15:35:06.957	0.69009	0.69013			6
2026.04.03	15:35:07.856	0.69005	0.69009			6
2026.04.03	15:35:08.759	0.69004	0.69008			6
2026.04.03	15:35:09.957	0.69005				2
2026.04.03	15:35:10.256		0.69009			4
2026.04.03	15:35:11.759	0.69009	0.69013			6
2026.04.03	15:35:12.360	0.69010	0.69014			6
2026.04.03	15:35:12.960	0.69009	0.69013			6
2026.04.03	15:35:14.463	0.69008	0.69012			6
2026.04.03	15:35:14.763	0.69006	0.69010			6
2026.04.03	15:35:15.065	0.69007	0.69011			6
2026.04.03	15:35:15.362	0.69011	0.69015			6
2026.04.03	15:35:15.663	0.69009	0.69013			6
2026.04.03	15:35:16.868	0.69006	0.69010			6
2026.04.03	15:35:17.167	0.69007	0.69011			6
2026.04.03	15:35:18.968	0.69006	0.69010			6
2026.04.03	15:35:20.775	0.69004	0.69008			6
2026.04.03	15:35:28.289	0.69001	0.69005			6
2026.04.03	15:35:28.590	0.68999	0.69003			6
2026.04.03	15:35:28.889	0.68996	0.69000			6
2026.04.03	15:35:30.090	0.68997	0.69001			6
2026.04.03	15:35:30.394	0.69001	0.69005			6
2026.04.03	15:35:31.591	0.69000	0.69004			6
2026.04.03	15:35:31.892	0.69001	0.69005			6
2026.04.03	15:35:32.790	0.69002	0.69006			6
2026.04.03	15:35:33.393	0.69009	0.69013			6
2026.04.03	15:35:33.693	0.69007	0.69011			6
2026.04.03	15:35:34.293	0.69002	0.69006			6
2026.04.03	15:35:34.592	0.69001	0.69004			6
2026.04.03	15:35:34.896	0.69000	0.69003			6
2026.04.03	15:35:35.195	0.69003	0.69005			6
2026.04.03	15:35:35.796		0.69006			4
2026.04.03	15:35:36.995		0.69005			4
2026.04.03	15:35:37.297	0.68999	0.69001			6
2026.04.03	15:35:37.595	0.68998				2
2026.04.03	15:35:37.896	0.68995	0.68999			6
2026.04.03	15:35:38.499	0.69000	0.69003			6
2026.04.03	15:35:38.800		0.69002			4
2026.04.03	15:35:39.100		0.69003			4
2026.04.03	15:35:39.399	0.68998	0.69001			6
2026.04.03	15:35:39.699		0.69002			4
2026.04.03	15:35:41.205	0.69000	0.69004			6
2026.04.03	15:35:41.504	0.68999	0.69003			6
2026.04.03	15:35:43.608	0.69001	0.69005			6
2026.04.03	15:35:45.410	0.69004	0.69008			6
2026.04.03	15:35:45.709	0.69007	0.69011			6
2026.04.03	15:35:46.009	0.69006	0.69010			6
2026.04.03	15:35:46.911	0.69005	0.69009			6
2026.04.03	15:35:47.213	0.69004	0.69008			6
2026.04.03	15:35:47.812	0.69001	0.69005			6
2026.04.03	15:35:49.314	0.69003	0.69007			6
2026.04.03	15:35:52.918	0.69004	0.69008			6
2026.04.03	15:35:53.821	0.69006	0.69010			6
2026.04.03	15:35:54.421	0.69007	0.69011			6
2026.04.03	15:35:55.322	0.69004	0.69008			6
2026.04.03	15:35:56.524	0.69001	0.69005			6
2026.04.03	15:35:56.826	0.68996	0.69000			6
2026.04.03	15:35:57.125	0.68995	0.68999			6
2026.04.03	15:35:59.229	0.68994	0.68998			6
2026.04.03	15:36:00.132	0.68994				2
2026.04.03	15:36:00.429	0.68996	0.69000			6
2026.04.03	15:36:01.934	0.68995	0.68999			6
2026.04.03	15:36:02.235	0.68992	0.68996			6
2026.04.03	15:36:02.537	0.68994	0.68998			6
2026.04.03	15:36:04.036	0.68995	0.68999			6
2026.04.03	15:36:04.338	0.68994	0.68998			6
2026.04.03	15:36:06.739	0.68992	0.68996			6
2026.04.03	15:36:08.241	0.68994	0.68998			6
2026.04.03	15:36:08.539	0.68995	0.68999			6
2026.04.03	15:36:10.944	0.69001	0.69005			6
2026.04.03	15:36:11.242	0.69000	0.69004			6
2026.04.03	15:36:11.546	0.68997	0.69001			6
2026.04.03	15:36:11.847	0.68986	0.68990			6
2026.04.03	15:36:14.245	0.68987	0.68991			6
2026.04.03	15:36:16.348	0.68994	0.68998			6
2026.04.03	15:36:16.650	0.68993	0.68997			6
2026.04.03	15:36:17.848	0.68996	0.69000			6
2026.04.03	15:36:18.451	0.68997	0.69001			6
2026.04.03	15:36:19.351	0.68996	0.68999			6
2026.04.03	15:36:19.651		0.69000			4
2026.04.03	15:36:20.251	0.69000	0.69003			6
2026.04.03	15:36:21.152	0.68994	0.68998			6
2026.04.03	15:36:21.452	0.68996	0.69000			6
2026.04.03	15:36:21.755	0.68992	0.68996			6
2026.04.03	15:36:24.155	0.68991	0.68995			6
2026.04.03	15:36:25.057	0.68992	0.68996			6
2026.04.03	15:36:25.958	0.68994	0.68998			6
2026.04.03	15:36:26.858	0.68995	0.68999			6
2026.04.03	15:36:27.159	0.68998	0.69002			6
2026.04.03	15:36:27.461	0.68995	0.68999			6
2026.04.03	15:36:27.759	0.68998	0.69002			6
2026.04.03	15:36:28.060	0.68996	0.69000			6
2026.04.03	15:36:30.160	0.68997	0.69001			6
2026.04.03	15:36:30.460	0.68996	0.69000			6
2026.04.03	15:36:32.865	0.68993	0.68996			6
2026.04.03	15:36:33.168	0.68991	0.68995			6
2026.04.03	15:36:34.071	0.68989	0.68993			6
2026.04.03	15:36:34.375	0.68986	0.68990			6
2026.04.03	15:36:34.974	0.68987	0.68991			6
2026.04.03	15:36:35.273	0.68991	0.68995			6
2026.04.03	15:36:35.878	0.68993	0.68997			6
2026.04.03	15:36:36.178	0.68990	0.68994			6
2026.04.03	15:36:36.478	0.68991	0.68995			6
2026.04.03	15:36:37.384	0.68992	0.68996			6
2026.04.03	15:36:37.984	0.68993	0.68997			6
2026.04.03	15:36:38.286	0.68989	0.68993			6
2026.04.03	15:36:39.185	0.68988	0.68992			6
2026.04.03	15:36:40.084	0.68987	0.68991			6
2026.04.03	15:36:40.383	0.68986	0.68990			6
2026.04.03	15:36:40.684	0.68983	0.68988			6
2026.04.03	15:36:41.586		0.68987			4
2026.04.03	15:36:41.885	0.68982				2
2026.04.03	15:36:43.993	0.68983				2
2026.04.03	15:36:44.590	0.68981	0.68985			6
2026.04.03	15:36:45.192	0.68980	0.68984			6
2026.04.03	15:36:45.491	0.68977	0.68981			6
2026.04.03	15:36:47.600	0.68979	0.68984			6
2026.04.03	15:36:47.904	0.68978	0.68983			6
2026.04.03	15:36:48.200	0.68979				2
2026.04.03	15:36:48.505	0.68978				2
2026.04.03	15:36:49.103	0.68979	0.68984			6
2026.04.03	15:36:50.303	0.68978	0.68983			6
2026.04.03	15:36:51.508	0.68985	0.68989			6
2026.04.03	15:36:51.807	0.68984	0.68988			6
2026.04.03	15:36:52.105	0.68986	0.68990			6
2026.04.03	15:36:52.405	0.68984	0.68988			6
2026.04.03	15:36:52.705	0.68982	0.68986			6
2026.04.03	15:36:56.913	0.68986	0.68990			6
2026.04.03	15:36:57.513	0.68987	0.68991			6
2026.04.03	15:36:57.816	0.68985	0.68989			6
2026.04.03	15:36:58.116	0.68983	0.68987			6
2026.04.03	15:36:59.316	0.68982	0.68986			6
2026.04.03	15:37:00.220	0.68982				2
2026.04.03	15:37:00.518	0.68985	0.68989			6
2026.04.03	15:37:05.622	0.68984	0.68988			6
2026.04.03	15:37:05.922	0.68983	0.68987			6
2026.04.03	15:37:07.730	0.68985	0.68988			6
2026.04.03	15:37:08.032	0.68987	0.68991			6
2026.04.03	15:37:08.932	0.68984	0.68988			6
2026.04.03	15:37:09.234	0.68983				2
2026.04.03	15:37:09.833	0.68984				2
2026.04.03	15:37:10.132	0.68983				2
2026.04.03	15:37:10.733	0.68987	0.68991			6
2026.04.03	15:37:11.633	0.68986	0.68990			6
2026.04.03	15:37:11.933	0.68984	0.68988			6
2026.04.03	15:37:12.235	0.68983	0.68987			6
2026.04.03	15:37:12.533	0.68986	0.68990			6
2026.04.03	15:37:14.337	0.68982	0.68986			6
2026.04.03	15:37:14.637	0.68981	0.68985			6
2026.04.03	15:37:15.240	0.68983	0.68987			6
2026.04.03	15:37:15.839	0.68985	0.68989			6
2026.04.03	15:37:16.440	0.68981	0.68985			6
2026.04.03	15:37:17.041	0.68980	0.68984			6
2026.04.03	15:37:17.340	0.68981	0.68985			6
2026.04.03	15:37:18.244	0.68980	0.68984			6
2026.04.03	15:37:18.544	0.68981	0.68985			6
2026.04.03	15:37:20.651	0.68982	0.68986			6
2026.04.03	15:37:20.949	0.68986	0.68989			6
2026.04.03	15:37:21.551	0.68987	0.68991			6
2026.04.03	15:37:22.156	0.68984	0.68988			6
2026.04.03	15:37:22.753	0.68981	0.68985			6
2026.04.03	15:37:25.759	0.68983	0.68987			6
2026.04.03	15:37:26.059	0.68981	0.68985			6
2026.04.03	15:37:26.360	0.68980	0.68984			6
2026.04.03	15:37:27.560	0.68979	0.68983			6
2026.04.03	15:37:29.066	0.68981	0.68984			6
2026.04.03	15:37:29.968	0.68982	0.68986			6
2026.04.03	15:37:32.076	0.68985	0.68989			6
2026.04.03	15:37:32.377	0.68984	0.68988			6
2026.04.03	15:37:32.677	0.68985	0.68989			6
2026.04.03	15:37:32.977	0.68986	0.68990			6
2026.04.03	15:37:33.276	0.68985	0.68989			6
2026.04.03	15:37:34.179	0.68986	0.68990			6
2026.04.03	15:37:35.381	0.68985	0.68989			6
2026.04.03	15:37:35.683	0.68984	0.68988			6
2026.04.03	15:37:35.983	0.68986	0.68990			6
2026.04.03	15:37:36.282	0.68985	0.68989			6
2026.04.03	15:37:37.783	0.68982	0.68986			6
2026.04.03	15:37:38.985	0.68981	0.68985			6
2026.04.03	15:37:42.590	0.68971	0.68975			6
2026.04.03	15:37:46.498	0.68968	0.68972			6
2026.04.03	15:37:49.803	0.68978	0.68982			6
2026.04.03	15:37:51.904	0.68977				2
2026.04.03	15:37:52.204		0.68981			4
2026.04.03	15:37:53.707	0.68973	0.68977			6
2026.04.03	15:37:55.210	0.68971	0.68975			6
2026.04.03	15:37:55.811	0.68976	0.68980			6
2026.04.03	15:37:56.112	0.68980	0.68984			6
2026.04.03	15:37:56.414	0.68979	0.68983			6
2026.04.03	15:37:56.714	0.68978	0.68982			6
2026.04.03	15:37:59.722	0.68976	0.68980			6
2026.04.03	15:38:00.022	0.68976				2
2026.04.03	15:38:01.223	0.68975	0.68979			6
2026.04.03	15:38:01.823	0.68973	0.68977			6
2026.04.03	15:38:02.722	0.68971	0.68975			6
2026.04.03	15:38:03.022	0.68972				2
2026.04.03	15:38:03.323	0.68975	0.68979			6
2026.04.03	15:38:03.923	0.68976	0.68980			6
2026.04.03	15:38:04.223	0.68975	0.68979			6
2026.04.03	15:38:04.523	0.68976	0.68980			6
2026.04.03	15:38:05.726	0.68975	0.68979			6
2026.04.03	15:38:07.831	0.68974	0.68978			6
2026.04.03	15:38:08.133	0.68973	0.68977			6
2026.04.03	15:38:08.433	0.68976	0.68980			6
2026.04.03	15:38:09.935	0.68977	0.68981			6
2026.04.03	15:38:10.536	0.68976	0.68980			6
2026.04.03	15:38:11.437	0.68975	0.68979			6
2026.04.03	15:38:11.737	0.68976	0.68980			6
2026.04.03	15:38:12.337	0.68978	0.68982			6
2026.04.03	15:38:14.140	0.68981	0.68985			6
2026.04.03	15:38:14.439	0.68982	0.68986			6
2026.04.03	15:38:14.740	0.68981	0.68985			6
2026.04.03	15:38:17.145	0.68980	0.68984			6
2026.04.03	15:38:18.044	0.68981	0.68985			6
2026.04.03	15:38:20.150	0.68979	0.68983			6
2026.04.03	15:38:20.452	0.68976	0.68980			6
2026.04.03	15:38:21.351	0.68975	0.68979			6
2026.04.03	15:38:22.256		0.68978			4
2026.04.03	15:38:22.558	0.68969	0.68973			6
2026.04.03	15:38:22.856	0.68971	0.68975			6
2026.04.03	15:38:23.154	0.68969	0.68973			6
2026.04.03	15:38:23.756	0.68968	0.68972			6
2026.04.03	15:38:25.858	0.68967				2
2026.04.03	15:38:26.162	0.68966				2
2026.04.03	15:38:26.461	0.68964	0.68968			6
2026.04.03	15:38:26.764	0.68965	0.68969			6
2026.04.03	15:38:27.061	0.68966	0.68970			6
2026.04.03	15:38:27.660	0.68965	0.68969			6
2026.04.03	15:38:28.261	0.68963	0.68968			6
2026.04.03	15:38:28.561		0.68967			4
2026.04.03	15:38:29.467	0.68962				2
2026.04.03	15:38:30.368	0.68965	0.68969			6
2026.04.03	15:38:30.674	0.68963	0.68967			6
2026.04.03	15:38:30.974	0.68966	0.68970			6
2026.04.03	15:38:33.977	0.68965	0.68969			6
2026.04.03	15:38:34.279		0.68970			4
2026.04.03	15:38:34.578		0.68969			4
2026.04.03	15:38:34.877		0.68970			4
2026.04.03	15:38:35.176		0.68969			4
2026.04.03	15:38:35.478		0.68970			4
2026.04.03	15:38:36.076	0.68963	0.68967			6
2026.04.03	15:38:37.578	0.68966	0.68970			6
2026.04.03	15:38:37.880	0.68963	0.68968			6
2026.04.03	15:38:38.478		0.68967			4
2026.04.03	15:38:39.979	0.68965	0.68969			6
2026.04.03	15:38:40.279	0.68966	0.68970			6
2026.04.03	15:38:40.880	0.68965	0.68969			6
2026.04.03	15:38:41.181	0.68967	0.68971			6
2026.04.03	15:38:41.481	0.68966	0.68970			6
2026.04.03	15:38:45.387	0.68976	0.68980			6
2026.04.03	15:38:46.588	0.68975	0.68979			6
2026.04.03	15:38:49.897	0.68976				2
2026.04.03	15:38:50.805	0.68975				2
2026.04.03	15:38:52.306	0.68976				2
2026.04.03	15:38:52.611		0.68980			4
2026.04.03	15:38:53.509	0.68977	0.68981			6
2026.04.03	15:38:53.811	0.68981	0.68985			6
2026.04.03	15:38:54.114	0.68980	0.68984			6
2026.04.03	15:38:55.017	0.68981	0.68985			6
2026.04.03	15:38:55.316	0.68980	0.68984			6
2026.04.03	15:38:55.614	0.68981	0.68985			6
2026.04.03	15:38:56.216	0.68980	0.68984			6
2026.04.03	15:38:56.516	0.68982	0.68986			6
2026.04.03	15:38:59.825	0.68980	0.68984			6
2026.04.03	15:39:00.128	0.68981	0.68985			6
2026.04.03	15:39:00.425	0.68980	0.68984			6
2026.04.03	15:39:00.730	0.68981	0.68985			6
2026.04.03	15:39:03.431	0.68982	0.68986			6
2026.04.03	15:39:06.737	0.68981	0.68985			6
2026.04.03	15:39:08.546	0.68982	0.68986			6
2026.04.03	15:39:12.452	0.68981	0.68985			6
2026.04.03	15:39:12.755	0.68982	0.68986			6
2026.04.03	15:39:13.354	0.68981	0.68985			6
2026.04.03	15:39:13.658	0.68984	0.68988			6
2026.04.03	15:39:15.159	0.68981	0.68985			6
2026.04.03	15:39:16.359		0.68984			4
2026.04.03	15:39:16.659		0.68985			4
2026.04.03	15:39:18.762	0.68982	0.68986			6
2026.04.03	15:39:19.364	0.68983	0.68987			6
2026.04.03	15:39:20.868	0.68985	0.68989			6
2026.04.03	15:39:21.169	0.68981	0.68985			6
2026.04.03	15:39:22.971	0.68982	0.68986			6
2026.04.03	15:39:23.568	0.68981	0.68985			6
2026.04.03	15:39:23.870		0.68984			4
2026.04.03	15:39:25.673	0.68980				2
2026.04.03	15:39:26.275	0.68979	0.68983			6
2026.04.03	15:39:34.091	0.68981	0.68985			6
2026.04.03	15:39:35.293	0.68986	0.68990			6
2026.04.03	15:39:36.497	0.68988	0.68992			6
2026.04.03	15:39:37.097	0.68989	0.68993			6
2026.04.03	15:39:37.396	0.68990	0.68994			6
2026.04.03	15:39:38.295	0.68992	0.68996			6
2026.04.03	15:39:42.206	0.68994	0.68998			6
2026.04.03	15:39:42.505	0.68997	0.69001			6
2026.04.03	15:39:43.405	0.68998	0.69002			6
2026.04.03	15:39:44.606	0.68999	0.69003			6
2026.04.03	15:39:47.013	0.69000	0.69004			6
2026.04.03	15:39:48.218	0.68999	0.69003			6
2026.04.03	15:39:50.021	0.69000	0.69004			6
2026.04.03	15:39:50.620	0.69001	0.69005			6
2026.04.03	15:39:50.920	0.69000	0.69004			6
2026.04.03	15:39:52.121	0.69005	0.69009			6
2026.04.03	15:39:52.421	0.69006				2
2026.04.03	15:39:53.327	0.69012	0.69016			6
2026.04.03	15:39:53.623	0.69014	0.69018			6
2026.04.03	15:39:55.123	0.69013	0.69017			6
2026.04.03	15:40:00.233	0.69013				2
2026.04.03	15:40:00.532	0.69014	0.69018			6
2026.04.03	15:40:02.035	0.69015	0.69019			6
2026.04.03	15:40:02.639	0.69019	0.69023			6
2026.04.03	15:40:09.251	0.69016	0.69019			6
2026.04.03	15:40:09.550	0.69012	0.69016			6
2026.04.03	15:40:09.847	0.69014	0.69018			6
2026.04.03	15:40:10.450	0.69013	0.69017			6
2026.04.03	15:40:11.953	0.69014	0.69018			6
2026.04.03	15:40:13.459	0.69013	0.69017			6
2026.04.03	15:40:14.962		0.69018			4
2026.04.03	15:40:15.262	0.69014				2
2026.04.03	15:40:19.168	0.69015	0.69019			6
2026.04.03	15:40:21.870	0.69017	0.69021			6
2026.04.03	15:40:27.880	0.69012	0.69016			6
2026.04.03	15:40:29.082	0.69017	0.69021			6
2026.04.03	15:40:39.901	0.69009	0.69013			6
2026.04.03	15:40:42.601		0.69014			4
2026.04.03	15:40:43.206	0.69010				2
2026.04.03	15:40:44.103	0.69011	0.69015			6
2026.04.03	15:40:45.008	0.69014	0.69019			6
2026.04.03	15:40:45.610	0.69016	0.69022			6
2026.04.03	15:40:45.909	0.69020	0.69024			6
2026.04.03	15:40:49.211	0.69025	0.69029			6
2026.04.03	15:40:50.412	0.69026	0.69030			6
2026.04.03	15:40:51.015	0.69025	0.69029			6
2026.04.03	15:40:54.623	0.69027	0.69031			6
2026.04.03	15:40:57.628	0.69024	0.69029			6
2026.04.03	15:41:00.035	0.69024				2
2026.04.03	15:41:00.937	0.69025				2
2026.04.03	15:41:02.438	0.69026	0.69030			6
2026.04.03	15:41:05.144	0.69028	0.69033			6
2026.04.03	15:41:05.439	0.69031	0.69035			6
2026.04.03	15:41:06.644	0.69036	0.69040			6
2026.04.03	15:41:08.749	0.69035	0.69038			6
2026.04.03	15:41:09.048	0.69031	0.69035			6
2026.04.03	15:41:09.348	0.69030	0.69034			6
2026.04.03	15:41:13.860	0.69033	0.69037			6
2026.04.03	15:41:14.159	0.69032	0.69036			6
2026.04.03	15:41:15.060	0.69034	0.69038			6
2026.04.03	15:41:15.361		0.69039			4
2026.04.03	15:41:17.461		0.69040			4
2026.04.03	15:41:17.761		0.69039			4
2026.04.03	15:41:21.373	0.69040	0.69044			6
2026.04.03	15:41:23.483	0.69037	0.69041			6
2026.04.03	15:41:23.785	0.69035	0.69039			6
2026.04.03	15:41:24.984	0.69033				2
2026.04.03	15:41:26.490	0.69022	0.69026			6
2026.04.03	15:41:27.688	0.69021	0.69025			6
2026.04.03	15:41:30.399	0.69020	0.69024			6
2026.04.03	15:41:36.107	0.69026	0.69030			6
2026.04.03	15:41:38.212	0.69028	0.69034			6
2026.04.03	15:41:40.917	0.69029	0.69033			6
2026.04.03	15:41:42.117		0.69034			4
2026.04.03	15:41:42.419		0.69033			4
2026.04.03	15:41:44.821	0.69026	0.69030			6
2026.04.03	15:41:48.725	0.69027	0.69031			6
2026.04.03	15:41:49.625	0.69028	0.69033			6
2026.04.03	15:41:49.926	0.69029				2
2026.04.03	15:41:50.225	0.69031	0.69035			6
2026.04.03	15:41:51.727	0.69030	0.69034			6
2026.04.03	15:41:53.233	0.69033	0.69037			6
2026.04.03	15:41:53.534	0.69032	0.69036			6
2026.04.03	15:41:53.833		0.69037			4
2026.04.03	15:41:54.135	0.69033	0.69038			6
2026.04.03	15:41:54.433		0.69037			4
2026.04.03	15:41:54.733		0.69038			4
2026.04.03	15:41:57.137	0.69034	0.69039			6
2026.04.03	15:41:57.738	0.69039	0.69044			6
2026.04.03	15:41:58.635		0.69043			4
2026.04.03	15:41:59.236		0.69044			4
2026.04.03	15:41:59.538	0.69043	0.69047			6
2026.04.03	15:42:00.140	0.69043				2
2026.04.03	15:42:00.738	0.69042	0.69046			6
2026.04.03	15:42:01.039	0.69041	0.69045			6
2026.04.03	15:42:01.339	0.69034	0.69039			6
2026.04.03	15:42:01.638	0.69036	0.69040			6
2026.04.03	15:42:02.540	0.69035	0.69039			6
2026.04.03	15:42:07.956	0.69031	0.69035			6
2026.04.03	15:42:08.856	0.69033	0.69037			6
2026.04.03	15:42:09.156	0.69034	0.69038			6
2026.04.03	15:42:10.659	0.69035	0.69039			6
2026.04.03	15:42:12.461	0.69039	0.69043			6
2026.04.03	15:42:14.262	0.69037	0.69041			6
2026.04.03	15:42:15.166	0.69038	0.69042			6
2026.04.03	15:42:16.365	0.69037	0.69041			6
2026.04.03	15:42:16.666	0.69038	0.69042			6
2026.04.03	15:42:18.772	0.69039	0.69043			6
2026.04.03	15:42:20.874		0.69042			4
2026.04.03	15:42:21.173	0.69038				2
2026.04.03	15:42:21.776	0.69037	0.69041			6
2026.04.03	15:42:22.077	0.69036				2
2026.04.03	15:42:22.377	0.69034	0.69038			6
2026.04.03	15:42:22.679	0.69030	0.69034			6
2026.04.03	15:42:22.976	0.69028				2
2026.04.03	15:42:23.578	0.69033	0.69038			6
2026.04.03	15:42:26.890	0.69034	0.69039			6
2026.04.03	15:42:27.187	0.69033				2
2026.04.03	15:42:29.589	0.69034	0.69040			6
2026.04.03	15:42:29.890		0.69039			4
2026.04.03	15:42:31.397	0.69033				2
2026.04.03	15:42:33.800	0.69036	0.69040			6
2026.04.03	15:42:35.608	0.69041	0.69045			6
2026.04.03	15:42:35.909	0.69039	0.69043			6
2026.04.03	15:42:36.806	0.69036	0.69041			6
2026.04.03	15:42:37.111	0.69039	0.69043			6
2026.04.03	15:42:38.313	0.69038				2
2026.04.03	15:42:40.112	0.69039				2
2026.04.03	15:42:41.012	0.69038				2
2026.04.03	15:42:46.419	0.69034	0.69039			6
2026.04.03	15:42:48.225	0.69038	0.69043			6
2026.04.03	15:42:48.526		0.69042			4
2026.04.03	15:42:49.726		0.69043			4
2026.04.03	15:42:50.927	0.69037	0.69041			6
2026.04.03	15:42:51.530	0.69038	0.69042			6
2026.04.03	15:42:54.837	0.69037	0.69041			6
2026.04.03	15:42:58.447	0.69036	0.69040			6
2026.04.03	15:43:00.255	0.69036				2
2026.04.03	15:43:10.776	0.69037	0.69041			6
2026.04.03	15:43:11.380	0.69028	0.69031			6
2026.04.03	15:43:11.680	0.69025	0.69030			6
2026.04.03	15:43:11.981		0.69029			4
2026.04.03	15:43:13.780	0.69023	0.69027			6
2026.04.03	15:43:14.082	0.69024	0.69029			6
2026.04.03	15:43:14.382	0.69025				2
2026.04.03	15:43:16.182	0.69029	0.69033			6
2026.04.03	15:43:16.481	0.69030	0.69034			6
2026.04.03	15:43:19.187	0.69036	0.69040			6
2026.04.03	15:43:21.287	0.69035	0.69038			6
2026.04.03	15:43:21.888	0.69034				2
2026.04.03	15:43:24.600	0.69033	0.69037			6
2026.04.03	15:43:25.802	0.69032	0.69036			6
2026.04.03	15:43:34.517	0.69027	0.69031			6
2026.04.03	15:43:34.819	0.69025	0.69030			6
2026.04.03	15:43:35.117	0.69027	0.69031			6
2026.04.03	15:43:41.727	0.69028	0.69032			6
2026.04.03	15:43:42.029	0.69033	0.69037			6
2026.04.03	15:43:42.627		0.69038			4
2026.04.03	15:43:43.533	0.69035	0.69039			6
2026.04.03	15:43:44.432	0.69034	0.69038			6
2026.04.03	15:43:45.034	0.69022	0.69026			6
2026.04.03	15:43:45.333	0.69024	0.69028			6
2026.04.03	15:43:53.154	0.69025	0.69030			6
2026.04.03	15:43:53.454	0.69024	0.69029			6
2026.04.03	15:43:54.358	0.69025	0.69030			6
2026.04.03	15:43:54.658		0.69029			4
2026.04.03	15:43:55.263	0.69029	0.69033			6
2026.04.03	15:43:55.562		0.69034			4
2026.04.03	15:43:57.672		0.69035			4
2026.04.03	15:43:58.276		0.69033			4
2026.04.03	15:43:58.576	0.69027				2
2026.04.03	15:43:58.875	0.69029	0.69034			6
2026.04.03	15:43:59.177	0.69027	0.69031			6
2026.04.03	15:43:59.778	0.69025	0.69029			6
2026.04.03	15:44:00.077	0.69026	0.69030			6
2026.04.03	15:44:03.979	0.69029	0.69034			6
2026.04.03	15:44:06.385	0.69030				2
2026.04.03	15:44:11.491	0.69029	0.69033			6
2026.04.03	15:44:15.399	0.69028				2
2026.04.03	15:44:15.699	0.69030	0.69034			6
2026.04.03	15:44:16.300	0.69031	0.69035			6
2026.04.03	15:44:24.114	0.69033	0.69037			6
2026.04.03	15:44:24.411	0.69035	0.69039			6
2026.04.03	15:44:25.012	0.69039	0.69043			6
2026.04.03	15:44:25.317	0.69038	0.69042			6
2026.04.03	15:44:25.612	0.69037	0.69041			6
2026.04.03	15:44:25.915	0.69038	0.69042			6
2026.04.03	15:44:26.213	0.69037	0.69041			6
2026.04.03	15:44:26.515	0.69038	0.69042			6
2026.04.03	15:44:26.815	0.69037	0.69041			6
2026.04.03	15:44:27.118	0.69040	0.69044			6
2026.04.03	15:44:27.716	0.69042	0.69046			6
2026.04.03	15:44:28.015	0.69041	0.69045			6
2026.04.03	15:44:32.526	0.69038	0.69042			6
2026.04.03	15:44:33.729	0.69035	0.69039			6
2026.04.03	15:44:34.326	0.69033	0.69036			6
2026.04.03	15:44:34.925	0.69034	0.69038			6
2026.04.03	15:44:35.226	0.69033	0.69037			6
2026.04.03	15:44:35.824	0.69035	0.69039			6
2026.04.03	15:44:36.425	0.69038	0.69042			6
2026.04.03	15:44:36.728	0.69040	0.69044			6
2026.04.03	15:44:38.830	0.69039	0.69043			6
2026.04.03	15:44:39.129	0.69038	0.69042			6
2026.04.03	15:44:39.430	0.69041	0.69045			6
2026.04.03	15:44:40.331	0.69038	0.69042			6
2026.04.03	15:44:41.234	0.69042	0.69046			6
2026.04.03	15:44:43.038	0.69043	0.69047			6
2026.04.03	15:44:44.542	0.69042	0.69046			6
2026.04.03	15:44:47.548	0.69043	0.69047			6
2026.04.03	15:44:47.851	0.69042	0.69046			6
2026.04.03	15:44:56.263	0.69043	0.69047			6
2026.04.03	15:44:56.564		0.69046			4
2026.04.03	15:44:57.467	0.69042				2
2026.04.03	15:44:57.767	0.69038	0.69041			6
2026.04.03	15:44:58.067		0.69042			4
2026.04.03	15:45:00.168	0.69038				2
2026.04.03	15:45:01.670	0.69039	0.69043			6
2026.04.03	15:45:01.971	0.69040	0.69044			6
2026.04.03	15:45:05.882	0.69035	0.69039			6
2026.04.03	15:45:10.689	0.69033	0.69036			6
2026.04.03	15:45:11.288		0.69037			4
2026.04.03	15:45:14.898	0.69034	0.69038			6
2026.04.03	15:45:19.103	0.69036	0.69040			6
2026.04.03	15:45:19.406	0.69037	0.69041			6
2026.04.03	15:45:19.703		0.69040			4
2026.04.03	15:45:20.004	0.69036				2
2026.04.03	15:45:21.505		0.69041			4
2026.04.03	15:45:23.006	0.69037				2
2026.04.03	15:45:24.812		0.69040			4
2026.04.03	15:45:25.415		0.69041			4
2026.04.03	15:45:26.918	0.69036	0.69040			6
2026.04.03	15:45:28.120	0.69037	0.69041			6
2026.04.03	15:45:31.425	0.69036	0.69040			6
2026.04.03	15:45:32.326	0.69038	0.69042			6
2026.04.03	15:45:32.925	0.69037	0.69041			6
2026.04.03	15:45:33.526	0.69039	0.69043			6
2026.04.03	15:45:33.826	0.69040	0.69044			6
2026.04.03	15:45:34.730	0.69038	0.69042			6
2026.04.03	15:45:35.027		0.69041			4
2026.04.03	15:45:35.330	0.69033	0.69037			6
2026.04.03	15:45:35.630	0.69032	0.69036			6
2026.04.03	15:45:40.435	0.69033	0.69037			6
2026.04.03	15:45:40.736	0.69034	0.69039			6
2026.04.03	15:45:41.037		0.69038			4
2026.04.03	15:45:42.240	0.69033	0.69037			6
2026.04.03	15:45:43.744	0.69031	0.69035			6
2026.04.03	15:45:44.047	0.69032	0.69036			6
2026.04.03	15:45:44.345	0.69031	0.69035			6
2026.04.03	15:45:47.351	0.69027	0.69031			6
2026.04.03	15:45:47.651	0.69028	0.69033			6
2026.04.03	15:45:49.456		0.69032			4
2026.04.03	15:45:49.757		0.69033			4
2026.04.03	15:45:51.258	0.69027	0.69031			6
2026.04.03	15:45:51.857	0.69028	0.69032			6
2026.04.03	15:45:52.159		0.69033			4
2026.04.03	15:45:55.173	0.69031	0.69035			6
2026.04.03	15:45:57.580	0.69032	0.69036			6
2026.04.03	15:45:57.881		0.69037			4
2026.04.03	15:45:59.082		0.69036			4
2026.04.03	15:46:00.290	0.69032				2
2026.04.03	15:46:02.698	0.69034	0.69038			6
2026.04.03	15:46:03.301	0.69037	0.69041			6
2026.04.03	15:46:05.100	0.69036	0.69040			6
2026.04.03	15:46:05.402	0.69039	0.69043			6
2026.04.03	15:46:06.903	0.69038	0.69042			6
2026.04.03	15:46:07.203	0.69039	0.69043			6
2026.04.03	15:46:09.308	0.69040	0.69044			6
2026.04.03	15:46:09.610	0.69038	0.69042			6
2026.04.03	15:46:09.908	0.69037	0.69041			6
2026.04.03	15:46:10.212	0.69038	0.69042			6
2026.04.03	15:46:10.514	0.69037	0.69041			6
2026.04.03	15:46:13.214	0.69036	0.69040			6
2026.04.03	15:46:14.116	0.69037	0.69041			6
2026.04.03	15:46:15.323	0.69033	0.69037			6
2026.04.03	15:46:15.622	0.69034	0.69038			6
2026.04.03	15:46:17.430	0.69035	0.69039			6
2026.04.03	15:46:19.234	0.69033	0.69037			6
2026.04.03	15:46:19.533	0.69034	0.69038			6
2026.04.03	15:46:24.054	0.69035	0.69039			6
2026.04.03	15:46:28.260	0.69040	0.69044			6
2026.04.03	15:46:29.766	0.69043	0.69047			6
2026.04.03	15:46:30.069	0.69045	0.69049			6
2026.04.03	15:46:31.566	0.69046	0.69050			6
2026.04.03	15:46:35.773	0.69045	0.69049			6
2026.04.03	15:46:39.086	0.69043	0.69048			6
2026.04.03	15:46:39.388		0.69047			4
2026.04.03	15:46:39.986		0.69048			4
2026.04.03	15:46:43.295	0.69042	0.69046			6
2026.04.03	15:46:51.710	0.69041	0.69045			6
2026.04.03	15:47:00.126	0.69042	0.69046			6
2026.04.03	15:47:00.424		0.69045			4
2026.04.03	15:47:01.322	0.69041				2
2026.04.03	15:47:03.430	0.69036	0.69040			6
2026.04.03	15:47:04.630	0.69034	0.69038			6
2026.04.03	15:47:04.931	0.69035	0.69039			6
2026.04.03	15:47:05.229	0.69034	0.69038			6
2026.04.03	15:47:06.430	0.69035	0.69039			6
2026.04.03	15:47:11.238	0.69036	0.69040			6
2026.04.03	15:47:13.941	0.69035	0.69038			6
2026.04.03	15:47:14.240	0.69037	0.69041			6
2026.04.03	15:47:14.541	0.69039	0.69043			6
2026.04.03	15:47:14.840	0.69038	0.69042			6
2026.04.03	15:47:18.746	0.69036	0.69040			6
2026.04.03	15:47:21.754	0.69035	0.69039			6
2026.04.03	15:47:28.376	0.69033	0.69036			6
2026.04.03	15:47:28.677		0.69037			4
2026.04.03	15:47:39.805	0.69037	0.69041			6
2026.04.03	15:47:42.206	0.69039	0.69043			6
2026.04.03	15:47:44.308	0.69040	0.69044			6
2026.04.03	15:47:53.638	0.69038	0.69042			6
2026.04.03	15:47:54.538	0.69039	0.69043			6
2026.04.03	15:47:55.141	0.69044	0.69048			6
2026.04.03	15:47:56.039	0.69045	0.69049			6
2026.04.03	15:47:56.940	0.69046	0.69050			6
2026.04.03	15:48:00.250	0.69046				2
2026.04.03	15:48:07.779	0.69048	0.69052			6
2026.04.03	15:48:08.079	0.69051	0.69055			6
2026.04.03	15:48:10.181	0.69050	0.69054			6
2026.04.03	15:48:10.481	0.69048	0.69051			6
2026.04.03	15:48:10.786	0.69049	0.69053			6
2026.04.03	15:48:13.183	0.69048	0.69052			6
2026.04.03	15:48:13.484		0.69051			4
2026.04.03	15:48:14.985	0.69047				2
2026.04.03	15:48:23.405	0.69045	0.69049			6
2026.04.03	15:48:25.507	0.69042	0.69046			6
2026.04.03	15:48:36.031	0.69043	0.69047			6
2026.04.03	15:48:36.334	0.69042	0.69046			6
2026.04.03	15:48:38.733	0.69043	0.69047			6
2026.04.03	15:48:39.035		0.69049			4
2026.04.03	15:48:39.336	0.69045				2
2026.04.03	15:48:42.945	0.69042	0.69046			6
2026.04.03	15:48:43.548	0.69043	0.69048			6
2026.04.03	15:48:43.851	0.69045	0.69049			6
2026.04.03	15:48:48.052	0.69042	0.69046			6
2026.04.03	15:48:59.780	0.69041	0.69045			6
2026.04.03	15:49:00.081	0.69042	0.69046			6
2026.04.03	15:49:00.684	0.69041	0.69045			6
2026.04.03	15:49:08.196	0.69042	0.69046			6
2026.04.03	15:49:08.497		0.69045			4
2026.04.03	15:49:08.799	0.69041				2
2026.04.03	15:49:09.099	0.69042	0.69046			6
2026.04.03	15:49:09.699	0.69041	0.69045			6
2026.04.03	15:49:10.304	0.69037	0.69040			6
2026.04.03	15:49:10.606	0.69038	0.69042			6
2026.04.03	15:49:20.217	0.69037	0.69041			6
2026.04.03	15:49:22.920	0.69036	0.69040			6
2026.04.03	15:49:25.924	0.69037	0.69041			6
2026.04.03	15:49:26.226	0.69038	0.69042			6
2026.04.03	15:49:28.329	0.69037	0.69041			6
2026.04.03	15:49:29.830	0.69036	0.69040			6
2026.04.03	15:49:31.032	0.69037	0.69041			6
2026.04.03	15:49:34.037	0.69036	0.69040			6
2026.04.03	15:49:36.743	0.69032	0.69036			6
2026.04.03	15:49:37.343	0.69033	0.69037			6
2026.04.03	15:49:37.644	0.69032	0.69036			6
2026.04.03	15:49:38.846		0.69035			4
2026.04.03	15:49:39.147		0.69036			4
2026.04.03	15:49:42.751	0.69033	0.69037			6
2026.04.03	15:49:43.053		0.69036			4
2026.04.03	15:49:46.957	0.69032				2
2026.04.03	15:49:47.256	0.69028	0.69032			6
2026.04.03	15:49:48.458	0.69027	0.69030			6
2026.04.03	15:49:48.755		0.69031			4
2026.04.03	15:49:54.164	0.69026	0.69030			6
2026.04.03	15:49:54.464	0.69025	0.69029			6
2026.04.03	15:49:56.271	0.69027	0.69031			6
2026.04.03	15:49:56.571	0.69026	0.69030			6
2026.04.03	15:49:59.876	0.69023	0.69027			6
2026.04.03	15:50:00.179	0.69023	0.69026			6
2026.04.03	15:50:00.481		0.69027			4
2026.04.03	15:50:01.078		0.69025			4
2026.04.03	15:50:01.379	0.69021				2
2026.04.03	15:50:04.081	0.69020	0.69024			6
2026.04.03	15:50:06.789	0.69019	0.69023			6
2026.04.03	15:50:07.399	0.69018	0.69022			6
2026.04.03	15:50:07.700	0.69017	0.69021			6
2026.04.03	15:50:08.299	0.69015	0.69020			6
2026.04.03	15:50:08.600		0.69019			4
2026.04.03	15:50:11.605	0.69011	0.69013			6
2026.04.03	15:50:11.904	0.69010	0.69014			6
2026.04.03	15:50:14.911		0.69012			4
2026.04.03	15:50:15.208	0.69005	0.69008			6
2026.04.03	15:50:15.808	0.69006	0.69010			6
2026.04.03	15:50:16.710	0.69001	0.69005			6
2026.04.03	15:50:17.009	0.69000	0.69004			6
2026.04.03	15:50:19.115	0.69002	0.69006			6
2026.04.03	15:50:20.316	0.69003	0.69007			6
2026.04.03	15:50:20.617	0.69002	0.69006			6
2026.04.03	15:50:22.119	0.69001	0.69005			6
2026.04.03	15:50:22.418	0.69002	0.69006			6
2026.04.03	15:50:23.319	0.69003	0.69007			6
2026.04.03	15:50:24.519	0.69001	0.69005			6
2026.04.03	15:50:25.422	0.69002	0.69006			6
2026.04.03	15:50:30.528	0.69001	0.69004			6
2026.04.03	15:50:30.826	0.69000				2
2026.04.03	15:50:34.138		0.69003			4
2026.04.03	15:50:36.841	0.68999				2
2026.04.03	15:50:38.050	0.69000	0.69004			6
2026.04.03	15:50:42.259	0.68999	0.69002			6
2026.04.03	15:50:44.360	0.69000	0.69004			6
2026.04.03	15:50:45.562	0.69002	0.69006			6
2026.04.03	15:50:47.670	0.69003	0.69007			6
2026.04.03	15:50:47.971		0.69006			4
2026.04.03	15:50:49.172		0.69007			4
2026.04.03	15:50:49.473	0.69004	0.69008			6
2026.04.03	15:50:49.776	0.69005	0.69009			6
2026.04.03	15:50:50.077	0.69008	0.69014			6
2026.04.03	15:50:50.377		0.69012			4
2026.04.03	15:50:50.676	0.69010	0.69014			6
2026.04.03	15:50:52.177		0.69015			4
2026.04.03	15:50:54.579		0.69014			4
2026.04.03	15:51:00.292	0.69010				2
2026.04.03	15:51:00.896	0.69012	0.69017			6
2026.04.03	15:51:01.195	0.69013				2
2026.04.03	15:51:02.094	0.69005	0.69009			6
2026.04.03	15:51:02.696	0.69006	0.69010			6
2026.04.03	15:51:05.399		0.69011			4
2026.04.03	15:51:05.699	0.69008	0.69012			6
2026.04.03	15:51:05.998	0.69007	0.69011			6
2026.04.03	15:51:06.902	0.69006	0.69010			6
2026.04.03	15:51:12.607	0.69005	0.69009			6
2026.04.03	15:51:15.615	0.69004	0.69008			6
2026.04.03	15:51:17.112		0.69007			4
2026.04.03	15:51:17.412	0.69003	0.69006			6
2026.04.03	15:51:18.013	0.69004	0.69008			6
2026.04.03	15:51:19.215	0.69005	0.69009			6
2026.04.03	15:51:19.816	0.69004	0.69008			6
2026.04.03	15:51:20.117	0.69005	0.69009			6
2026.04.03	15:51:20.422	0.69009	0.69013			6
2026.04.03	15:51:20.722	0.69010	0.69014			6
2026.04.03	15:51:21.620	0.69012	0.69016			6
2026.04.03	15:51:24.625	0.69016	0.69020			6
2026.04.03	15:51:24.923	0.69015	0.69019			6
2026.04.03	15:51:28.832	0.69011	0.69015			6
2026.04.03	15:51:37.850	0.69012	0.69016			6
2026.04.03	15:51:42.962	0.69009	0.69013			6
2026.04.03	15:51:43.263	0.69008	0.69011			6
2026.04.03	15:51:43.561	0.69007				2
2026.04.03	15:51:44.165	0.69009	0.69013			6
2026.04.03	15:51:47.170	0.69010	0.69014			6
2026.04.03	15:51:47.470	0.69015	0.69019			6
2026.04.03	15:51:47.771	0.69011	0.69015			6
2026.04.03	15:51:48.074	0.69013	0.69017			6
2026.04.03	15:51:49.577	0.69014	0.69018			6
2026.04.03	15:51:49.876	0.69015	0.69019			6
2026.04.03	15:51:55.587	0.69016	0.69020			6
2026.04.03	15:52:00.101	0.69016				2
2026.04.03	15:52:00.403	0.69018	0.69022			6
2026.04.03	15:52:00.700	0.69017	0.69021			6
2026.04.03	15:52:01.303	0.69018	0.69022			6
2026.04.03	15:52:02.204	0.69019	0.69023			6
2026.04.03	15:52:02.504	0.69021	0.69025			6
2026.04.03	15:52:03.102	0.69018	0.69022			6
2026.04.03	15:52:03.402	0.69020	0.69024			6
2026.04.03	15:52:04.904	0.69018	0.69022			6
2026.04.03	15:52:05.506	0.69017	0.69021			6
2026.04.03	15:52:06.407	0.69016	0.69020			6
2026.04.03	15:52:13.919	0.69015	0.69019			6
2026.04.03	15:52:15.722	0.69014	0.69018			6
2026.04.03	15:52:16.322	0.69013	0.69017			6
2026.04.03	15:52:18.423		0.69016			4
2026.04.03	15:52:19.330	0.69011	0.69015			6
2026.04.03	15:52:31.048		0.69014			4
2026.04.03	15:52:32.852	0.69013	0.69017			6
2026.04.03	15:52:34.351	0.69014	0.69018			6
2026.04.03	15:52:35.255	0.69013	0.69016			6
2026.04.03	15:52:36.756	0.69015	0.69019			6
2026.04.03	15:52:38.259	0.69016	0.69020			6
2026.04.03	15:52:49.385	0.69015	0.69019			6
2026.04.03	15:52:50.888	0.69018	0.69022			6
2026.04.03	15:52:55.397	0.69021	0.69025			6
2026.04.03	15:52:58.705	0.69017	0.69021			6
2026.04.03	15:53:00.209	0.69022	0.69026			6
2026.04.03	15:53:00.508	0.69021	0.69025			6
2026.04.03	15:53:00.809	0.69022	0.69026			6
2026.04.03	15:53:01.410	0.69021	0.69025			6
2026.04.03	15:53:05.315	0.69022	0.69026			6
2026.04.03	15:53:17.333	0.69018	0.69022			6
2026.04.03	15:53:17.634		0.69021			4
2026.04.03	15:53:20.040		0.69022			4
2026.04.03	15:53:20.944		0.69021			4
2026.04.03	15:53:21.545		0.69022			4
2026.04.03	15:53:23.646		0.69021			4
2026.04.03	15:53:23.948		0.69022			4
2026.04.03	15:53:24.547	0.69021	0.69025			6
2026.04.03	15:53:24.848	0.69020	0.69023			6
2026.04.03	15:53:25.148		0.69024			4
2026.04.03	15:53:25.448	0.69019	0.69023			6
2026.04.03	15:53:27.550		0.69022			4
2026.04.03	15:53:27.850		0.69023			4
2026.04.03	15:53:28.154	0.69020	0.69024			6
2026.04.03	15:53:30.256		0.69022			4
2026.04.03	15:53:30.559		0.69024			4
2026.04.03	15:53:32.062	0.69018	0.69022			6
2026.04.03	15:53:47.411	0.69015	0.69019			6
2026.04.03	15:53:48.916	0.69016	0.69020			6
2026.04.03	15:53:50.719	0.69017	0.69021			6
2026.04.03	15:53:51.018	0.69016	0.69020			6
2026.04.03	15:53:58.232		0.69019			4
2026.04.03	15:53:58.534	0.69018	0.69022			6
2026.04.03	15:54:00.038	0.69018				2
2026.04.03	15:54:00.342		0.69021			4
2026.04.03	15:54:00.638		0.69022			4
2026.04.03	15:54:01.241		0.69021			4
2026.04.03	15:54:01.542		0.69022			4
2026.04.03	15:54:06.062	0.69016	0.69020			6
2026.04.03	15:54:09.977	0.69015	0.69019			6
2026.04.03	15:54:10.280	0.69016	0.69020			6
2026.04.03	15:54:20.495	0.69018	0.69022			6
2026.04.03	15:54:21.096	0.69017	0.69021			6
2026.04.03	15:54:21.698	0.69018	0.69022			6
2026.04.03	15:54:24.403	0.69019	0.69023			6
2026.04.03	15:54:24.704	0.69018	0.69022			6
2026.04.03	15:54:31.918	0.69017	0.69020			6
2026.04.03	15:54:32.220	0.69012	0.69015			6
2026.04.03	15:54:32.820	0.69011				2
2026.04.03	15:54:34.922	0.69010	0.69014			6
2026.04.03	15:54:37.327	0.69011	0.69015			6
2026.04.03	15:54:38.226	0.69009	0.69014			6
2026.04.03	15:54:41.233		0.69013			4
2026.04.03	15:54:52.661	0.69010	0.69014			6
2026.04.03	15:54:57.777	0.69011	0.69015			6
2026.04.03	15:54:58.976	0.69010	0.69014			6
2026.04.03	15:55:00.178	0.69010				2
2026.04.03	15:55:05.598	0.69005	0.69009			6
2026.04.03	15:55:08.607	0.68999	0.69003			6
2026.04.03	15:55:20.937		0.69004			4
2026.04.03	15:55:29.064	0.69004	0.69008			6
2026.04.03	15:55:33.577	0.69003				2
2026.04.03	15:55:35.377	0.69004	0.69009			6
2026.04.03	15:55:36.579		0.69008			4
2026.04.03	15:55:38.983	0.69003	0.69007			6
2026.04.03	15:55:39.281	0.69002	0.69006			6
2026.04.03	15:55:39.881	0.69001	0.69005			6
2026.04.03	15:55:40.784	0.69002	0.69006			6
2026.04.03	15:55:41.384	0.69003	0.69007			6
2026.04.03	15:55:41.687	0.69002	0.69006			6
2026.04.03	15:55:41.985	0.69003	0.69007			6
2026.04.03	15:55:42.586	0.69002	0.69006			6
2026.04.03	15:55:44.087	0.69001	0.69005			6
2026.04.03	15:55:47.996	0.69002	0.69006			6
2026.04.03	15:55:51.302	0.69001				2
2026.04.03	15:55:52.204	0.69005	0.69009			6
2026.04.03	15:55:58.214	0.69004				2
2026.04.03	15:55:58.815		0.69008			4
2026.04.03	15:56:00.018	0.69004				2
2026.04.03	15:56:01.819	0.69003				2
2026.04.03	15:56:02.418		0.69007			4
2026.04.03	15:56:04.828	0.69004	0.69008			6
2026.04.03	15:56:06.635	0.69000	0.69004			6
2026.04.03	15:56:06.936	0.68999	0.69003			6
2026.04.03	15:56:09.351	0.69001	0.69005			6
2026.04.03	15:56:11.752	0.69000	0.69004			6
2026.04.03	15:56:12.055	0.68999				2
2026.04.03	15:56:12.652	0.69000				2
2026.04.03	15:56:13.857	0.68999	0.69003			6
2026.04.03	15:56:14.155	0.69000	0.69004			6
2026.04.03	15:56:15.358	0.69001	0.69005			6
2026.04.03	15:56:17.760	0.69000	0.69004			6
2026.04.03	15:56:18.064	0.68999	0.69003			6
2026.04.03	15:56:18.666	0.69001	0.69005			6
2026.04.03	15:56:18.966	0.69000	0.69004			6
2026.04.03	15:56:19.266	0.69001	0.69005			6
2026.04.03	15:56:20.472	0.69002	0.69006			6
2026.04.03	15:56:21.076	0.69004	0.69008			6
2026.04.03	15:56:21.677	0.69003	0.69007			6
2026.04.03	15:56:22.277	0.69002	0.69006			6
2026.04.03	15:56:24.680	0.69003	0.69007			6
2026.04.03	15:56:26.181	0.69006	0.69010			6
2026.04.03	15:56:30.694	0.69008	0.69012			6
2026.04.03	15:56:33.102	0.69009	0.69013			6
2026.04.03	15:56:41.513	0.69008	0.69012			6
2026.04.03	15:56:42.115	0.69011	0.69015			6
2026.04.03	15:56:42.416	0.69013	0.69017			6
2026.04.03	15:56:44.820	0.69016	0.69020			6
2026.04.03	15:56:45.118	0.69017	0.69021			6
2026.04.03	15:56:45.423	0.69018	0.69022			6
2026.04.03	15:56:45.720	0.69017	0.69021			6
2026.04.03	15:56:46.020	0.69018	0.69022			6
2026.04.03	15:56:47.525	0.69016	0.69020			6
2026.04.03	15:56:47.824	0.69018	0.69022			6
2026.04.03	15:56:50.228	0.69016	0.69020			6
2026.04.03	15:56:50.533	0.69017	0.69021			6
2026.04.03	15:56:51.431	0.69016	0.69020			6
2026.04.03	15:56:51.733	0.69017	0.69021			6
2026.04.03	15:56:52.031	0.69014	0.69018			6
2026.04.03	15:56:59.552	0.69017	0.69021			6
2026.04.03	15:56:59.853	0.69016	0.69020			6
2026.04.03	15:57:00.157	0.69016				2
2026.04.03	15:57:00.754	0.69014	0.69018			6
2026.04.03	15:57:01.958	0.69013	0.69017			6
2026.04.03	15:57:02.560	0.69011	0.69015			6
2026.04.03	15:57:02.855	0.69012	0.69016			6
2026.04.03	15:57:06.462	0.69011	0.69015			6
2026.04.03	15:57:06.761	0.69012	0.69016			6
2026.04.03	15:57:07.360	0.69014	0.69018			6
2026.04.03	15:57:07.661	0.69016	0.69020			6
2026.04.03	15:57:08.563	0.69014	0.69019			6
2026.04.03	15:57:10.969		0.69018			4
2026.04.03	15:57:15.178	0.69012	0.69016			6
2026.04.03	15:57:15.483	0.69011	0.69015			6
2026.04.03	15:57:17.285	0.69009	0.69013			6
2026.04.03	15:57:21.792	0.69012	0.69016			6
2026.04.03	15:57:23.896	0.69011	0.69015			6
2026.04.03	15:57:26.603	0.69009	0.69013			6
2026.04.03	15:57:28.409	0.69011	0.69015			6
2026.04.03	15:57:29.616	0.69013	0.69017			6
2026.04.03	15:57:30.822	0.69012	0.69016			6
2026.04.03	15:57:32.629	0.69011	0.69015			6
2026.04.03	15:57:37.735	0.69012	0.69016			6
2026.04.03	15:57:42.846	0.69011	0.69015			6
2026.04.03	15:57:44.646	0.69009	0.69013			6
2026.04.03	15:57:47.958	0.69008	0.69012			6
2026.04.03	15:58:00.300	0.69008				2
2026.04.03	15:58:01.201	0.69009	0.69013			6
2026.04.03	15:58:02.100	0.69012	0.69016			6
2026.04.03	15:58:03.003	0.69015	0.69018			6
2026.04.03	15:58:03.304	0.69014				2
2026.04.03	15:58:05.107	0.69018	0.69022			6
2026.04.03	15:58:05.709	0.69016	0.69020			6
2026.04.03	15:58:06.011	0.69015	0.69019			6
2026.04.03	15:58:09.012	0.69014	0.69018			6
2026.04.03	15:58:09.312	0.69012	0.69016			6
2026.04.03	15:58:09.615	0.69013	0.69017			6
2026.04.03	15:58:16.222	0.69014	0.69018			6
2026.04.03	15:58:18.624	0.69013	0.69017			6
2026.04.03	15:58:20.127	0.69012	0.69016			6
2026.04.03	15:58:20.430	0.69013	0.69017			6
2026.04.03	15:58:21.934	0.69010	0.69014			6
2026.04.03	15:58:22.531	0.69009	0.69013			6
2026.04.03	15:58:28.554	0.69005	0.69009			6
2026.04.03	15:58:28.857	0.69004	0.69008			6
2026.04.03	15:58:38.770	0.68995	0.68999			6
2026.04.03	15:58:39.070	0.68994	0.68998			6
2026.04.03	15:58:42.073	0.68993				2
2026.04.03	15:58:42.377	0.68994				2
2026.04.03	15:58:52.889	0.68991	0.68995			6
2026.04.03	15:58:54.089	0.68990	0.68994			6
2026.04.03	15:59:00.102	0.68990				2
2026.04.03	15:59:00.403	0.68994	0.68998			6
2026.04.03	15:59:10.322	0.68993				2
2026.04.03	15:59:11.523		0.68997			4
2026.04.03	15:59:11.824	0.68991	0.68995			6
2026.04.03	15:59:12.728	0.68993	0.68997			6
2026.04.03	15:59:13.030	0.68992	0.68996			6
2026.04.03	15:59:14.532	0.68991	0.68993			6
2026.04.03	15:59:16.637	0.68990	0.68992			6
2026.04.03	15:59:18.146	0.68989	0.68991			6
2026.04.03	15:59:20.853	0.68984	0.68986			6
2026.04.03	15:59:22.955	0.68985	0.68989			6
2026.04.03	15:59:23.255	0.68988	0.68992			6
2026.04.03	15:59:23.555	0.68986	0.68990			6
2026.04.03	15:59:29.273	0.68987	0.68991			6
2026.04.03	15:59:30.481	0.68989	0.68993			6
2026.04.03	15:59:31.083	0.68990	0.68994			6
2026.04.03	15:59:31.684	0.68991	0.68995			6
2026.04.03	15:59:33.186	0.68992	0.68996			6
2026.04.03	15:59:35.593	0.68994	0.68998			6
2026.04.03	15:59:36.192	0.68993				2
2026.04.03	15:59:36.795	0.68994				2
2026.04.03	15:59:37.096	0.68993				2
2026.04.03	15:59:37.996		0.68997			4
2026.04.03	15:59:38.298		0.68998			4
2026.04.03	15:59:41.903	0.68994				2
2026.04.03	15:59:43.104	0.68993	0.68997			6
2026.04.03	15:59:44.308	0.68994	0.68998			6
2026.04.03	15:59:49.716	0.68993	0.68997			6
2026.04.03	15:59:50.018	0.68994	0.68998			6
2026.04.03	15:59:54.532	0.68997	0.69001			6
2026.04.03	15:59:55.133	0.68996	0.69000			6
2026.04.03	15:59:55.433	0.68997	0.69001			6
2026.04.03	15:59:57.234	0.68999	0.69003			6
2026.04.03	15:59:58.741	0.68997	0.69001			6
2026.04.03	15:59:59.944	0.68996	0.69000			6
2026.04.03	16:00:00.251	0.68996				2
2026.04.03	16:00:01.148	0.68999	0.69003			6
2026.04.03	16:00:03.250	0.68998	0.69002			6
2026.04.03	16:00:03.553	0.68997	0.69001			6
2026.04.03	16:00:03.853	0.68996	0.69000			6
2026.04.03	16:00:04.151	0.68994	0.68998			6
2026.04.03	16:00:07.760	0.68995				2
2026.04.03	16:00:08.059		0.68999			4
2026.04.03	16:00:08.361	0.68993	0.68997			6
2026.04.03	16:00:10.764	0.68994	0.68998			6
2026.04.03	16:00:13.474	0.68993	0.68997			6
2026.04.03	16:00:13.772	0.68991	0.68995			6
2026.04.03	16:00:14.071	0.68992	0.68996			6
2026.04.03	16:00:15.274	0.68989	0.68993			6
2026.04.03	16:00:15.875	0.68993	0.68997			6
2026.04.03	16:00:16.776	0.68992	0.68996			6
2026.04.03	16:00:17.077	0.68991	0.68995			6
2026.04.03	16:00:17.380	0.68992	0.68996			6
2026.04.03	16:00:18.279	0.68991	0.68995			6
2026.04.03	16:00:18.579	0.68992	0.68996			6
2026.04.03	16:00:18.879	0.68993	0.68997			6
2026.04.03	16:00:19.180	0.68992	0.68996			6
2026.04.03	16:00:21.881	0.68994	0.68998			6
2026.04.03	16:00:22.483	0.68996	0.69000			6
2026.04.03	16:00:22.779	0.68994	0.68998			6
2026.04.03	16:00:25.185	0.68996	0.69000			6
2026.04.03	16:00:26.388	0.68999	0.69003			6
2026.04.03	16:00:27.289	0.68997	0.69001			6
2026.04.03	16:00:29.092	0.68996	0.69000			6
2026.04.03	16:00:29.397	0.68995	0.68999			6
2026.04.03	16:00:29.997	0.68996	0.69000			6
2026.04.03	16:00:30.599	0.68997	0.69001			6
2026.04.03	16:00:31.199	0.68995	0.68999			6
2026.04.03	16:00:31.498	0.68994	0.68998			6
2026.04.03	16:00:32.103	0.68996	0.69000			6
2026.04.03	16:00:33.909	0.68994	0.68998			6
2026.04.03	16:00:36.313	0.68995	0.68999			6
2026.04.03	16:00:36.614	0.68997	0.69001			6
2026.04.03	16:00:41.119	0.68996	0.69000			6
2026.04.03	16:00:41.423	0.68997	0.69001			6
2026.04.03	16:00:41.721	0.68994	0.68998			6
2026.04.03	16:00:47.431	0.68996	0.69000			6
2026.04.03	16:00:49.833	0.68997	0.69001			6
2026.04.03	16:00:52.238	0.69000	0.69003			6
2026.04.03	16:00:52.538		0.69004			4
2026.04.03	16:00:54.641	0.68999	0.69003			6
2026.04.03	16:00:55.842	0.68997	0.69001			6
2026.04.03	16:00:56.144	0.68998	0.69002			6
2026.04.03	16:01:00.052	0.68998				2
2026.04.03	16:01:00.352	0.68997	0.69001			6
2026.04.03	16:01:02.754	0.68994	0.68998			6
2026.04.03	16:01:03.957	0.68995	0.68999			6
2026.04.03	16:01:06.359	0.68994	0.68998			6
2026.04.03	16:01:06.659	0.68996	0.69000			6
2026.04.03	16:01:07.260	0.68994	0.68998			6
2026.04.03	16:01:14.776	0.68996	0.69000			6
2026.04.03	16:01:15.077	0.68998	0.69002			6
2026.04.03	16:01:15.377	0.68997	0.69001			6
2026.04.03	16:01:15.677	0.68998	0.69002			6
2026.04.03	16:01:17.177	0.68996	0.69000			6
2026.04.03	16:01:17.480	0.68998	0.69002			6
2026.04.03	16:01:17.781	0.68997	0.69001			6
2026.04.03	16:01:18.678	0.68996	0.69000			6
2026.04.03	16:01:19.878	0.68998	0.69002			6
2026.04.03	16:01:23.485	0.68997	0.69001			6
2026.04.03	16:01:23.786	0.68996	0.69000			6
2026.04.03	16:01:24.986	0.68997	0.69001			6
2026.04.03	16:01:29.803	0.68996	0.69000			6
2026.04.03	16:01:33.709	0.68997	0.69001			6
2026.04.03	16:01:34.010	0.68998	0.69002			6
2026.04.03	16:01:35.210	0.68997	0.69001			6
2026.04.03	16:01:35.812	0.68998	0.69002			6
2026.04.03	16:01:39.720	0.69001	0.69005			6
2026.04.03	16:01:40.322	0.69002	0.69006			6
2026.04.03	16:01:40.621	0.69003	0.69007			6
2026.04.03	16:01:40.922	0.69004	0.69008			6
2026.04.03	16:01:41.823	0.69005	0.69009			6
2026.04.03	16:01:42.122	0.69004	0.69008			6
2026.04.03	16:01:42.724	0.69010	0.69014			6
2026.04.03	16:01:46.026	0.69012	0.69016			6
2026.04.03	16:01:50.233	0.69013	0.69017			6
2026.04.03	16:01:52.640	0.69016	0.69020			6
2026.04.03	16:01:52.940	0.69017	0.69021			6
2026.04.03	16:01:53.240	0.69016	0.69020			6
2026.04.03	16:01:58.952	0.69014	0.69019			6
2026.04.03	16:02:00.152	0.69014				2
2026.04.03	16:02:01.956	0.69013				2
2026.04.03	16:02:02.258	0.69014				2
2026.04.03	16:02:05.574	0.69013	0.69018			6
2026.04.03	16:02:05.872		0.69017			4
2026.04.03	16:02:07.377	0.69014	0.69018			6
2026.04.03	16:02:07.675	0.69013				2
2026.04.03	16:02:11.277		0.69017			4
2026.04.03	16:02:14.284	0.69012	0.69016			6
2026.04.03	16:02:15.487	0.69008	0.69013			6
2026.04.03	16:02:16.388		0.69014			4
2026.04.03	16:02:16.688		0.69013			4
2026.04.03	16:02:17.593		0.69014			4
2026.04.03	16:02:19.699		0.69013			4
2026.04.03	16:02:22.102		0.69012			4
2026.04.03	16:02:22.403	0.69007	0.69011			6
2026.04.03	16:02:23.003	0.69006				2
2026.04.03	16:02:27.214	0.69007				2
2026.04.03	16:02:27.514	0.69008	0.69012			6
2026.04.03	16:02:27.817		0.69013			4
2026.04.03	16:02:33.530	0.69011	0.69015			6
2026.04.03	16:02:33.829		0.69016			4
2026.04.03	16:02:34.732	0.69010	0.69014			6
2026.04.03	16:02:35.936	0.69008	0.69013			6
2026.04.03	16:02:38.343	0.69007	0.69011			6
2026.04.03	16:02:38.941	0.69006				2
2026.04.03	16:02:39.542		0.69010			4
2026.04.03	16:02:40.446	0.69004	0.69008			6
2026.04.03	16:02:44.957	0.69003				2
2026.04.03	16:02:46.155		0.69007			4
2026.04.03	16:02:50.666		0.69008			4
2026.04.03	16:02:50.967	0.69007	0.69011			6
2026.04.03	16:02:51.268	0.69006				2
2026.04.03	16:02:51.566	0.69007				2
2026.04.03	16:02:52.468	0.69005	0.69010			6
2026.04.03	16:02:52.772	0.69009	0.69013			6
2026.04.03	16:02:53.367	0.69008				2
2026.04.03	16:02:53.970	0.69011	0.69015			6
2026.04.03	16:02:54.269	0.69009	0.69013			6
2026.04.03	16:02:54.871	0.69011	0.69015			6
2026.04.03	16:03:00.278	0.69011				2
2026.04.03	16:03:01.781	0.69012	0.69016			6
2026.04.03	16:03:02.078	0.69011	0.69015			6
2026.04.03	16:03:08.086	0.69009	0.69014			6
2026.04.03	16:03:08.385	0.69011	0.69015			6
2026.04.03	16:03:10.195	0.69012	0.69016			6
2026.04.03	16:03:10.496	0.69013	0.69017			6
2026.04.03	16:03:10.796	0.69016	0.69020			6
2026.04.03	16:03:11.096	0.69017	0.69021			6
2026.04.03	16:03:11.398	0.69019	0.69023			6
2026.04.03	16:03:11.697	0.69018	0.69022			6
2026.04.03	16:03:12.902	0.69020	0.69024			6
2026.04.03	16:03:13.201	0.69021	0.69025			6
2026.04.03	16:03:13.803	0.69025	0.69029			6
2026.04.03	16:03:14.102	0.69024	0.69028			6
2026.04.03	16:03:15.903	0.69023	0.69027			6
2026.04.03	16:03:16.205		0.69028			4
2026.04.03	16:03:17.105		0.69027			4
2026.04.03	16:03:19.507	0.69028	0.69032			6
2026.04.03	16:03:21.614	0.69027	0.69031			6
2026.04.03	16:03:21.915	0.69026	0.69030			6
2026.04.03	16:03:22.216	0.69025	0.69029			6
2026.04.03	16:03:22.817	0.69024	0.69028			6
2026.04.03	16:03:23.418	0.69023				2
2026.04.03	16:03:24.020	0.69026	0.69030			6
2026.04.03	16:03:30.036	0.69027	0.69031			6
2026.04.03	16:03:30.337	0.69028	0.69032			6
2026.04.03	16:03:32.741	0.69026	0.69030			6
2026.04.03	16:03:33.642	0.69024	0.69028			6
2026.04.03	16:03:34.245	0.69023	0.69027			6
2026.04.03	16:03:34.546	0.69022	0.69026			6
2026.04.03	16:03:34.847	0.69021	0.69025			6
2026.04.03	16:03:36.347	0.69023	0.69027			6
2026.04.03	16:03:39.058	0.69021	0.69025			6
2026.04.03	16:03:41.773	0.69023	0.69027			6
2026.04.03	16:03:43.577	0.69019	0.69023			6
2026.04.03	16:03:47.785	0.69018	0.69022			6
2026.04.03	16:04:00.110	0.69018				2
2026.04.03	16:04:00.711	0.69020	0.69024			6
2026.04.03	16:04:01.012	0.69018	0.69022			6
2026.04.03	16:04:04.316	0.69016	0.69021			6
2026.04.03	16:04:04.613		0.69020			4
2026.04.03	16:04:05.215	0.69017				2
2026.04.03	16:04:07.617	0.69016				2
2026.04.03	16:04:08.819	0.69017				2
2026.04.03	16:04:09.119	0.69016				2
2026.04.03	16:04:09.417	0.69017				2
2026.04.03	16:04:10.922	0.69018	0.69022			6
2026.04.03	16:04:14.827		0.69023			4
2026.04.03	16:04:15.128		0.69022			4
2026.04.03	16:04:15.428		0.69023			4
2026.04.03	16:04:17.231		0.69022			4
2026.04.03	16:04:17.835		0.69023			4
2026.04.03	16:04:20.836		0.69022			4
2026.04.03	16:04:21.436	0.69016	0.69020			6
2026.04.03	16:04:22.035	0.69018	0.69022			6
2026.04.03	16:04:22.638	0.69016	0.69021			6
2026.04.03	16:04:23.540	0.69018	0.69022			6
2026.04.03	16:04:24.743	0.69016	0.69021			6
2026.04.03	16:04:25.045	0.69014	0.69019			6
2026.04.03	16:04:25.344		0.69018			4
2026.04.03	16:04:28.351	0.69016	0.69020			6
2026.04.03	16:04:29.855	0.69015	0.69019			6
2026.04.03	16:04:30.157	0.69013				2
2026.04.03	16:04:30.454	0.69014				2
2026.04.03	16:04:34.063		0.69018			4
2026.04.03	16:04:34.363	0.69013	0.69017			6
2026.04.03	16:04:35.875	0.69012	0.69016			6
2026.04.03	16:04:36.476	0.69013	0.69017			6
2026.04.03	16:04:41.590	0.69012	0.69016			6
2026.04.03	16:04:41.890	0.69013	0.69017			6
2026.04.03	16:04:42.491	0.69017	0.69021			6
2026.04.03	16:04:42.790	0.69016	0.69020			6
2026.04.03	16:04:43.091	0.69020	0.69023			6
2026.04.03	16:04:43.390		0.69024			4
2026.04.03	16:04:43.993		0.69023			4
2026.04.03	16:04:44.593	0.69019				2
2026.04.03	16:04:46.697	0.69021	0.69025			6
2026.04.03	16:04:50.308	0.69022	0.69026			6
2026.04.03	16:04:51.505	0.69021	0.69025			6
2026.04.03	16:04:58.421	0.69022	0.69026			6
2026.04.03	16:04:59.923	0.69023	0.69027			6
2026.04.03	16:05:00.224	0.69023				2
2026.04.03	16:05:00.825	0.69029	0.69033			6
2026.04.03	16:05:01.730	0.69032	0.69036			6
2026.04.03	16:05:05.347	0.69031	0.69035			6
2026.04.03	16:05:08.656	0.69032	0.69036			6
2026.04.03	16:05:09.559	0.69033	0.69037			6
2026.04.03	16:05:10.768		0.69038			4
2026.04.03	16:05:11.674	0.69035	0.69039			6
2026.04.03	16:05:11.975	0.69034	0.69038			6
2026.04.03	16:05:14.978	0.69035	0.69039			6
2026.04.03	16:05:22.803	0.69032	0.69036			6
2026.04.03	16:05:23.405	0.69031	0.69035			6
2026.04.03	16:05:29.423	0.69032	0.69036			6
2026.04.03	16:05:31.831	0.69031	0.69035			6
2026.04.03	16:05:35.136	0.69033	0.69037			6
2026.04.03	16:05:35.736	0.69031	0.69035			6
2026.04.03	16:05:36.037	0.69034	0.69038			6
2026.04.03	16:05:45.376	0.69033	0.69037			6
2026.04.03	16:05:45.976	0.69034	0.69038			6
2026.04.03	16:05:48.680	0.69037	0.69043			6
2026.04.03	16:05:48.981	0.69040	0.69044			6
2026.04.03	16:05:55.007	0.69038	0.69042			6
2026.04.03	16:05:55.305	0.69039	0.69043			6
2026.04.03	16:06:00.115	0.69039				2
2026.04.03	16:06:04.320	0.69037	0.69041			6
2026.04.03	16:06:04.624	0.69036	0.69040			6
2026.04.03	16:06:04.922	0.69034	0.69038			6
2026.04.03	16:06:12.438	0.69033				2
2026.04.03	16:06:12.739	0.69034				2
2026.04.03	16:06:15.146		0.69039			4
2026.04.03	16:06:15.447	0.69036	0.69040			6
2026.04.03	16:06:16.649	0.69035	0.69039			6
2026.04.03	16:06:17.852	0.69036	0.69040			6
2026.04.03	16:06:18.155	0.69038	0.69042			6
2026.04.03	16:06:18.453	0.69036	0.69041			6
2026.04.03	16:06:18.756		0.69040			4
2026.04.03	16:06:19.653	0.69038	0.69042			6
2026.04.03	16:06:21.157	0.69040	0.69044			6
2026.04.03	16:06:26.264	0.69036	0.69040			6
2026.04.03	16:06:32.283		0.69041			4
2026.04.03	16:06:33.785		0.69040			4
2026.04.03	16:06:35.289	0.69035	0.69039			6
2026.04.03	16:06:38.903	0.69034	0.69038			6
2026.04.03	16:06:50.344	0.69029	0.69034			6
2026.04.03	16:06:52.450	0.69031	0.69035			6
2026.04.03	16:06:55.456	0.69032	0.69036			6
2026.04.03	16:06:57.870	0.69029	0.69034			6
2026.04.03	16:06:58.175	0.69030				2
2026.04.03	16:06:59.076	0.69032	0.69036			6
2026.04.03	16:06:59.976	0.69031				2
2026.04.03	16:07:00.277	0.69031				2
2026.04.03	16:07:00.877		0.69035			4
2026.04.03	16:07:02.086	0.69032	0.69036			6
2026.04.03	16:07:02.684	0.69031				2
2026.04.03	16:07:03.887	0.69029	0.69034			6
2026.04.03	16:07:04.190	0.69031	0.69035			6
2026.04.03	16:07:04.490	0.69032	0.69036			6
2026.04.03	16:07:07.204	0.69033	0.69037			6
2026.04.03	16:07:12.620	0.69038	0.69042			6
2026.04.03	16:07:14.728	0.69036	0.69041			6
2026.04.03	16:07:21.659	0.69035	0.69039			6
2026.04.03	16:07:21.959	0.69034	0.69038			6
2026.04.03	16:07:22.262	0.69033				2
2026.04.03	16:07:22.561	0.69035	0.69039			6
2026.04.03	16:07:25.878	0.69033	0.69038			6
2026.04.03	16:07:26.177	0.69036	0.69040			6
2026.04.03	16:07:26.478	0.69035	0.69039			6
2026.04.03	16:07:27.677	0.69034				2
2026.04.03	16:07:28.278		0.69038			4
2026.04.03	16:07:31.885	0.69035	0.69039			6
2026.04.03	16:07:32.185	0.69036	0.69040			6
2026.04.03	16:07:33.087	0.69035	0.69039			6
2026.04.03	16:07:33.989	0.69037	0.69040			6
2026.04.03	16:07:34.289	0.69034	0.69038			6
2026.04.03	16:07:35.193	0.69035	0.69039			6
2026.04.03	16:07:36.397	0.69034				2
2026.04.03	16:07:55.035		0.69038			4
2026.04.03	16:07:55.638	0.69037	0.69041			6
2026.04.03	16:07:55.937	0.69035	0.69039			6
2026.04.03	16:08:00.148	0.69035				2
2026.04.03	16:08:02.251	0.69034				2
2026.04.03	16:08:14.885	0.69031	0.69035			6
2026.04.03	16:08:15.182	0.69032	0.69036			6
2026.04.03	16:08:17.288	0.69033	0.69037			6
2026.04.03	16:08:18.189	0.69030	0.69034			6
2026.04.03	16:08:18.489	0.69033	0.69037			6
2026.04.03	16:08:19.391	0.69032	0.69036			6
2026.04.03	16:08:20.596	0.69033	0.69037			6
2026.04.03	16:08:28.718	0.69032	0.69036			6
2026.04.03	16:08:30.520	0.69029	0.69033			6
2026.04.03	16:08:30.820	0.69028	0.69032			6
2026.04.03	16:08:31.122	0.69030	0.69034			6
2026.04.03	16:08:31.421	0.69031	0.69035			6
2026.04.03	16:08:35.036	0.69029	0.69033			6
2026.04.03	16:08:40.450		0.69034			4
2026.04.03	16:08:43.459	0.69032	0.69036			6
2026.04.03	16:08:43.761	0.69031				2
2026.04.03	16:08:46.763	0.69032				2
2026.04.03	16:08:47.968	0.69033	0.69037			6
2026.04.03	16:08:48.273	0.69032	0.69036			6
2026.04.03	16:08:48.571	0.69033	0.69037			6
2026.04.03	16:08:48.871		0.69039			4
2026.04.03	16:08:50.373	0.69034				2
2026.04.03	16:08:50.976		0.69038			4
2026.04.03	16:08:51.276		0.69039			4
2026.04.03	16:08:53.682		0.69038			4
2026.04.03	16:08:54.887	0.69033				2
2026.04.03	16:08:55.186		0.69037			4
2026.04.03	16:08:55.485	0.69034	0.69038			6
2026.04.03	16:08:55.789	0.69033				2
2026.04.03	16:08:57.288	0.69034				2
2026.04.03	16:08:57.590	0.69033	0.69037			6
2026.04.03	16:09:00.005	0.69033				2
2026.04.03	16:09:00.604	0.69032	0.69036			6
2026.04.03	16:09:00.903	0.69031				2
2026.04.03	16:09:01.204	0.69032				2
2026.04.03	16:09:01.804	0.69031	0.69035			6
2026.04.03	16:09:02.104		0.69036			4
2026.04.03	16:09:10.224	0.69035	0.69039			6
2026.04.03	16:09:10.527	0.69033				2
2026.04.03	16:09:16.543	0.69036	0.69040			6
2026.04.03	16:09:16.845	0.69035				2
2026.04.03	16:09:17.145	0.69033	0.69039			6
2026.04.03	16:09:17.445	0.69034	0.69038			6
2026.04.03	16:09:17.744		0.69039			4
2026.04.03	16:09:21.655		0.69038			4
2026.04.03	16:09:21.955		0.69039			4
2026.04.03	16:09:23.156	0.69031				2
2026.04.03	16:09:24.358	0.69034				2
2026.04.03	16:09:33.378	0.69035				2
2026.04.03	16:09:33.981	0.69031	0.69035			6
2026.04.03	16:09:34.881		0.69036			4
2026.04.03	16:09:36.685	0.69033	0.69037			6
2026.04.03	16:09:36.984		0.69038			4
2026.04.03	16:09:45.405		0.69039			4
2026.04.03	16:10:00.135	0.69033				2
2026.04.03	16:10:01.037	0.69037	0.69041			6
2026.04.03	16:10:01.338	0.69038	0.69042			6
2026.04.03	16:10:03.743	0.69039	0.69044			6
2026.04.03	16:10:04.043	0.69041	0.69046			6
2026.04.03	16:10:04.343	0.69040	0.69044			6
2026.04.03	16:10:05.246	0.69042	0.69046			6
2026.04.03	16:10:08.552	0.69040	0.69044			6
2026.04.03	16:10:10.355	0.69039	0.69043			6
2026.04.03	16:10:15.478	0.69041	0.69045			6
2026.04.03	16:10:15.776	0.69042	0.69046			6
2026.04.03	16:10:16.983	0.69041	0.69045			6
2026.04.03	16:10:17.585	0.69040	0.69044			6
2026.04.03	16:10:17.883	0.69039				2
2026.04.03	16:10:18.184	0.69040				2
2026.04.03	16:10:18.783	0.69042	0.69046			6
2026.04.03	16:10:19.685	0.69041	0.69045			6
2026.04.03	16:10:20.895	0.69042	0.69046			6
2026.04.03	16:10:24.204	0.69037	0.69041			6
2026.04.03	16:10:28.710	0.69038	0.69042			6
2026.04.03	16:10:29.013	0.69037	0.69041			6
2026.04.03	16:10:30.515	0.69036	0.69040			6
2026.04.03	16:10:31.414	0.69035	0.69039			6
2026.04.03	16:10:32.017	0.69034				2
2026.04.03	16:10:34.722		0.69038			4
2026.04.03	16:10:36.230	0.69036	0.69040			6
2026.04.03	16:10:36.528	0.69037	0.69041			6
2026.04.03	16:10:37.434	0.69039	0.69043			6
2026.04.03	16:10:37.735	0.69038				2
2026.04.03	16:10:38.037	0.69037	0.69041			6
2026.04.03	16:10:42.247	0.69038	0.69042			6
2026.04.03	16:10:44.355	0.69036	0.69039			6
2026.04.03	16:10:47.370	0.69034	0.69037			6
2026.04.03	16:10:47.671	0.69033	0.69035			6
2026.04.03	16:10:50.381	0.69032				2
2026.04.03	16:10:53.386	0.69033	0.69038			6
2026.04.03	16:10:53.686	0.69034				2
2026.04.03	16:10:54.887	0.69033				2
2026.04.03	16:10:55.491	0.69034				2
2026.04.03	16:10:56.097	0.69033				2
2026.04.03	16:10:57.598	0.69036	0.69041			6
2026.04.03	16:10:59.704	0.69038	0.69042			6
2026.04.03	16:11:00.004	0.69038				2
2026.04.03	16:11:00.306		0.69043			4
2026.04.03	16:11:00.905		0.69042			4
2026.04.03	16:11:01.206		0.69043			4
2026.04.03	16:11:02.108	0.69039				2
2026.04.03	16:11:04.519	0.69040	0.69044			6
2026.04.03	16:11:09.928	0.69038	0.69042			6
2026.04.03	16:11:10.828	0.69037	0.69041			6
2026.04.03	16:11:11.728	0.69039	0.69043			6
2026.04.03	16:11:15.039	0.69037	0.69041			6
2026.04.03	16:11:15.343	0.69035	0.69039			6
2026.04.03	16:11:15.639	0.69034	0.69038			6
2026.04.03	16:11:36.704	0.69035	0.69039			6
2026.04.03	16:11:37.005	0.69034	0.69038			6
2026.04.03	16:11:40.915	0.69035	0.69039			6
2026.04.03	16:11:41.516	0.69037	0.69041			6
2026.04.03	16:11:41.819	0.69036	0.69040			6
2026.04.03	16:11:43.920		0.69041			4
2026.04.03	16:11:45.121		0.69040			4
2026.04.03	16:11:45.421	0.69037	0.69041			6
2026.04.03	16:11:46.023	0.69038	0.69042			6
2026.04.03	16:11:47.825	0.69036	0.69041			6
2026.04.03	16:11:48.124	0.69037				2
2026.04.03	16:11:51.438	0.69036	0.69040			6
2026.04.03	16:11:51.737	0.69033	0.69037			6
2026.04.03	16:11:53.845	0.69034	0.69038			6
2026.04.03	16:11:54.747	0.69035	0.69039			6
2026.04.03	16:11:59.861	0.69033	0.69038			6
2026.04.03	16:12:00.165	0.69033				2
2026.04.03	16:12:01.672		0.69037			4
2026.04.03	16:12:05.884		0.69038			4
2026.04.03	16:12:07.387	0.69034				2
2026.04.03	16:12:07.691		0.69039			4
2026.04.03	16:12:08.287	0.69038	0.69043			6
2026.04.03	16:12:08.587	0.69039				2
2026.04.03	16:12:16.715	0.69040	0.69044			6
2026.04.03	16:12:18.820	0.69039	0.69043			6
2026.04.03	16:12:26.647	0.69040	0.69044			6
2026.04.03	16:12:28.450	0.69044	0.69048			6
2026.04.03	16:12:28.754	0.69043				2
2026.04.03	16:12:29.952	0.69044				2
2026.04.03	16:12:30.254	0.69047	0.69051			6
2026.04.03	16:12:31.159	0.69046	0.69050			6
2026.04.03	16:12:35.379	0.69045	0.69049			6
2026.04.03	16:12:38.980	0.69044	0.69048			6
2026.04.03	16:12:39.583	0.69046	0.69050			6
2026.04.03	16:12:41.986		0.69051			4
2026.04.03	16:12:42.289		0.69050			4
2026.04.03	16:12:42.587		0.69051			4
2026.04.03	16:12:44.698		0.69050			4
2026.04.03	16:12:45.296		0.69051			4
2026.04.03	16:12:53.411		0.69050			4
2026.04.03	16:12:54.013		0.69051			4
2026.04.03	16:12:54.315		0.69050			4
2026.04.03	16:12:54.914	0.69047	0.69051			6
2026.04.03	16:12:59.418	0.69048	0.69053			6
2026.04.03	16:13:00.020	0.69048				2
2026.04.03	16:13:02.123	0.69049				2
2026.04.03	16:13:03.934	0.69045	0.69049			6
2026.04.03	16:13:04.231	0.69044	0.69048			6
2026.04.03	16:13:08.437	0.69039	0.69043			6
2026.04.03	16:13:12.645	0.69042	0.69046			6
2026.04.03	16:13:18.055	0.69039	0.69043			6
2026.04.03	16:13:21.368	0.69037	0.69042			6
2026.04.03	16:13:21.669		0.69041			4
2026.04.03	16:13:22.870	0.69036	0.69040			6
2026.04.03	16:13:30.380	0.69037	0.69041			6
2026.04.03	16:13:43.923	0.69038	0.69042			6
2026.04.03	16:13:44.223	0.69037	0.69041			6
2026.04.03	16:13:50.245	0.69038	0.69042			6
2026.04.03	16:13:50.547		0.69043			4
2026.04.03	16:13:53.852	0.69039				2
2026.04.03	16:14:00.171	0.69039				2
2026.04.03	16:14:00.469	0.69038	0.69042			6
2026.04.03	16:14:03.478	0.69037	0.69041			6
2026.04.03	16:14:04.684	0.69041	0.69045			6
2026.04.03	16:14:09.204	0.69040	0.69044			6
2026.04.03	16:14:09.504	0.69041	0.69045			6
2026.04.03	16:14:15.214	0.69042	0.69046			6
2026.04.03	16:14:15.816	0.69046	0.69050			6
2026.04.03	16:14:16.114	0.69047	0.69051			6
2026.04.03	16:14:20.027	0.69049	0.69053			6
2026.04.03	16:14:27.556	0.69048	0.69052			6
2026.04.03	16:14:29.059	0.69049	0.69053			6
2026.04.03	16:14:29.661	0.69048	0.69052			6
2026.04.03	16:14:29.961	0.69049	0.69053			6
2026.04.03	16:14:32.669	0.69051	0.69055			6
2026.04.03	16:14:33.267	0.69053	0.69057			6
2026.04.03	16:14:34.167	0.69052	0.69056			6
2026.04.03	16:14:34.766	0.69053	0.69057			6
2026.04.03	16:14:36.569	0.69052	0.69056			6
2026.04.03	16:14:36.872	0.69053	0.69057			6
2026.04.03	16:14:37.172	0.69055	0.69059			6
2026.04.03	16:14:38.676	0.69057	0.69061			6
2026.04.03	16:14:38.977	0.69059	0.69064			6
2026.04.03	16:14:39.277		0.69063			4
2026.04.03	16:14:39.576	0.69057	0.69064			6
2026.04.03	16:14:39.877	0.69058				2
2026.04.03	16:14:41.679	0.69059	0.69063			6
2026.04.03	16:14:41.977	0.69058				2
2026.04.03	16:14:42.281	0.69059	0.69064			6
2026.04.03	16:14:42.578	0.69061	0.69065			6
2026.04.03	16:14:43.781	0.69059	0.69063			6
2026.04.03	16:14:46.481	0.69060	0.69064			6
2026.04.03	16:14:46.780	0.69059	0.69063			6
2026.04.03	16:14:47.685	0.69060	0.69064			6
2026.04.03	16:14:52.198	0.69059	0.69063			6
2026.04.03	16:14:52.798	0.69061	0.69065			6
2026.04.03	16:14:53.099	0.69060	0.69064			6
2026.04.03	16:14:53.699	0.69061				2
2026.04.03	16:14:54.000	0.69060				2
2026.04.03	16:14:57.304		0.69063			4
2026.04.03	16:14:58.806	0.69052	0.69056			6
2026.04.03	16:15:00.008	0.69052				2
2026.04.03	16:15:01.211	0.69048	0.69052			6
2026.04.03	16:15:01.509	0.69046	0.69050			6
2026.04.03	16:15:02.411	0.69047	0.69051			6
2026.04.03	16:15:02.712	0.69050	0.69054			6
2026.04.03	16:15:04.516	0.69052	0.69056			6
2026.04.03	16:15:11.424	0.69050	0.69054			6
2026.04.03	16:15:11.724	0.69049	0.69053			6
2026.04.03	16:15:19.850	0.69050	0.69054			6
2026.04.03	16:15:51.145	0.69054	0.69058			6
2026.04.03	16:15:51.444	0.69055	0.69059			6
2026.04.03	16:16:00.175	0.69055				2
2026.04.03	16:16:10.697	0.69060	0.69064			6
2026.04.03	16:16:10.999	0.69059	0.69063			6
2026.04.03	16:16:11.297	0.69060	0.69064			6
2026.04.03	16:16:11.599	0.69059				2
2026.04.03	16:16:12.200		0.69065			4
2026.04.03	16:16:14.905		0.69064			4
2026.04.03	16:16:15.805		0.69063			4
2026.04.03	16:16:23.625	0.69058	0.69062			6
2026.04.03	16:16:30.246	0.69057	0.69061			6
2026.04.03	16:16:31.452	0.69053	0.69057			6
2026.04.03	16:16:31.751	0.69052	0.69056			6
2026.04.03	16:16:32.052	0.69053	0.69058			6
2026.04.03	16:16:38.380		0.69059			4
2026.04.03	16:16:40.486		0.69058			4
2026.04.03	16:17:00.039	0.69053				2
2026.04.03	16:17:02.449		0.69057			4
2026.04.03	16:17:03.351	0.69052	0.69056			6
2026.04.03	16:17:08.774	0.69051				2
2026.04.03	16:17:19.608		0.69055			4
2026.04.03	16:17:19.909		0.69057			4
2026.04.03	16:17:20.211		0.69056			4
2026.04.03	16:17:23.812	0.69049	0.69053			6
2026.04.03	16:17:24.113	0.69046	0.69050			6
2026.04.03	16:17:24.416		0.69051			4
2026.04.03	16:17:31.343	0.69047				2
2026.04.03	16:17:44.279	0.69046	0.69050			6
2026.04.03	16:17:44.879	0.69047	0.69051			6
2026.04.03	16:17:47.284		0.69052			4
2026.04.03	16:17:49.987		0.69051			4
2026.04.03	16:17:52.398	0.69049	0.69053			6
2026.04.03	16:17:58.412	0.69052	0.69056			6
2026.04.03	16:17:58.715	0.69053	0.69057			6
2026.04.03	16:18:00.217	0.69053				2
2026.04.03	16:18:01.417		0.69058			4
2026.04.03	16:18:11.958	0.69054				2
2026.04.03	16:18:15.871	0.69051	0.69056			6
2026.04.03	16:18:20.086	0.69052				2
2026.04.03	16:18:21.291	0.69051				2
2026.04.03	16:18:24.904	0.69052				2
2026.04.03	16:18:29.712	0.69051				2
2026.04.03	16:18:45.662		0.69055			4
2026.04.03	16:18:48.676	0.69049	0.69053			6
2026.04.03	16:18:51.081	0.69048				2
2026.04.03	16:18:55.296	0.69049				2
2026.04.03	16:19:00.108	0.69049				2
2026.04.03	16:19:04.920	0.69048	0.69052			6
2026.04.03	16:19:05.819	0.69049	0.69053			6
2026.04.03	16:19:08.522	0.69047	0.69051			6
2026.04.03	16:19:08.823	0.69048	0.69052			6
2026.04.03	16:19:21.168	0.69047	0.69051			6
2026.04.03	16:19:51.555	0.69048	0.69052			6
2026.04.03	16:20:00.285	0.69048				2
2026.04.03	16:20:04.792	0.69047	0.69051			6
2026.04.03	16:20:05.999	0.69046	0.69050			6
2026.04.03	16:20:06.599	0.69047	0.69051			6
2026.04.03	16:20:20.443	0.69046	0.69050			6
2026.04.03	16:20:21.047		0.69051			4
2026.04.03	16:20:31.878		0.69050			4
2026.04.03	16:20:36.083	0.69047	0.69051			6
2026.04.03	16:20:55.341	0.69048	0.69052			6
2026.04.03	16:20:55.944	0.69046	0.69050			6
2026.04.03	16:20:56.847	0.69045	0.69049			6
2026.04.03	16:21:00.156	0.69045				2
2026.04.03	16:21:00.757	0.69046	0.69051			6
2026.04.03	16:21:04.971		0.69050			4
2026.04.03	16:21:09.478	0.69045	0.69049			6
2026.04.03	16:21:09.779	0.69044				2
2026.04.03	16:21:19.401	0.69043	0.69047			6
2026.04.03	16:21:24.822	0.69045	0.69048			6
2026.04.03	16:21:25.123	0.69047	0.69051			6
2026.04.03	16:21:28.138	0.69044	0.69048			6
2026.04.03	16:21:30.550	0.69040	0.69044			6
2026.04.03	16:21:31.147	0.69035	0.69039			6
2026.04.03	16:21:31.447	0.69034	0.69038			6
2026.04.03	16:21:35.058	0.69032	0.69036			6
2026.04.03	16:21:37.463	0.69031	0.69035			6
2026.04.03	16:21:44.691	0.69032	0.69036			6
2026.04.03	16:22:00.023	0.69032				2
2026.04.03	16:22:09.652	0.69033	0.69037			6
2026.04.03	16:23:00.190	0.69033				2
2026.04.03	16:23:05.904	0.69032	0.69036			6
2026.04.03	16:23:07.106	0.69033	0.69037			6
2026.04.03	16:23:15.220	0.69031	0.69035			6
2026.04.03	16:23:16.422	0.69028	0.69032			6
2026.04.03	16:23:16.721	0.69027	0.69031			6
2026.04.03	16:23:18.827	0.69031	0.69035			6
2026.04.03	16:23:21.231	0.69030	0.69034			6
2026.04.03	16:23:22.737	0.69026	0.69030			6
2026.04.03	16:23:23.637	0.69024	0.69028			6
2026.04.03	16:23:24.237	0.69023	0.69027			6
2026.04.03	16:23:24.538	0.69024	0.69028			6
2026.04.03	16:23:25.437	0.69026	0.69030			6
2026.04.03	16:23:25.737	0.69027	0.69031			6
2026.04.03	16:23:26.643	0.69024	0.69028			6
2026.04.03	16:23:42.881	0.69025	0.69029			6
2026.04.03	16:23:43.178	0.69024	0.69028			6
2026.04.03	16:23:43.477	0.69025	0.69029			6
2026.04.03	16:23:43.779	0.69024	0.69028			6
2026.04.03	16:23:44.679	0.69025	0.69029			6
2026.04.03	16:23:44.978	0.69024	0.69028			6
2026.04.03	16:23:48.286	0.69025	0.69029			6
2026.04.03	16:23:53.104	0.69024	0.69028			6
2026.04.03	16:24:00.018	0.69024				2
2026.04.03	16:24:16.279	0.69023	0.69027			6
2026.04.03	16:24:17.181	0.69025	0.69028			6
2026.04.03	16:24:17.481		0.69029			4
2026.04.03	16:24:21.091	0.69027	0.69031			6
2026.04.03	16:24:41.254		0.69032			4
2026.04.03	16:24:42.157		0.69031			4
2026.04.03	16:24:44.258		0.69032			4
2026.04.03	16:24:46.362		0.69031			4
2026.04.03	16:25:00.199	0.69027				2
2026.04.03	16:25:01.101	0.69025	0.69029			6
2026.04.03	16:25:03.809	0.69024	0.69028			6
2026.04.03	16:25:11.320	0.69025				2
2026.04.03	16:25:11.618	0.69024				2
2026.04.03	16:25:28.467	0.69026	0.69030			6
2026.04.03	16:25:28.771	0.69027	0.69031			6
2026.04.03	16:25:41.704	0.69024	0.69028			6
2026.04.03	16:26:00.056	0.69024				2
2026.04.03	16:26:00.960	0.69023	0.69027			6
2026.04.03	16:26:01.559	0.69024	0.69028			6
2026.04.03	16:26:31.676		0.69029			4
2026.04.03	16:26:42.810	0.69027	0.69031			6
2026.04.03	16:26:44.314	0.69026	0.69030			6
2026.04.03	16:26:56.043	0.69025	0.69029			6
2026.04.03	16:27:00.256	0.69025				2
2026.04.03	16:27:00.557	0.69027	0.69031			6
2026.04.03	16:27:04.176	0.69026				2
2026.04.03	16:27:16.503	0.69027				2
2026.04.03	16:27:18.607	0.69026				2
2026.04.03	16:27:22.513	0.69027				2
2026.04.03	16:27:26.424	0.69025	0.69029			6
2026.04.03	16:27:28.233	0.69027	0.69031			6
2026.04.03	16:27:30.945	0.69026				2
2026.04.03	16:27:32.150		0.69030			4
2026.04.03	16:27:35.155	0.69022	0.69026			6
2026.04.03	16:27:36.967	0.69023	0.69027			6
2026.04.03	16:28:00.132	0.69023				2
2026.04.03	16:28:14.277	0.69021	0.69026			6
2026.04.03	16:28:15.179		0.69025			4
2026.04.03	16:28:15.479	0.69022	0.69026			6
2026.04.03	16:28:23.302	0.69023	0.69027			6
2026.04.03	16:28:23.603	0.69022	0.69026			6
2026.04.03	16:28:41.959	0.69023	0.69027			6
2026.04.03	16:28:43.469	0.69022	0.69026			6
2026.04.03	16:28:47.082	0.69023	0.69027			6
2026.04.03	16:28:47.382	0.69022	0.69026			6
2026.04.03	16:28:56.117	0.69023	0.69027			6
2026.04.03	16:28:56.414	0.69022	0.69026			6
2026.04.03	16:29:00.026	0.69022				2
2026.04.03	16:29:15.379	0.69023	0.69027			6
2026.04.03	16:30:00.202	0.69022	0.69026			6
2026.04.03	16:30:05.020	0.69023	0.69027			6
2026.04.03	16:30:05.621	0.69021	0.69025			6
2026.04.03	16:30:05.918	0.69022	0.69026			6
2026.04.03	16:30:10.129	0.69023	0.69027			6
2026.04.03	16:30:23.079	0.69022				2
2026.04.03	16:30:26.678	0.69023				2
2026.04.03	16:30:30.284	0.69022	0.69026			6
2026.04.03	16:30:36.003		0.69025			4
2026.04.03	16:30:42.315	0.69021				2
2026.04.03	16:30:57.663	0.69022				2
2026.04.03	16:31:00.077	0.69022				2
2026.04.03	16:31:00.375		0.69026			4
2026.04.03	16:31:04.880	0.69021	0.69025			6
2026.04.03	16:31:06.684	0.69027	0.69030			6
2026.04.03	16:31:06.983		0.69031			4
2026.04.03	16:31:09.089	0.69026	0.69030			6
2026.04.03	16:31:09.385	0.69024	0.69028			6
2026.04.03	16:31:19.015	0.69025	0.69029			6
2026.04.03	16:31:26.841	0.69024	0.69028			6
2026.04.03	16:31:29.252	0.69021	0.69025			6
2026.04.03	16:31:29.553	0.69020	0.69024			6
2026.04.03	16:31:43.999	0.69021	0.69025			6
2026.04.03	16:32:00.242	0.69021				2
2026.04.03	16:32:01.144	0.69023	0.69027			6
2026.04.03	16:32:04.158	0.69024	0.69028			6
2026.04.03	16:32:14.989	0.69022	0.69026			6
2026.04.03	16:32:18.300	0.69021	0.69025			6
2026.04.03	16:32:25.817	0.69020	0.69024			6
2026.04.03	16:32:30.326	0.69021				2
2026.04.03	16:32:48.684		0.69025			4
2026.04.03	16:32:55.000	0.69022	0.69026			6
2026.04.03	16:32:55.302	0.69024				2
2026.04.03	16:32:55.600		0.69028			4
2026.04.03	16:32:55.902	0.69026	0.69029			6
2026.04.03	16:32:57.707	0.69027	0.69031			6
2026.04.03	16:32:59.809	0.69028	0.69032			6
2026.04.03	16:33:00.114	0.69028				2
2026.04.03	16:33:09.138	0.69027	0.69030			6
2026.04.03	16:33:09.438	0.69026	0.69029			6
2026.04.03	16:33:15.762	0.69025				2
2026.04.03	16:33:29.287	0.69028	0.69031			6
2026.04.03	16:33:35.305	0.69027				2
2026.04.03	16:33:41.015		0.69030			4
2026.04.03	16:33:41.318	0.69028	0.69031			6
2026.04.03	16:33:53.952		0.69032			4
2026.04.03	16:33:57.258	0.69030	0.69033			6
2026.04.03	16:34:00.261	0.69030				2
2026.04.03	16:34:02.667	0.69029				2
2026.04.03	16:34:07.476	0.69030	0.69034			6
2026.04.03	16:34:23.710	0.69032				2
2026.04.03	16:34:26.419	0.69030				2
2026.04.03	16:34:39.055	0.69027	0.69031			6
2026.04.03	16:34:39.356	0.69026	0.69030			6
2026.04.03	16:34:42.063	0.69025	0.69029			6
2026.04.03	16:35:00.110	0.69025				2
2026.04.03	16:35:00.411	0.69022	0.69026			6
2026.04.03	16:35:01.311	0.69023	0.69027			6
2026.04.03	16:35:08.832	0.69024				2
2026.04.03	16:35:09.432	0.69022	0.69026			6
2026.04.03	16:35:16.048	0.69023				2
2026.04.03	16:35:25.371		0.69027			4
2026.04.03	16:35:25.672	0.69024				2
2026.04.03	16:35:30.178		0.69028			4
2026.04.03	16:35:39.792	0.69025	0.69029			6
2026.04.03	16:35:40.397	0.69024	0.69028			6
2026.04.03	16:35:47.311	0.69025				2
2026.04.03	16:35:47.611		0.69029			4
2026.04.03	16:36:00.239	0.69025				2
2026.04.03	16:36:05.951	0.69027	0.69031			6
2026.04.03	16:36:23.986	0.69025	0.69029			6
2026.04.03	16:36:29.707		0.69028			4
2026.04.03	16:36:31.213	0.69023	0.69027			6
2026.04.03	16:36:41.436	0.69022	0.69026			6
2026.04.03	16:36:41.737	0.69023	0.69027			6
2026.04.03	16:36:43.544	0.69022	0.69025			6
2026.04.03	16:36:43.846	0.69023	0.69027			6
2026.04.03	16:36:57.389	0.69024				2
2026.04.03	16:37:00.091	0.69024				2
2026.04.03	16:37:02.797		0.69028			4
2026.04.03	16:37:05.504	0.69025				2
2026.04.03	16:37:23.860	0.69024				2
2026.04.03	16:37:24.160	0.69023	0.69027			6
2026.04.03	16:37:38.298	0.69024	0.69028			6
2026.04.03	16:37:38.598	0.69025				2
2026.04.03	16:37:38.898	0.69024				2
2026.04.03	16:37:50.625	0.69025				2
2026.04.03	16:38:00.251	0.69025				2
2026.04.03	16:38:11.678	0.69022	0.69026			6
2026.04.03	16:38:11.982	0.69023	0.69027			6
2026.04.03	16:38:13.785	0.69022	0.69025			6
2026.04.03	16:38:14.385	0.69023	0.69027			6
2026.04.03	16:38:18.905	0.69022	0.69026			6
2026.04.03	16:38:19.204		0.69025			4
2026.04.03	16:38:32.422		0.69026			4
2026.04.03	16:38:36.027		0.69025			4
2026.04.03	16:38:40.252	0.69020	0.69023			6
2026.04.03	16:38:40.546	0.69018	0.69022			6
2026.04.03	16:38:41.150	0.69017	0.69021			6
2026.04.03	16:38:46.556	0.69011	0.69015			6
2026.04.03	16:38:48.059	0.69012	0.69016			6
2026.04.03	16:38:51.972		0.69015			4
2026.04.03	16:38:56.476		0.69016			4
2026.04.03	16:39:00.086	0.69012				2
2026.04.03	16:39:03.087	0.69013	0.69017			6
2026.04.03	16:39:10.011	0.69014	0.69018			6
2026.04.03	16:39:56.626	0.69009	0.69013			6
2026.04.03	16:39:56.925	0.69010				2
2026.04.03	16:39:57.223	0.69006	0.69010			6
2026.04.03	16:39:58.128	0.69007	0.69011			6
2026.04.03	16:39:59.932	0.69006	0.69010			6
2026.04.03	16:40:00.235	0.69006				2
2026.04.03	16:40:01.432	0.69005	0.69009			6
2026.04.03	16:40:03.237	0.69006	0.69010			6
2026.04.03	16:40:09.265	0.69005	0.69009			6
2026.04.03	16:40:10.768	0.69004	0.69008			6
2026.04.03	16:40:11.371	0.69003	0.69007			6
2026.04.03	16:40:14.982	0.69004				2
2026.04.03	16:40:15.884	0.69003	0.69006			6
2026.04.03	16:40:16.787	0.69002				2
2026.04.03	16:40:25.817		0.69004			4
2026.04.03	16:40:26.118		0.69006			4
2026.04.03	16:40:32.735	0.69004	0.69007			6
2026.04.03	16:40:33.635		0.69008			4
2026.04.03	16:40:34.837	0.69003	0.69007			6
2026.04.03	16:40:39.947	0.69002	0.69006			6
2026.04.03	16:40:40.247	0.69001	0.69005			6
2026.04.03	16:40:42.660	0.69002				2
2026.04.03	16:40:43.563		0.69006			4
2026.04.03	16:40:43.868	0.69003				2
2026.04.03	16:40:48.977	0.69002	0.69005			6
2026.04.03	16:40:50.780		0.69006			4
2026.04.03	16:40:51.080	0.69003	0.69007			6
2026.04.03	16:40:54.387	0.69001	0.69004			6
2026.04.03	16:41:00.098	0.69001				2
2026.04.03	16:41:02.503	0.69003	0.69007			6
2026.04.03	16:41:02.805	0.69004				2
2026.04.03	16:41:04.908		0.69008			4
2026.04.03	16:41:38.615		0.69007			4
2026.04.03	16:41:40.422		0.69008			4
2026.04.03	16:42:00.003	0.69004				2
2026.04.03	16:42:09.324	0.69003	0.69007			6
2026.04.03	16:42:12.027	0.69004	0.69008			6
2026.04.03	16:42:35.781	0.69006	0.69010			6
2026.04.03	16:42:36.081	0.69004	0.69008			6
2026.04.03	16:42:39.087		0.69007			4
2026.04.03	16:42:46.604		0.69008			4
2026.04.03	16:43:00.132	0.69004				2
2026.04.03	16:43:12.176	0.69003	0.69006			6
2026.04.03	16:43:16.682	0.69001	0.69005			6
2026.04.03	16:43:31.711	0.69002	0.69006			6
2026.04.03	16:43:35.620	0.69001	0.69005			6
2026.04.03	16:43:38.931	0.69002	0.69006			6
2026.04.03	16:43:44.343	0.69001	0.69005			6
2026.04.03	16:43:44.642	0.69002	0.69006			6
2026.04.03	16:43:47.647	0.69001	0.69005			6
2026.04.03	16:43:50.355	0.69002	0.69006			6
2026.04.03	16:43:53.664	0.69001	0.69005			6
2026.04.03	16:43:54.869	0.69002	0.69006			6
2026.04.03	16:43:55.772	0.69005	0.69009			6
2026.04.03	16:43:58.184	0.69006	0.69010			6
2026.04.03	16:44:00.287	0.69006				2
2026.04.03	16:44:10.820	0.69007	0.69011			6
2026.04.03	16:44:21.039	0.69009	0.69012			6
2026.04.03	16:44:21.340	0.69007	0.69011			6
2026.04.03	16:44:25.856	0.69006	0.69010			6
2026.04.03	16:44:26.157	0.69007	0.69011			6
2026.04.03	16:44:29.475	0.69008				2
2026.04.03	16:44:29.772	0.69007				2
2026.04.03	16:44:34.277	0.69006	0.69010			6
2026.04.03	16:44:39.083	0.69007	0.69011			6
2026.04.03	16:44:39.984	0.69005	0.69010			6
2026.04.03	16:44:40.284		0.69009			4
2026.04.03	16:44:42.087	0.69007	0.69011			6
2026.04.03	16:44:42.388	0.69008	0.69012			6
2026.04.03	16:44:45.400	0.69009	0.69013			6
2026.04.03	16:44:46.304	0.69011	0.69015			6
2026.04.03	16:44:47.205	0.69010	0.69014			6
2026.04.03	16:44:47.510	0.69011	0.69015			6
2026.04.03	16:44:53.818		0.69014			4
2026.04.03	16:44:56.221	0.69010				2
2026.04.03	16:44:56.522	0.69011	0.69015			6
2026.04.03	16:44:57.122		0.69014			4
2026.04.03	16:44:57.422		0.69015			4
2026.04.03	16:44:59.223	0.69010	0.69014			6
2026.04.03	16:44:59.826	0.69009	0.69013			6
2026.04.03	16:45:00.131	0.69009				2
2026.04.03	16:45:00.726	0.69008				2
2026.04.03	16:45:02.232	0.69010	0.69014			6
2026.04.03	16:45:15.180	0.69011	0.69015			6
2026.04.03	16:45:15.481	0.69010	0.69014			6
2026.04.03	16:45:25.111	0.69011	0.69015			6
2026.04.03	16:45:25.410	0.69010	0.69014			6
2026.04.03	16:45:30.225	0.69014	0.69018			6
2026.04.03	16:45:30.523	0.69015	0.69019			6
2026.04.03	16:45:34.732	0.69013	0.69017			6
2026.04.03	16:45:35.938	0.69012				2
2026.04.03	16:45:40.454	0.69015	0.69019			6
2026.04.03	16:45:56.994	0.69016	0.69020			6
2026.04.03	16:46:00.000	0.69016				2
2026.04.03	16:46:01.800	0.69018	0.69022			6
2026.04.03	16:46:03.003	0.69017	0.69021			6
2026.04.03	16:46:14.721	0.69016	0.69020			6
2026.04.03	16:46:15.019	0.69017	0.69021			6
2026.04.03	16:46:37.581	0.69016	0.69020			6
2026.04.03	16:46:41.790	0.69017	0.69021			6
2026.04.03	16:46:49.905	0.69016	0.69020			6
2026.04.03	16:46:50.809	0.69017	0.69021			6
2026.04.03	16:46:56.832	0.69018	0.69022			6
2026.04.03	16:47:00.132	0.69018				2
2026.04.03	16:47:01.935	0.69020	0.69024			6
2026.04.03	16:47:02.235	0.69025	0.69028			6
2026.04.03	16:47:02.535	0.69023	0.69027			6
2026.04.03	16:47:02.836	0.69024	0.69028			6
2026.04.03	16:47:04.942	0.69023	0.69026			6
2026.04.03	16:47:05.243		0.69027			4
2026.04.03	16:47:06.148		0.69026			4
2026.04.03	16:47:14.261		0.69027			4
2026.04.03	16:47:14.559	0.69025	0.69029			6
2026.04.03	16:47:19.681	0.69024	0.69028			6
2026.04.03	16:47:29.004	0.69019	0.69023			6
2026.04.03	16:47:40.724	0.69017	0.69021			6
2026.04.03	16:47:52.458	0.69021	0.69025			6
2026.04.03	16:48:00.271	0.69021				2
2026.04.03	16:48:32.130	0.69020	0.69024			6
2026.04.03	16:48:32.433	0.69019	0.69023			6
2026.04.03	16:48:50.472	0.69018	0.69022			6
2026.04.03	16:48:50.776	0.69019	0.69023			6
2026.04.03	16:48:52.880	0.69017	0.69021			6
2026.04.03	16:48:54.981	0.69016	0.69020			6
2026.04.03	16:48:57.083	0.69017	0.69021			6
2026.04.03	16:49:00.089	0.69017				2
2026.04.03	16:49:00.986	0.69016	0.69020			6
2026.04.03	16:49:03.092	0.69020	0.69024			6
2026.04.03	16:49:03.393	0.69019	0.69023			6
2026.04.03	16:49:05.199	0.69018				2
2026.04.03	16:49:06.400	0.69019				2
2026.04.03	16:49:07.001	0.69018				2
2026.04.03	16:49:07.903	0.69019				2
2026.04.03	16:49:11.210	0.69027	0.69031			6
2026.04.03	16:49:13.011	0.69028				2
2026.04.03	16:49:20.224		0.69033			4
2026.04.03	16:49:20.525	0.69030	0.69034			6
2026.04.03	16:49:20.822	0.69032	0.69036			6
2026.04.03	16:49:34.652	0.69030	0.69034			6
2026.04.03	16:49:36.155	0.69031	0.69035			6
2026.04.03	16:49:36.458	0.69033	0.69036			6
2026.04.03	16:49:39.759	0.69032				2
2026.04.03	16:49:51.787	0.69029	0.69033			6
2026.04.03	16:49:56.900	0.69030	0.69034			6
2026.04.03	16:49:57.500	0.69029	0.69033			6
2026.04.03	16:49:59.606	0.69030	0.69034			6
2026.04.03	16:50:00.207	0.69029	0.69033			6
2026.04.03	16:50:26.056	0.69030	0.69034			6
2026.04.03	16:50:26.355	0.69031	0.69035			6
2026.04.03	16:50:26.658	0.69030	0.69034			6
2026.04.03	16:50:35.402	0.69029	0.69033			6
2026.04.03	16:50:36.603	0.69028				2
2026.04.03	16:50:46.822	0.69030	0.69034			6
2026.04.03	16:50:47.124	0.69028				2
2026.04.03	16:50:47.421	0.69031	0.69035			6
2026.04.03	16:50:47.722	0.69030				2
2026.04.03	16:50:48.021	0.69031				2
2026.04.03	16:50:49.524	0.69030	0.69034			6
2026.04.03	16:50:49.824	0.69031	0.69035			6
2026.04.03	16:50:59.139	0.69032	0.69036			6
2026.04.03	16:50:59.442	0.69034	0.69038			6
2026.04.03	16:50:59.742	0.69035	0.69039			6
2026.04.03	16:51:00.042	0.69035				2
2026.04.03	16:51:00.342	0.69034	0.69038			6
2026.04.03	16:51:07.568	0.69037	0.69041			6
2026.04.03	16:51:08.469	0.69036	0.69040			6
2026.04.03	16:51:09.376	0.69037	0.69041			6
2026.04.03	16:51:26.817	0.69036	0.69040			6
2026.04.03	16:51:28.024	0.69035	0.69038			6
2026.04.03	16:51:30.123	0.69034				2
2026.04.03	16:51:52.365	0.69035	0.69039			6
2026.04.03	16:52:00.185	0.69035				2
2026.04.03	16:52:03.192	0.69030	0.69034			6
2026.04.03	16:52:17.332	0.69029	0.69033			6
2026.04.03	16:52:26.353	0.69030	0.69034			6
2026.04.03	16:52:31.769	0.69029	0.69033			6
2026.04.03	16:52:48.299	0.69030	0.69034			6
2026.04.03	16:52:50.704	0.69032	0.69036			6
2026.04.03	16:52:51.006	0.69031	0.69035			6
2026.04.03	16:52:51.308	0.69030	0.69034			6
2026.04.03	16:52:51.606	0.69029	0.69033			6
2026.04.03	16:52:52.511	0.69025	0.69029			6
2026.04.03	16:52:53.708	0.69021	0.69025			6
2026.04.03	16:52:57.623	0.69020	0.69024			6
2026.04.03	16:53:00.025	0.69020				2
2026.04.03	16:53:00.930	0.69019	0.69023			6
2026.04.03	16:53:09.655	0.69022	0.69026			6
2026.04.03	16:53:09.955	0.69021	0.69025			6
2026.04.03	16:53:18.686	0.69022	0.69026			6
2026.04.03	16:53:21.102	0.69021	0.69025			6
2026.04.03	16:53:30.132	0.69022	0.69026			6
2026.04.03	16:53:35.551	0.69024	0.69028			6
2026.04.03	16:53:44.869	0.69026	0.69030			6
2026.04.03	16:53:47.277	0.69027	0.69031			6
2026.04.03	16:53:47.578	0.69026	0.69030			6
2026.04.03	16:53:48.477	0.69028	0.69032			6
2026.04.03	16:53:48.778	0.69027	0.69031			6
2026.04.03	16:53:49.077	0.69028	0.69032			6
2026.04.03	16:53:51.181	0.69027	0.69031			6
2026.04.03	16:53:52.983	0.69026	0.69030			6
2026.04.03	16:54:00.205	0.69026				2
2026.04.03	16:54:02.008	0.69028	0.69032			6
2026.04.03	16:54:05.012	0.69027	0.69031			6
2026.04.03	16:54:10.124	0.69029	0.69033			6
2026.04.03	16:54:20.957	0.69026	0.69030			6
2026.04.03	16:54:23.060	0.69027	0.69031			6
2026.04.03	16:54:25.775	0.69028	0.69032			6
2026.04.03	16:54:26.074	0.69027	0.69030			6
2026.04.03	16:54:26.379	0.69029	0.69033			6
2026.04.03	16:54:29.686		0.69032			4
2026.04.03	16:54:32.996		0.69033			4
2026.04.03	16:54:34.199	0.69025	0.69029			6
2026.04.03	16:54:37.805	0.69026	0.69030			6
2026.04.03	16:54:39.006	0.69025	0.69029			6
2026.04.03	16:54:42.315	0.69026	0.69030			6
2026.04.03	16:54:42.615	0.69024	0.69029			6
2026.04.03	16:54:46.226	0.69026	0.69030			6
2026.04.03	16:54:46.828	0.69024	0.69029			6
2026.04.03	16:54:49.232	0.69026	0.69030			6
2026.04.03	16:54:49.534	0.69024	0.69029			6
2026.04.03	16:54:51.039	0.69026	0.69030			6
2026.04.03	16:54:51.943	0.69025	0.69029			6
2026.04.03	16:54:52.245	0.69026	0.69030			6
2026.04.03	16:54:52.547	0.69024	0.69029			6
2026.04.03	16:54:54.050	0.69025				2
2026.04.03	16:54:57.654	0.69024	0.69028			6
2026.04.03	16:54:58.855	0.69023	0.69027			6
2026.04.03	16:54:59.157	0.69022	0.69026			6
2026.04.03	16:55:00.058	0.69022				2
2026.04.03	16:55:01.262		0.69027			4
2026.04.03	16:55:03.069	0.69023				2
2026.04.03	16:55:03.370	0.69024	0.69028			6
2026.04.03	16:55:05.479	0.69025	0.69029			6
2026.04.03	16:55:05.776	0.69026	0.69030			6
2026.04.03	16:55:07.879	0.69025	0.69029			6
2026.04.03	16:55:13.287	0.69024	0.69028			6
2026.04.03	16:55:13.887	0.69025	0.69029			6
2026.04.03	16:55:14.489	0.69024	0.69028			6
2026.04.03	16:55:15.692		0.69029			4
2026.04.03	16:55:15.992	0.69025				2
2026.04.03	16:55:16.893	0.69024	0.69028			6
2026.04.03	16:55:17.793	0.69025	0.69029			6
2026.04.03	16:55:18.097	0.69024				2
2026.04.03	16:55:24.417	0.69023	0.69027			6
2026.04.03	16:55:26.521	0.69025	0.69028			6
2026.04.03	16:55:26.820	0.69024				2
2026.04.03	16:55:29.221	0.69025				2
2026.04.03	16:55:34.030	0.69027	0.69030			6
2026.04.03	16:55:34.330	0.69028	0.69032			6
2026.04.03	16:55:35.235	0.69029	0.69033			6
2026.04.03	16:55:37.944	0.69034	0.69038			6
2026.04.03	16:55:38.244	0.69031	0.69035			6
2026.04.03	16:55:41.855	0.69032	0.69036			6
2026.04.03	16:55:42.154	0.69031	0.69035			6
2026.04.03	16:55:43.357	0.69032	0.69036			6
2026.04.03	16:55:44.857	0.69031	0.69035			6
2026.04.03	16:55:45.158	0.69032	0.69036			6
2026.04.03	16:55:45.457	0.69031	0.69035			6
2026.04.03	16:55:46.059	0.69032	0.69036			6
2026.04.03	16:55:50.575	0.69030	0.69034			6
2026.04.03	16:55:51.177	0.69032	0.69036			6
2026.04.03	16:55:55.394	0.69030	0.69034			6
2026.04.03	16:55:56.599	0.69029	0.69033			6
2026.04.03	16:55:57.500		0.69032			4
2026.04.03	16:56:00.204	0.69029				2
2026.04.03	16:56:04.117		0.69033			4
2026.04.03	16:56:14.639		0.69032			4
2026.04.03	16:56:14.936	0.69030	0.69034			6
2026.04.03	16:56:16.739	0.69029	0.69033			6
2026.04.03	16:56:21.556	0.69028	0.69032			6
2026.04.03	16:56:37.806	0.69032	0.69036			6
2026.04.03	16:56:38.105	0.69034	0.69037			6
2026.04.03	16:56:42.007		0.69038			4
2026.04.03	16:56:45.617		0.69037			4
2026.04.03	16:56:46.520	0.69033				2
2026.04.03	16:56:51.639	0.69032	0.69036			6
2026.04.03	16:57:00.058	0.69032				2
2026.04.03	16:57:04.268	0.69033				2
2026.04.03	16:57:29.228	0.69032				2
2026.04.03	16:57:30.737	0.69031	0.69035			6
2026.04.03	16:57:33.146	0.69032	0.69036			6
2026.04.03	16:57:47.581	0.69031	0.69035			6
2026.04.03	16:57:48.782	0.69030	0.69034			6
2026.04.03	16:57:50.283	0.69031	0.69035			6
2026.04.03	16:57:56.294	0.69030	0.69034			6
2026.04.03	16:58:00.209	0.69030				2
2026.04.03	16:58:21.244	0.69032	0.69036			6
2026.04.03	16:58:21.545	0.69031	0.69035			6
2026.04.03	16:58:21.845	0.69030				2
2026.04.03	16:58:29.963	0.69031				2
2026.04.03	16:58:32.068		0.69036			4
2026.04.03	16:58:37.180	0.69032				2
2026.04.03	16:58:45.603	0.69033	0.69037			6
2026.04.03	16:58:49.209	0.69038	0.69042			6
2026.04.03	16:58:54.322	0.69037	0.69041			6
2026.04.03	16:58:55.225		0.69042			4
2026.04.03	16:58:57.325	0.69036	0.69041			6
2026.04.03	16:59:00.033	0.69036				2
2026.04.03	16:59:02.439		0.69040			4
2026.04.03	16:59:03.343	0.69033	0.69038			6
2026.04.03	16:59:06.654	0.69032				2
2026.04.03	16:59:13.576		0.69037			4
2026.04.03	16:59:18.087		0.69038			4
2026.04.03	16:59:18.689	0.69035	0.69039			6
2026.04.03	16:59:19.896		0.69040			4
2026.04.03	16:59:34.337	0.69033	0.69038			6
2026.04.03	16:59:36.450	0.69032				2
2026.04.03	16:59:37.350	0.69033				2
2026.04.03	16:59:39.457	0.69032	0.69036			6
2026.04.03	16:59:41.566	0.69031				2
2026.04.03	16:59:43.374	0.69032				2
2026.04.03	16:59:45.179	0.69031	0.69035			6
2026.04.03	16:59:45.778		0.69036			4
2026.04.03	16:59:50.595		0.69035			4
2026.04.03	17:00:00.232	0.69031				2
2026.04.03	17:00:00.535	0.69030				2
2026.04.03	17:00:07.159	0.69034	0.69038			6
2026.04.03	17:00:07.460	0.69033	0.69037			6
2026.04.03	17:00:07.757	0.69032				2
2026.04.03	17:00:17.378		0.69038			4
2026.04.03	17:00:20.982	0.69031				2
2026.04.03	17:00:25.482		0.69036			4
2026.04.03	17:00:26.683	0.69030	0.69035			6
2026.04.03	17:00:29.987	0.69029				2
2026.04.03	17:00:32.098	0.69030				2
2026.04.03	17:00:35.404	0.69031				2
2026.04.03	17:00:42.019	0.69029	0.69033			6
2026.04.03	17:00:42.323	0.69028	0.69032			6
2026.04.03	17:00:45.624	0.69029	0.69033			6
2026.04.03	17:00:50.136	0.69028	0.69032			6
2026.04.03	17:00:50.439	0.69027	0.69031			6
2026.04.03	17:00:54.639	0.69026	0.69030			6
2026.04.03	17:00:54.940	0.69027	0.69031			6
2026.04.03	17:00:56.749	0.69023	0.69027			6
2026.04.03	17:00:57.351	0.69024	0.69028			6
2026.04.03	17:01:00.057	0.69024				2
2026.04.03	17:01:02.466	0.69020	0.69024			6
2026.04.03	17:01:02.766	0.69019	0.69022			6
2026.04.03	17:01:05.477		0.69023			4
2026.04.03	17:01:07.580	0.69016	0.69020			6
2026.04.03	17:01:12.689	0.69014	0.69018			6
2026.04.03	17:01:15.099	0.69013	0.69017			6
2026.04.03	17:01:16.604	0.69017	0.69021			6
2026.04.03	17:01:17.203	0.69019	0.69023			6
2026.04.03	17:01:25.329	0.69018	0.69022			6
2026.04.03	17:01:29.541	0.69017	0.69020			6
2026.04.03	17:01:31.040	0.69016				2
2026.04.03	17:01:39.155	0.69019	0.69022			6
2026.04.03	17:01:43.058	0.69018				2
2026.04.03	17:01:44.864	0.69019				2
2026.04.03	17:01:48.172	0.69022	0.69025			6
2026.04.03	17:01:49.676	0.69021				2
2026.04.03	17:01:49.976	0.69022				2
2026.04.03	17:01:52.686	0.69026	0.69030			6
2026.04.03	17:01:53.584	0.69025	0.69029			6
2026.04.03	17:01:53.886	0.69026	0.69030			6
2026.04.03	17:02:00.200	0.69026				2
2026.04.03	17:02:07.115	0.69020	0.69023			6
2026.04.03	17:02:07.414	0.69019				2
2026.04.03	17:02:09.212	0.69018	0.69022			6
2026.04.03	17:02:19.132	0.69019	0.69023			6
2026.04.03	17:02:29.975	0.69020	0.69024			6
2026.04.03	17:02:30.876	0.69019	0.69023			6
2026.04.03	17:02:57.952	0.69020	0.69024			6
2026.04.03	17:03:00.056	0.69020				2
2026.04.03	17:03:14.196	0.69016	0.69020			6
2026.04.03	17:03:14.498	0.69015	0.69019			6
2026.04.03	17:03:14.797	0.69014	0.69018			6
2026.04.03	17:03:15.397		0.69017			4
2026.04.03	17:03:19.010		0.69018			4
2026.04.03	17:03:21.413	0.69013	0.69017			6
2026.04.03	17:03:24.120	0.69018	0.69022			6
2026.04.03	17:03:35.539		0.69021			4
2026.04.03	17:03:35.836		0.69022			4
2026.04.03	17:03:40.046	0.69019				2
2026.04.03	17:03:40.347		0.69023			4
2026.04.03	17:03:40.950		0.69022			4
2026.04.03	17:03:41.254	0.69020	0.69024			6
2026.04.03	17:03:44.858	0.69019	0.69023			6
2026.04.03	17:03:46.363		0.69022			4
2026.04.03	17:03:47.571	0.69018	0.69020			6
2026.04.03	17:03:47.871		0.69021			4
2026.04.03	17:03:48.771		0.69022			4
2026.04.03	17:03:58.987		0.69021			4
2026.04.03	17:04:00.190	0.69018				2
2026.04.03	17:04:03.198	0.69012	0.69016			6
2026.04.03	17:04:03.500	0.69011	0.69015			6
2026.04.03	17:04:09.206	0.69012				2
2026.04.03	17:04:11.305	0.69011				2
2026.04.03	17:04:11.906	0.69012				2
2026.04.03	17:04:14.310	0.69014	0.69016			6
2026.04.03	17:04:14.613	0.69015	0.69017			6
2026.04.03	17:04:23.324	0.69014	0.69016			6
2026.04.03	17:04:32.340	0.69013				2
2026.04.03	17:04:33.846	0.69012	0.69015			6
2026.04.03	17:04:37.150	0.69011	0.69014			6
2026.04.03	17:04:48.571	0.69005	0.69009			6
2026.04.03	17:04:48.870	0.69004	0.69008			6
2026.04.03	17:04:50.976	0.69005				2
2026.04.03	17:04:53.378	0.69004				2
2026.04.03	17:04:55.178	0.69005				2
2026.04.03	17:04:56.678	0.69004				2
2026.04.03	17:05:00.287	0.69004				2
2026.04.03	17:05:13.216	0.69005	0.69009			6
2026.04.03	17:05:15.623	0.69003	0.69007			6
2026.04.03	17:05:16.227	0.69004	0.69008			6
2026.04.03	17:05:17.727	0.69007	0.69009			6
2026.04.03	17:05:18.324		0.69010			4
2026.04.03	17:05:24.337	0.69006				2
2026.04.03	17:05:31.255	0.69007				2
2026.04.03	17:05:41.787	0.69005	0.69009			6
2026.04.03	17:05:49.602	0.69004	0.69008			6
2026.04.03	17:06:00.119	0.69004				2
2026.04.03	17:06:15.758	0.69002	0.69005			6
2026.04.03	17:06:16.357	0.69003				2
2026.04.03	17:06:19.963		0.69006			4
2026.04.03	17:06:31.386	0.69005	0.69009			6
2026.04.03	17:06:37.099	0.69007				2
2026.04.03	17:06:43.118	0.69004	0.69008			6
2026.04.03	17:06:49.134	0.69005	0.69009			6
2026.04.03	17:06:49.433	0.69007	0.69010			6
2026.04.03	17:06:49.737	0.69006				2
2026.04.03	17:06:51.535	0.69005	0.69009			6
2026.04.03	17:06:51.839	0.69004	0.69008			6
2026.04.03	17:06:52.136	0.69003	0.69007			6
2026.04.03	17:06:55.443	0.69001	0.69005			6
2026.04.03	17:06:57.551	0.69000	0.69004			6
2026.04.03	17:07:00.264	0.69000				2
2026.04.03	17:07:06.283	0.69004	0.69007			6
2026.04.03	17:07:08.384		0.69008			4
2026.04.03	17:07:15.300		0.69007			4
2026.04.03	17:07:21.921	0.69003				2
2026.04.03	17:07:22.220	0.69001	0.69005			6
2026.04.03	17:07:33.955	0.69000	0.69004			6
2026.04.03	17:07:34.255	0.68999	0.69003			6
2026.04.03	17:07:38.471		0.69001			4
2026.04.03	17:07:38.768	0.68997				2
2026.04.03	17:07:39.071	0.68995	0.68999			6
2026.04.03	17:07:39.368	0.68994	0.68998			6
2026.04.03	17:07:48.690	0.68992	0.68995			6
2026.04.03	17:07:52.305	0.68993	0.68996			6
2026.04.03	17:07:52.609	0.68999	0.69001			6
2026.04.03	17:07:55.312		0.69003			4
2026.04.03	17:08:00.125	0.68999				2
2026.04.03	17:08:04.635		0.69002			4
2026.04.03	17:08:06.135		0.69003			4
2026.04.03	17:08:07.037	0.69000	0.69004			6
2026.04.03	17:08:48.270	0.68999	0.69003			6
2026.04.03	17:09:00.297	0.68999				2
2026.04.03	17:09:01.199		0.69004			4
2026.04.03	17:09:16.850		0.69003			4
2026.04.03	17:10:00.169	0.68999				2
2026.04.03	17:10:01.977	0.68997	0.69000			6
2026.04.03	17:10:02.278		0.68999			4
2026.04.03	17:10:05.584	0.68995				2
2026.04.03	17:10:06.787	0.68996				2
2026.04.03	17:10:10.395	0.68997				2
2026.04.03	17:10:10.696	0.68995				2
2026.04.03	17:10:11.598	0.68996				2
2026.04.03	17:10:14.603	0.68995				2
2026.04.03	17:10:16.105	0.68991	0.68995			6
2026.04.03	17:10:16.707	0.68993	0.68997			6
2026.04.03	17:10:17.004	0.68994	0.68998			6
2026.04.03	17:10:20.611	0.68995				2
2026.04.03	17:10:28.122	0.68996				2
2026.04.03	17:10:28.425	0.68997	0.68999			6
2026.04.03	17:10:57.298	0.68995				2
2026.04.03	17:10:57.593	0.68997				2
2026.04.03	17:11:00.000	0.68997				2
2026.04.03	17:11:00.304	0.68996	0.69000			6
2026.04.03	17:11:00.604	0.68997				2
2026.04.03	17:11:17.746		0.69001			4
2026.04.03	17:11:19.845		0.69000			4
2026.04.03	17:11:41.502	0.68996				2
2026.04.03	17:11:41.802	0.68997				2
2026.04.03	17:11:57.428	0.68996				2
2026.04.03	17:11:57.728	0.68997				2
2026.04.03	17:12:00.133	0.68997				2
2026.04.03	17:12:00.432	0.68995	0.68999			6
2026.04.03	17:12:00.732	0.68996	0.69000			6
2026.04.03	17:12:01.936	0.68992	0.68995			6
2026.04.03	17:12:02.535	0.68993				2
2026.04.03	17:12:05.847	0.68992				2
2026.04.03	17:12:12.765		0.68996			4
2026.04.03	17:12:13.065	0.68994	0.68997			6
2026.04.03	17:12:15.167	0.68992	0.68996			6
2026.04.03	17:12:32.908		0.68995			4
2026.04.03	17:12:35.617	0.68991				2
2026.04.03	17:12:39.521	0.68992	0.68996			6
2026.04.03	17:12:44.324	0.68990	0.68994			6
2026.04.03	17:12:45.227	0.68991	0.68995			6
2026.04.03	17:12:55.157	0.68992				2
2026.04.03	17:12:56.963	0.68991				2
2026.04.03	17:12:59.369		0.68994			4
2026.04.03	17:13:00.271	0.68991				2
2026.04.03	17:13:06.587	0.68990				2
2026.04.03	17:13:14.106	0.68987	0.68989			6
2026.04.03	17:13:14.407		0.68990			4
2026.04.03	17:13:15.304		0.68991			4
2026.04.03	17:13:24.323	0.68986	0.68990			6
2026.04.03	17:13:26.125	0.68985	0.68987			6
2026.04.03	17:13:26.427	0.68986	0.68989			6
2026.04.03	17:13:27.027		0.68990			4
2026.04.03	17:13:34.245	0.68987				2
2026.04.03	17:13:36.655		0.68991			4
2026.04.03	17:13:39.359	0.68988	0.68992			6
2026.04.03	17:13:40.258	0.68989	0.68993			6
2026.04.03	17:13:50.177		0.68992			4
2026.04.03	17:14:00.112	0.68989				2
2026.04.03	17:14:04.621		0.68993			4
2026.04.03	17:14:08.832		0.68992			4
2026.04.03	17:14:25.087	0.68985	0.68989			6
2026.04.03	17:14:25.387	0.68986	0.68990			6
2026.04.03	17:14:25.688	0.68985	0.68989			6
2026.04.03	17:14:26.289	0.68986				2
2026.04.03	17:14:26.591	0.68985				2
2026.04.03	17:14:31.410	0.68986	0.68990			6
2026.04.03	17:14:35.927	0.68987	0.68991			6
2026.04.03	17:14:42.540	0.68985	0.68989			6
2026.04.03	17:14:45.855	0.68987	0.68990			6
2026.04.03	17:14:47.055	0.68986				2
2026.04.03	17:14:47.657	0.68987				2
2026.04.03	17:14:48.259	0.68986				2
2026.04.03	17:14:48.558	0.68987				2
2026.04.03	17:14:50.966	0.68986				2
2026.04.03	17:14:51.869	0.68987				2
2026.04.03	17:14:52.170	0.68986				2
2026.04.03	17:15:00.287	0.68986				2
2026.04.03	17:15:03.298	0.68985	0.68989			6
2026.04.03	17:15:09.314		0.68988			4
2026.04.03	17:15:13.521	0.68984				2
2026.04.03	17:15:13.820		0.68987			4
2026.04.03	17:15:15.925		0.68988			4
2026.04.03	17:15:19.232		0.68987			4
2026.04.03	17:15:27.360		0.68988			4
2026.04.03	17:15:27.959	0.68986	0.68990			6
2026.04.03	17:15:30.370	0.68987				2
2026.04.03	17:15:45.109	0.68986				2
2026.04.03	17:15:49.021	0.68985	0.68989			6
2026.04.03	17:15:52.030	0.68986	0.68990			6
2026.04.03	17:15:53.531	0.68978	0.68982			6
2026.04.03	17:15:54.733	0.68975	0.68979			6
2026.04.03	17:15:55.034	0.68976	0.68980			6
2026.04.03	17:15:55.633		0.68981			4
2026.04.03	17:15:57.438	0.68975	0.68980			6
2026.04.03	17:16:00.146	0.68975				2
2026.04.03	17:16:02.555	0.68976	0.68981			6
2026.04.03	17:16:10.382		0.68980			4
2026.04.03	17:16:13.702	0.68972	0.68976			6
2026.04.03	17:16:14.003	0.68971	0.68975			6
2026.04.03	17:16:16.405	0.68972	0.68976			6
2026.04.03	17:16:40.184	0.68973	0.68977			6
2026.04.03	17:16:43.189		0.68978			4
2026.04.03	17:16:49.202	0.68974				2
2026.04.03	17:16:54.010	0.68973				2
2026.04.03	17:17:00.025	0.68973				2
2026.04.03	17:17:11.155	0.68974				2
2026.04.03	17:17:14.465		0.68977			4
2026.04.03	17:17:19.582	0.68973				2
2026.04.03	17:17:44.865	0.68974	0.68978			6
2026.04.03	17:18:00.204	0.68974				2
2026.04.03	17:18:03.209	0.68973	0.68977			6
2026.04.03	17:18:14.334	0.68974				2
2026.04.03	17:18:17.938	0.68973				2
2026.04.03	17:18:24.556		0.68976			4
2026.04.03	17:18:36.300	0.68974	0.68978			6
2026.04.03	17:18:42.020	0.68973	0.68977			6
2026.04.03	17:18:59.180	0.68974	0.68978			6
2026.04.03	17:18:59.481	0.68973	0.68976			6
2026.04.03	17:19:00.089	0.68973				2
2026.04.03	17:19:08.201	0.68971	0.68975			6
2026.04.03	17:19:15.730	0.68969	0.68973			6
2026.04.03	17:19:16.031	0.68968	0.68972			6
2026.04.03	17:19:28.056	0.68967	0.68970			6
2026.04.03	17:19:28.360	0.68968				2
2026.04.03	17:19:29.865	0.68967				2
2026.04.03	17:19:30.766	0.68966				2
2026.04.03	17:19:35.876	0.68967				2
2026.04.03	17:19:36.780	0.68966	0.68969			6
2026.04.03	17:19:41.892	0.68967	0.68971			6
2026.04.03	17:19:52.110	0.68968	0.68972			6
2026.04.03	17:19:53.915	0.68967	0.68971			6
2026.04.03	17:20:00.228	0.68967				2
2026.04.03	17:20:03.535	0.68969	0.68972			6
2026.04.03	17:20:03.838	0.68968				2
2026.04.03	17:20:17.071	0.68966	0.68970			6
2026.04.03	17:20:17.374	0.68963	0.68967			6
2026.04.03	17:20:17.974	0.68962	0.68966			6
2026.04.03	17:20:27.291	0.68961	0.68965			6
2026.04.03	17:20:33.004	0.68962				2
2026.04.03	17:20:42.018	0.68961				2
2026.04.03	17:21:00.068	0.68961				2
2026.04.03	17:21:02.477	0.68958	0.68962			6
2026.04.03	17:21:02.774	0.68960	0.68964			6
2026.04.03	17:21:03.675	0.68961				2
2026.04.03	17:21:06.978	0.68960				2
2026.04.03	17:21:08.177	0.68955	0.68959			6
2026.04.03	17:21:08.480	0.68956				2
2026.04.03	17:21:10.284	0.68955				2
2026.04.03	17:21:10.584	0.68954	0.68958			6
2026.04.03	17:21:16.904	0.68953				2
2026.04.03	17:21:17.504	0.68954				2
2026.04.03	17:21:30.133	0.68958	0.68962			6
2026.04.03	17:21:30.433	0.68957	0.68961			6
2026.04.03	17:21:30.735	0.68959	0.68963			6
2026.04.03	17:21:41.558	0.68958	0.68962			6
2026.04.03	17:21:44.575	0.68960				2
2026.04.03	17:21:44.876	0.68961	0.68963			6
2026.04.03	17:21:52.699	0.68960				2
2026.04.03	17:21:52.999	0.68958	0.68962			6
2026.04.03	17:22:00.220	0.68958				2
2026.04.03	17:22:30.612	0.68957	0.68961			6
2026.04.03	17:22:30.913	0.68955	0.68959			6
2026.04.03	17:22:31.215	0.68956	0.68960			6
2026.04.03	17:22:31.513	0.68957	0.68961			6
2026.04.03	17:22:46.553	0.68956	0.68960			6
2026.04.03	17:22:46.858	0.68957				2
2026.04.03	17:22:48.354		0.68961			4
2026.04.03	17:23:00.082	0.68957				2
2026.04.03	17:23:00.682	0.68956	0.68960			6
2026.04.03	17:23:00.983	0.68958	0.68962			6
2026.04.03	17:23:01.284	0.68956	0.68960			6
2026.04.03	17:23:02.186	0.68958	0.68962			6
2026.04.03	17:23:24.734	0.68955	0.68959			6
2026.04.03	17:23:25.036	0.68954	0.68958			6
2026.04.03	17:23:33.761	0.68955	0.68959			6
2026.04.03	17:23:34.968	0.68957	0.68961			6
2026.04.03	17:23:40.988	0.68958	0.68962			6
2026.04.03	17:23:41.895	0.68956	0.68960			6
2026.04.03	17:23:47.006	0.68955	0.68959			6
2026.04.03	17:23:59.029	0.68954	0.68958			6
2026.04.03	17:23:59.333	0.68953	0.68957			6
2026.04.03	17:24:00.231	0.68953				2
2026.04.03	17:24:04.440	0.68952	0.68956			6
2026.04.03	17:24:05.642	0.68953	0.68957			6
2026.04.03	17:24:08.647	0.68954	0.68958			6
2026.04.03	17:24:11.964	0.68953	0.68957			6
2026.04.03	17:24:15.279	0.68954	0.68958			6
2026.04.03	17:24:16.175	0.68953	0.68957			6
2026.04.03	17:24:54.415	0.68950	0.68954			6
2026.04.03	17:24:54.718		0.68953			4
2026.04.03	17:25:00.133	0.68950				2
2026.04.03	17:25:00.731	0.68948	0.68952			6
2026.04.03	17:25:01.334	0.68949				2
2026.04.03	17:25:06.142	0.68948				2
2026.04.03	17:25:10.052	0.68947	0.68951			6
2026.04.03	17:25:10.351	0.68946	0.68950			6
2026.04.03	17:25:12.459	0.68945	0.68949			6
2026.04.03	17:25:13.059	0.68946	0.68950			6
2026.04.03	17:25:25.691	0.68947	0.68951			6
2026.04.03	17:25:32.307	0.68946	0.68950			6
2026.04.03	17:25:34.112	0.68944	0.68948			6
2026.04.03	17:25:34.412	0.68943	0.68947			6
2026.04.03	17:25:38.317	0.68940	0.68943			6
2026.04.03	17:25:43.128	0.68941	0.68945			6
2026.04.03	17:25:43.426	0.68942	0.68946			6
2026.04.03	17:25:43.731	0.68941	0.68945			6
2026.04.03	17:25:44.032	0.68945	0.68948			6
2026.04.03	17:25:44.332		0.68949			4
2026.04.03	17:25:48.539	0.68944	0.68947			6
2026.04.03	17:25:58.775	0.68943				2
2026.04.03	17:26:00.282	0.68943				2
2026.04.03	17:26:12.011	0.68944	0.68948			6
2026.04.03	17:26:36.405	0.68941	0.68945			6
2026.04.03	17:26:36.706	0.68939	0.68943			6
2026.04.03	17:26:40.617	0.68937	0.68941			6
2026.04.03	17:26:47.537	0.68934	0.68938			6
2026.04.03	17:26:53.552	0.68933	0.68937			6
2026.04.03	17:26:57.459	0.68934	0.68938			6
2026.04.03	17:27:00.170	0.68934				2
2026.04.03	17:27:24.858	0.68931	0.68935			6
2026.04.03	17:27:25.155	0.68932	0.68936			6
2026.04.03	17:27:29.069	0.68933	0.68937			6
2026.04.03	17:27:36.884	0.68935	0.68939			6
2026.04.03	17:27:37.182	0.68936	0.68940			6
2026.04.03	17:27:38.686	0.68940	0.68943			6
2026.04.03	17:27:39.286	0.68939				2
2026.04.03	17:27:39.587	0.68940				2
2026.04.03	17:27:40.192	0.68939				2
2026.04.03	17:27:44.999	0.68940				2
2026.04.03	17:27:45.599	0.68939				2
2026.04.03	17:27:47.399	0.68940	0.68944			6
2026.04.03	17:27:48.603	0.68943	0.68947			6
2026.04.03	17:27:48.903	0.68942	0.68946			6
2026.04.03	17:27:50.102	0.68941	0.68944			6
2026.04.03	17:27:50.406		0.68943			4
2026.04.03	17:27:50.703	0.68940				2
2026.04.03	17:27:52.508	0.68939				2
2026.04.03	17:27:57.012		0.68942			4
2026.04.03	17:28:00.018	0.68939				2
2026.04.03	17:28:21.976	0.68935	0.68939			6
2026.04.03	17:28:25.587	0.68937	0.68941			6
2026.04.03	17:28:26.186	0.68938	0.68942			6
2026.04.03	17:28:28.596	0.68939	0.68943			6
2026.04.03	17:28:32.809		0.68942			4
2026.04.03	17:28:43.055		0.68943			4
2026.04.03	17:28:44.257	0.68942	0.68946			6
2026.04.03	17:28:44.560	0.68943	0.68947			6
2026.04.03	17:28:49.077	0.68944	0.68948			6
2026.04.03	17:28:53.887		0.68947			4
2026.04.03	17:29:00.202	0.68944				2
2026.04.03	17:29:02.006		0.68948			4
2026.04.03	17:29:11.623	0.68942	0.68946			6
2026.04.03	17:29:12.220	0.68939	0.68943			6
2026.04.03	17:29:12.519	0.68940				2
2026.04.03	17:29:14.323	0.68939				2
2026.04.03	17:29:14.623	0.68940	0.68944			6
2026.04.03	17:29:16.425	0.68941				2
2026.04.03	17:29:18.534	0.68940				2
2026.04.03	17:29:19.435	0.68941	0.68945			6
2026.04.03	17:29:19.733	0.68942	0.68946			6
2026.04.03	17:29:28.453	0.68940	0.68944			6
2026.04.03	17:29:37.485	0.68942	0.68946			6
2026.04.03	17:29:44.105	0.68944	0.68948			6
2026.04.03	17:29:51.933	0.68940	0.68944			6
2026.04.03	17:29:53.733	0.68941				2
2026.04.03	17:29:54.336	0.68942	0.68946			6
2026.04.03	17:29:54.936		0.68945			4
2026.04.03	17:30:00.054	0.68944	0.68947			6
2026.04.03	17:30:00.356		0.68948			4
2026.04.03	17:30:04.862	0.68943	0.68947			6
2026.04.03	17:30:10.573	0.68942	0.68946			6
2026.04.03	17:30:10.875	0.68941	0.68945			6
2026.04.03	17:30:15.688	0.68940	0.68944			6
2026.04.03	17:30:15.990	0.68942	0.68946			6
2026.04.03	17:30:16.292	0.68941	0.68945			6
2026.04.03	17:30:18.095	0.68942	0.68946			6
2026.04.03	17:30:19.600	0.68941	0.68945			6
2026.04.03	17:30:20.202	0.68942	0.68946			6
2026.04.03	17:30:21.104	0.68941	0.68945			6
2026.04.03	17:30:22.006	0.68942	0.68946			6
2026.04.03	17:30:31.622	0.68944	0.68948			6
2026.04.03	17:30:35.832		0.68947			4
2026.04.03	17:30:37.943	0.68943	0.68948			6
2026.04.03	17:30:39.449	0.68939	0.68943			6
2026.04.03	17:30:39.745	0.68938	0.68942			6
2026.04.03	17:30:49.673	0.68940				2
2026.04.03	17:30:53.886		0.68943			4
2026.04.03	17:31:00.212	0.68941	0.68945			6
2026.04.03	17:31:04.119	0.68942	0.68946			6
2026.04.03	17:31:04.719	0.68940	0.68944			6
2026.04.03	17:31:08.328	0.68942	0.68946			6
2026.04.03	17:31:12.535	0.68943	0.68947			6
2026.04.03	17:31:25.764	0.68944	0.68948			6
2026.04.03	17:31:44.402		0.68947			4
2026.04.03	17:31:45.006		0.68948			4
2026.04.03	17:31:51.022	0.68948	0.68952			6
2026.04.03	17:31:52.523	0.68947	0.68951			6
2026.04.03	17:31:52.823	0.68946				2
2026.04.03	17:31:53.726	0.68943	0.68947			6
2026.04.03	17:32:00.046	0.68943				2
2026.04.03	17:32:05.760	0.68944	0.68948			6
2026.04.03	17:32:15.989	0.68943				2
2026.04.03	17:32:25.623	0.68946	0.68950			6
2026.04.03	17:32:28.023	0.68947	0.68951			6
2026.04.03	17:32:30.432	0.68945	0.68949			6
2026.04.03	17:32:40.055	0.68947	0.68951			6
2026.04.03	17:32:41.258	0.68949	0.68953			6
2026.04.03	17:32:42.159	0.68948	0.68952			6
2026.04.03	17:33:00.205	0.68948				2
2026.04.03	17:33:03.209		0.68953			4
2026.04.03	17:33:05.613	0.68946	0.68950			6
2026.04.03	17:33:05.916	0.68944	0.68948			6
2026.04.03	17:33:06.215	0.68943	0.68947			6
2026.04.03	17:33:11.928	0.68944	0.68948			6
2026.04.03	17:33:23.665		0.68947			4
2026.04.03	17:33:26.677	0.68943				2
2026.04.03	17:33:26.981	0.68942	0.68946			6
2026.04.03	17:33:38.705	0.68943	0.68947			6
2026.04.03	17:33:44.721	0.68942	0.68946			6
2026.04.03	17:34:00.052	0.68942				2
2026.04.03	17:34:05.163	0.68943				2
2026.04.03	17:34:05.468		0.68947			4
2026.04.03	17:34:12.083	0.68941	0.68945			6
2026.04.03	17:34:12.382	0.68944	0.68947			6
2026.04.03	17:34:13.586		0.68948			4
2026.04.03	17:34:24.714	0.68942	0.68946			6
2026.04.03	17:34:25.017	0.68943	0.68947			6
2026.04.03	17:34:25.316	0.68940	0.68944			6
2026.04.03	17:34:25.617	0.68938	0.68942			6
2026.04.03	17:34:25.918	0.68935	0.68939			6
2026.04.03	17:34:26.216	0.68937	0.68940			6
2026.04.03	17:34:26.515	0.68938	0.68942			6
2026.04.03	17:34:28.321	0.68936	0.68940			6
2026.04.03	17:34:31.334	0.68938				2
2026.04.03	17:34:35.543	0.68936	0.68939			6
2026.04.03	17:34:35.846	0.68937				2
2026.04.03	17:34:40.655	0.68938	0.68940			6
2026.04.03	17:34:40.958	0.68937	0.68939			6
2026.04.03	17:34:46.673	0.68936				2
2026.04.03	17:34:47.277	0.68935				2
2026.04.03	17:34:49.080	0.68936				2
2026.04.03	17:34:49.382	0.68937				2
2026.04.03	17:34:52.686	0.68935				2
2026.04.03	17:35:00.208	0.68935				2
2026.04.03	17:35:01.110	0.68934	0.68938			6
2026.04.03	17:35:04.718	0.68933	0.68937			6
2026.04.03	17:35:14.639		0.68938			4
2026.04.03	17:35:17.050	0.68934				2
2026.04.03	17:35:17.952	0.68933	0.68937			6
2026.04.03	17:35:18.253	0.68932	0.68936			6
2026.04.03	17:35:18.553	0.68931	0.68935			6
2026.04.03	17:35:18.855	0.68933	0.68937			6
2026.04.03	17:35:43.811	0.68932				2
2026.04.03	17:35:45.013	0.68933				2
2026.04.03	17:35:46.817	0.68938	0.68942			6
2026.04.03	17:35:52.830	0.68937	0.68941			6
2026.04.03	17:35:54.034	0.68940	0.68944			6
2026.04.03	17:35:57.036	0.68939	0.68943			6
2026.04.03	17:35:59.137	0.68940	0.68944			6
2026.04.03	17:36:00.042	0.68940				2
2026.04.03	17:36:02.444	0.68941	0.68945			6
2026.04.03	17:36:08.459	0.68942	0.68946			6
2026.04.03	17:36:08.758	0.68943				2
2026.04.03	17:36:09.059	0.68942				2
2026.04.03	17:36:09.659	0.68943	0.68947			6
2026.04.03	17:36:24.386	0.68944	0.68948			6
2026.04.03	17:36:27.999	0.68943	0.68947			6
2026.04.03	17:36:29.503	0.68944	0.68948			6
2026.04.03	17:36:33.706	0.68941	0.68945			6
2026.04.03	17:36:47.523	0.68939	0.68943			6
2026.04.03	17:37:00.163	0.68939				2
2026.04.03	17:37:02.568	0.68938	0.68942			6
2026.04.03	17:37:27.218	0.68940	0.68944			6
2026.04.03	17:37:27.516	0.68939	0.68943			6
2026.04.03	17:37:28.118	0.68940	0.68944			6
2026.04.03	17:37:28.420	0.68939	0.68943			6
2026.04.03	17:37:28.718	0.68937				2
2026.04.03	17:37:35.626	0.68938				2
2026.04.03	17:37:53.078		0.68942			4
2026.04.03	17:38:00.293	0.68938				2
2026.04.03	17:38:02.398		0.68943			4
2026.04.03	17:38:03.299	0.68939				2
2026.04.03	17:38:08.110	0.68938	0.68942			6
2026.04.03	17:38:09.614	0.68939	0.68943			6
2026.04.03	17:38:15.925	0.68938	0.68942			6
2026.04.03	17:38:32.172	0.68941	0.68945			6
2026.04.03	17:38:34.878	0.68940	0.68944			6
2026.04.03	17:38:42.701	0.68939	0.68943			6
2026.04.03	17:38:43.006	0.68938	0.68942			6
2026.04.03	17:39:00.131	0.68938				2
2026.04.03	17:39:42.536	0.68936	0.68940			6
2026.04.03	17:39:42.839	0.68935	0.68939			6
2026.04.03	17:39:47.054	0.68933	0.68937			6
2026.04.03	17:40:00.285	0.68933				2
2026.04.03	17:40:47.206		0.68937			4
2026.04.03	17:40:51.117	0.68935	0.68939			6
2026.04.03	17:40:57.128	0.68934	0.68938			6
2026.04.03	17:40:57.432	0.68933				2
2026.04.03	17:40:59.537	0.68935	0.68939			6
2026.04.03	17:41:00.136	0.68935				2
2026.04.03	17:41:59.707		0.68939			4
2026.04.03	17:42:00.008	0.68935				2
2026.04.03	17:42:09.627	0.68936	0.68940			6
2026.04.03	17:42:11.127	0.68937				2
2026.04.03	17:42:14.732	0.68936	0.68939			6
2026.04.03	17:42:15.034	0.68934	0.68938			6
2026.04.03	17:42:21.657	0.68939	0.68941			6
2026.04.03	17:42:21.959		0.68943			4
2026.04.03	17:42:23.161	0.68940				2
2026.04.03	17:42:40.908		0.68944			4
2026.04.03	17:42:44.822		0.68943			4
2026.04.03	17:43:00.165	0.68940				2
2026.04.03	17:43:00.771	0.68944	0.68948			6
2026.04.03	17:43:29.932	0.68943	0.68947			6
2026.04.03	17:43:34.754		0.68948			4
2026.04.03	17:43:40.163		0.68949			4
2026.04.03	17:43:40.462	0.68944				2
2026.04.03	17:43:40.767	0.68943				2
2026.04.03	17:43:44.076	0.68944	0.68948			6
2026.04.03	17:43:50.084	0.68943	0.68947			6
2026.04.03	17:43:50.384	0.68944	0.68948			6
2026.04.03	17:43:51.587	0.68943	0.68947			6
2026.04.03	17:43:51.886		0.68948			4
2026.04.03	17:43:53.089	0.68944	0.68949			6
2026.04.03	17:43:54.297	0.68945				2
2026.04.03	17:43:54.599	0.68944				2
2026.04.03	17:44:00.023	0.68944				2
2026.04.03	17:44:09.039		0.68948			4
2026.04.03	17:44:10.541	0.68943	0.68947			6
2026.04.03	17:44:10.843	0.68939	0.68943			6
2026.04.03	17:44:11.743	0.68943	0.68947			6
2026.04.03	17:44:12.045	0.68942	0.68945			6
2026.04.03	17:44:12.346	0.68941				2
2026.04.03	17:44:14.455	0.68943	0.68948			6
2026.04.03	17:44:14.758	0.68947	0.68951			6
2026.04.03	17:44:15.355	0.68948	0.68952			6
2026.04.03	17:44:17.760	0.68949	0.68953			6
2026.04.03	17:44:20.463	0.68948	0.68952			6
2026.04.03	17:44:20.764	0.68949	0.68953			6
2026.04.03	17:44:38.502	0.68945	0.68949			6
2026.04.03	17:44:46.928	0.68944				2
2026.04.03	17:44:47.530	0.68943				2
2026.04.03	17:44:51.434	0.68944	0.68948			6
2026.04.03	17:45:00.176	0.68944				2
2026.04.03	17:45:09.801	0.68943				2
2026.04.03	17:45:11.606	0.68944				2
2026.04.03	17:45:11.908	0.68943	0.68949			6
2026.04.03	17:45:12.508	0.68944				2
2026.04.03	17:45:13.713	0.68943				2
2026.04.03	17:45:16.716	0.68949	0.68953			6
2026.04.03	17:45:17.016	0.68948	0.68952			6
2026.04.03	17:45:46.811	0.68947	0.68951			6
2026.04.03	17:45:47.113	0.68946				2
2026.04.03	17:45:47.412	0.68945	0.68949			6
2026.04.03	17:45:47.712	0.68944	0.68948			6
2026.04.03	17:45:49.815	0.68942	0.68946			6
2026.04.03	17:45:51.017	0.68941	0.68945			6
2026.04.03	17:45:51.318	0.68940	0.68944			6
2026.04.03	17:45:51.921		0.68945			4
2026.04.03	17:45:53.125	0.68941				2
2026.04.03	17:45:53.425	0.68940				2
2026.04.03	17:45:55.235	0.68941				2
2026.04.03	17:45:56.435	0.68939	0.68944			6
2026.04.03	17:46:00.050	0.68939				2
2026.04.03	17:46:03.056	0.68941	0.68945			6
2026.04.03	17:46:03.354	0.68939	0.68944			6
2026.04.03	17:46:03.953	0.68940				2
2026.04.03	17:46:04.254	0.68939				2
2026.04.03	17:46:04.555	0.68941	0.68945			6
2026.04.03	17:46:09.975	0.68940	0.68944			6
2026.04.03	17:46:15.082	0.68941	0.68945			6
2026.04.03	17:46:24.402	0.68943	0.68947			6
2026.04.03	17:46:24.704	0.68942	0.68946			6
2026.04.03	17:46:25.004	0.68941				2
2026.04.03	17:46:26.808	0.68943	0.68947			6
2026.04.03	17:46:40.652	0.68944	0.68948			6
2026.04.03	17:46:40.952		0.68949			4
2026.04.03	17:47:00.221	0.68944				2
2026.04.03	17:47:00.821		0.68948			4
2026.04.03	17:47:01.726		0.68949			4
2026.04.03	17:47:20.977		0.68948			4
2026.04.03	17:47:29.391		0.68949			4
2026.04.03	17:47:36.310	0.68943				2
2026.04.03	17:47:37.810	0.68944				2
2026.04.03	17:47:38.411	0.68943				2
2026.04.03	17:47:38.712	0.68944				2
2026.04.03	17:47:39.014	0.68943				2
2026.04.03	17:47:39.312	0.68944				2
2026.04.03	17:47:48.035	0.68943	0.68947			6
2026.04.03	17:47:49.237	0.68944	0.68949			6
2026.04.03	17:47:49.538	0.68943				2
2026.04.03	17:47:50.141		0.68948			4
2026.04.03	17:48:00.062	0.68943				2
2026.04.03	17:48:01.871		0.68949			4
2026.04.03	17:48:09.693	0.68944				2
2026.04.03	17:48:10.296	0.68943	0.68948			6
2026.04.03	17:48:10.595	0.68944				2
2026.04.03	17:48:13.605	0.68943	0.68949			6
2026.04.03	17:48:18.410	0.68944	0.68948			6
2026.04.03	17:48:26.238	0.68943	0.68947			6
2026.04.03	17:48:37.378	0.68942	0.68946			6
2026.04.03	17:48:40.084	0.68943	0.68947			6
2026.04.03	17:48:50.317	0.68942	0.68946			6
2026.04.03	17:48:50.618	0.68941				2
2026.04.03	17:48:52.420	0.68942	0.68945			6
2026.04.03	17:48:53.920	0.68943	0.68947			6
2026.04.03	17:49:00.239	0.68943				2
2026.04.03	17:49:50.478	0.68944				2
2026.04.03	17:49:54.086		0.68947			4
2026.04.03	17:49:58.000	0.68943				2
2026.04.03	17:49:58.299	0.68944				2
2026.04.03	17:50:00.104	0.68944				2
2026.04.03	17:50:54.218		0.68947			4
2026.04.03	17:51:00.232	0.68944				2
2026.04.03	17:51:10.774	0.68943				2
2026.04.03	17:51:16.185	0.68945	0.68949			6
2026.04.03	17:51:28.224	0.68944	0.68948			6
2026.04.03	17:51:47.791		0.68947			4
2026.04.03	17:51:56.511	0.68945	0.68949			6
2026.04.03	17:52:00.117	0.68945				2
2026.04.03	17:52:21.470	0.68942	0.68946			6
2026.04.03	17:52:21.774	0.68941	0.68945			6
2026.04.03	17:52:22.674	0.68943	0.68947			6
2026.04.03	17:52:22.973		0.68946			4
2026.04.03	17:52:25.078		0.68947			4
2026.04.03	17:52:26.880	0.68942	0.68946			6
2026.04.03	17:52:30.794	0.68941	0.68945			6
2026.04.03	17:52:32.900	0.68943	0.68946			6
2026.04.03	17:52:34.707	0.68941	0.68945			6
2026.04.03	17:52:48.247	0.68943	0.68946			6
2026.04.03	17:53:00.290	0.68943				2
2026.04.03	17:53:15.024	0.68941	0.68945			6
2026.04.03	17:53:16.223	0.68942	0.68946			6
2026.04.03	17:53:16.525	0.68943				2
2026.04.03	17:53:23.435	0.68942				2
2026.04.03	17:54:00.138	0.68942				2
2026.04.03	17:54:16.386		0.68946			4
2026.04.03	17:54:29.918	0.68941	0.68945			6
2026.04.03	17:54:30.219	0.68939	0.68943			6
2026.04.03	17:54:31.420		0.68944			4
2026.04.03	17:54:31.721		0.68943			4
2026.04.03	17:54:35.326	0.68940	0.68944			6
2026.04.03	17:54:38.034	0.68939	0.68943			6
2026.04.03	17:55:00.299	0.68939				2
2026.04.03	17:55:00.899	0.68940	0.68944			6
2026.04.03	17:55:01.199	0.68939	0.68943			6
2026.04.03	17:55:40.887	0.68940	0.68944			6
2026.04.03	17:55:41.185	0.68939	0.68943			6
2026.04.03	17:56:00.151	0.68939				2
2026.04.03	17:56:04.658	0.68938	0.68941			6
2026.04.03	17:56:04.959		0.68942			4
2026.04.03	17:56:20.308	0.68937	0.68941			6
2026.04.03	17:56:20.912	0.68938				2
2026.04.03	17:56:22.117		0.68942			4
2026.04.03	17:56:58.507	0.68937	0.68940			6
2026.04.03	17:56:58.803	0.68938	0.68942			6
2026.04.03	17:57:00.008	0.68938				2
2026.04.03	17:57:00.909	0.68937	0.68940			6
2026.04.03	17:57:03.017		0.68939			4
2026.04.03	17:57:03.321		0.68940			4
2026.04.03	17:57:05.128	0.68938	0.68941			6
2026.04.03	17:57:23.168		0.68942			4
2026.04.03	17:57:28.278	0.68939	0.68943			6
2026.04.03	17:57:31.287	0.68938	0.68942			6
2026.04.03	17:57:32.494	0.68937	0.68940			6
2026.04.03	17:57:32.794	0.68936				2
2026.04.03	17:57:44.515	0.68935	0.68938			6
2026.04.03	17:57:48.423		0.68937			4
2026.04.03	17:57:48.726		0.68938			4
2026.04.03	17:57:51.433	0.68937	0.68940			6
2026.04.03	17:58:00.161	0.68937				2
2026.04.03	17:58:00.762	0.68938				2
2026.04.03	17:58:01.062		0.68942			4
2026.04.03	17:58:02.867	0.68937	0.68940			6
2026.04.03	17:58:26.316	0.68936				2
2026.04.03	17:58:30.230	0.68937				2
2026.04.03	17:58:35.941	0.68936				2
2026.04.03	17:59:00.019	0.68936				2
2026.04.03	17:59:03.014		0.68940			4
2026.04.03	17:59:06.018	0.68934	0.68938			6
2026.04.03	17:59:07.823	0.68937	0.68940			6
2026.04.03	17:59:08.121	0.68935	0.68939			6
2026.04.03	17:59:20.764	0.68934	0.68938			6
2026.04.03	17:59:24.376	0.68935				2
2026.04.03	17:59:34.004		0.68939			4
2026.04.03	17:59:35.207		0.68938			4
2026.04.03	17:59:35.811	0.68932	0.68936			6
2026.04.03	17:59:36.110	0.68928	0.68932			6
2026.04.03	17:59:39.110		0.68931			4
2026.04.03	17:59:39.409	0.68926	0.68930			6
2026.04.03	17:59:40.312	0.68925	0.68929			6
2026.04.03	17:59:42.117	0.68923	0.68926			6
2026.04.03	17:59:42.414		0.68927			4
2026.04.03	17:59:44.820		0.68926			4
2026.04.03	17:59:50.529	0.68922				2
2026.04.03	17:59:55.037	0.68927	0.68930			6
2026.04.03	17:59:55.339	0.68929	0.68932			6
2026.04.03	17:59:55.641	0.68930	0.68933			6
2026.04.03	17:59:55.940	0.68929				2
2026.04.03	17:59:58.941	0.68932	0.68936			6
2026.04.03	18:00:00.145	0.68931	0.68935			6
2026.04.03	18:00:00.449	0.68932	0.68936			6
2026.04.03	18:00:01.046	0.68935	0.68938			6
2026.04.03	18:00:09.475	0.68934				2
2026.04.03	18:00:10.376	0.68937	0.68941			6
2026.04.03	18:00:12.779	0.68938	0.68942			6
2026.04.03	18:00:23.308	0.68939	0.68943			6
2026.04.03	18:00:34.135	0.68938	0.68942			6
2026.04.03	18:00:45.268	0.68936	0.68939			6
2026.04.03	18:00:45.872	0.68932	0.68936			6
2026.04.03	18:00:46.772	0.68933	0.68937			6
2026.04.03	18:00:52.485	0.68932	0.68936			6
2026.04.03	18:00:55.497	0.68934	0.68938			6
2026.04.03	18:00:55.796	0.68935	0.68939			6
2026.04.03	18:00:56.094		0.68938			4
2026.04.03	18:00:57.600	0.68934				2
2026.04.03	18:01:00.005	0.68934				2
2026.04.03	18:01:02.109	0.68935				2
2026.04.03	18:01:02.710	0.68934				2
2026.04.03	18:01:14.132	0.68935				2
2026.04.03	18:01:14.429	0.68934				2
2026.04.03	18:01:20.140	0.68937	0.68941			6
2026.04.03	18:01:23.442	0.68936	0.68940			6
2026.04.03	18:01:30.663		0.68939			4
2026.04.03	18:01:30.963		0.68940			4
2026.04.03	18:01:55.618	0.68937				2
2026.04.03	18:02:00.132	0.68938	0.68942			6
2026.04.03	18:02:00.432	0.68939	0.68943			6
2026.04.03	18:02:01.932	0.68940				2
2026.04.03	18:02:02.234	0.68941	0.68944			6
2026.04.03	18:02:07.649	0.68940				2
2026.04.03	18:02:19.087	0.68939	0.68942			6
2026.04.03	18:02:23.893		0.68943			4
2026.04.03	18:02:26.302	0.68940				2
2026.04.03	18:02:26.603	0.68945	0.68948			6
2026.04.03	18:02:28.700	0.68944	0.68947			6
2026.04.03	18:02:29.003		0.68948			4
2026.04.03	18:02:52.173	0.68943	0.68947			6
2026.04.03	18:03:00.301	0.68944				2
2026.04.03	18:03:00.603	0.68946	0.68949			6
2026.04.03	18:03:00.903	0.68945				2
2026.04.03	18:03:01.203		0.68948			4
2026.04.03	18:03:04.812		0.68949			4
2026.04.03	18:03:52.346	0.68947	0.68950			6
2026.04.03	18:03:54.148	0.68948	0.68952			6
2026.04.03	18:03:54.449	0.68949	0.68953			6
2026.04.03	18:03:56.552		0.68952			4
2026.04.03	18:04:00.157	0.68949				2
2026.04.03	18:04:03.766	0.68947	0.68950			6
2026.04.03	18:04:04.365	0.68945	0.68949			6
2026.04.03	18:04:20.595	0.68946				2
2026.04.03	18:04:24.204	0.68948	0.68952			6
2026.04.03	18:04:24.504	0.68947	0.68951			6
2026.04.03	18:04:36.220	0.68949	0.68952			6
2026.04.03	18:04:37.722		0.68953			4
2026.04.03	18:05:00.270	0.68949				2
2026.04.03	18:05:03.876	0.68950	0.68954			6
2026.04.03	18:05:07.478	0.68949	0.68953			6
2026.04.03	18:05:22.516		0.68952			4
2026.04.03	18:05:26.121	0.68948				2
2026.04.03	18:05:26.418	0.68946	0.68950			6
2026.04.03	18:06:00.091	0.68946				2
2026.04.03	18:06:00.993	0.68947	0.68951			6
2026.04.03	18:06:34.977	0.68945	0.68949			6
2026.04.03	18:06:35.277	0.68944	0.68948			6
2026.04.03	18:06:42.494	0.68945	0.68949			6
2026.04.03	18:06:43.699	0.68946				2
2026.04.03	18:06:44.595	0.68945				2
2026.04.03	18:07:00.232	0.68945				2
2026.04.03	18:07:02.947		0.68948			4
2026.04.03	18:07:09.572	0.68944				2
2026.04.03	18:07:28.819	0.68945				2
2026.04.03	18:07:29.118		0.68949			4
2026.04.03	18:08:00.109	0.68945				2
2026.04.03	18:08:29.277		0.68949			4
2026.04.03	18:08:42.216	0.68944	0.68948			6
2026.04.03	18:08:48.831	0.68939	0.68943			6
2026.04.03	18:08:52.433		0.68942			4
2026.04.03	18:08:56.351	0.68936	0.68938			6
2026.04.03	18:08:56.649	0.68934				2
2026.04.03	18:09:00.260	0.68934				2
2026.04.03	18:09:07.186	0.68933	0.68936			6
2026.04.03	18:09:07.483	0.68932				2
2026.04.03	18:09:21.920	0.68930	0.68934			6
2026.04.03	18:09:23.421	0.68931				2
2026.04.03	18:09:34.548	0.68930				2
2026.04.03	18:09:45.678	0.68932	0.68936			6
2026.04.03	18:09:46.280	0.68934	0.68937			6
2026.04.03	18:10:00.116	0.68934				2
2026.04.03	18:10:01.318	0.68933				2
2026.04.03	18:10:04.028	0.68934	0.68938			6
2026.04.03	18:10:06.432	0.68933	0.68937			6
2026.04.03	18:10:30.803	0.68932	0.68935			6
2026.04.03	18:10:40.123	0.68931				2
2026.04.03	18:10:57.854	0.68930	0.68934			6
2026.04.03	18:11:00.260	0.68930				2
2026.04.03	18:11:02.961		0.68933			4
2026.04.03	18:11:03.262		0.68934			4
2026.04.03	18:11:07.772		0.68933			4
2026.04.03	18:11:19.204		0.68934			4
2026.04.03	18:11:24.919	0.68931	0.68935			6
2026.04.03	18:11:52.583	0.68930	0.68934			6
2026.04.03	18:11:52.880	0.68929				2
2026.04.03	18:11:54.985	0.68930				2
2026.04.03	18:12:00.093	0.68930				2
2026.04.03	18:12:04.004	0.68931	0.68935			6
2026.04.03	18:12:43.395	0.68930	0.68934			6
2026.04.03	18:13:00.233	0.68930				2
2026.04.03	18:13:04.438	0.68931	0.68935			6
2026.04.03	18:13:05.639	0.68932				2
2026.04.03	18:13:06.240		0.68936			4
2026.04.03	18:13:12.261	0.68931	0.68935			6
2026.04.03	18:13:46.535		0.68934			4
2026.04.03	18:13:57.976		0.68935			4
2026.04.03	18:13:58.278	0.68932	0.68936			6
2026.04.03	18:13:58.578	0.68930	0.68934			6
2026.04.03	18:14:00.081	0.68930				2
2026.04.03	18:14:13.615	0.68931	0.68935			6
2026.04.03	18:14:15.418	0.68932	0.68936			6
2026.04.03	18:14:22.925	0.68933	0.68937			6
2026.04.03	18:14:26.528	0.68934	0.68938			6
2026.04.03	18:14:30.437	0.68936	0.68940			6
2026.04.03	18:14:34.042	0.68938	0.68942			6
2026.04.03	18:14:36.152	0.68940	0.68943			6
2026.04.03	18:14:36.452	0.68939				2
2026.04.03	18:14:36.748	0.68940				2
2026.04.03	18:14:37.053	0.68939				2
2026.04.03	18:14:44.276	0.68940	0.68944			6
2026.04.03	18:14:44.576	0.68939	0.68943			6
2026.04.03	18:15:00.201	0.68939				2
2026.04.03	18:15:00.500	0.68938	0.68942			6
2026.04.03	18:15:02.604	0.68935	0.68939			6
2026.04.03	18:15:02.903		0.68940			4
2026.04.03	18:15:07.108	0.68936				2
2026.04.03	18:15:08.315	0.68935				2
2026.04.03	18:15:09.218	0.68936				2
2026.04.03	18:15:16.429	0.68935				2
2026.04.03	18:15:18.235	0.68934	0.68941			6
2026.04.03	18:15:19.437	0.68935				2
2026.04.03	18:15:20.038		0.68942			4
2026.04.03	18:15:20.338	0.68939	0.68946			6
2026.04.03	18:15:20.637		0.68945			4
2026.04.03	18:15:25.448	0.68938				2
2026.04.03	18:15:26.654	0.68939				2
2026.04.03	18:15:28.755	0.68937				2
2026.04.03	18:15:29.058	0.68938	0.68946			6
2026.04.03	18:15:29.657	0.68939				2
2026.04.03	18:15:30.559	0.68938				2
2026.04.03	18:15:30.859		0.68945			4
2026.04.03	18:15:32.361		0.68944			4
2026.04.03	18:15:32.664	0.68937				2
2026.04.03	18:15:32.960	0.68938				2
2026.04.03	18:15:33.863	0.68936				2
2026.04.03	18:15:34.163	0.68937	0.68943			6
2026.04.03	18:15:47.386	0.68936	0.68944			6
2026.04.03	18:15:51.296	0.68937				2
2026.04.03	18:16:00.019	0.68937				2
2026.04.03	18:16:01.822	0.68938				2
2026.04.03	18:16:07.236		0.68943			4
2026.04.03	18:16:09.038		0.68944			4
2026.04.03	18:16:10.246		0.68943			4
2026.04.03	18:16:12.353		0.68944			4
2026.04.03	18:16:22.881	0.68937	0.68943			6
2026.04.03	18:16:28.884	0.68938	0.68942			6
2026.04.03	18:16:29.185	0.68936	0.68941			6
2026.04.03	18:16:29.484	0.68934				2
2026.04.03	18:16:29.784	0.68938	0.68942			6
2026.04.03	18:16:30.087	0.68934	0.68939			6
2026.04.03	18:16:30.386	0.68937	0.68942			6
2026.04.03	18:16:30.687	0.68934	0.68939			6
2026.04.03	18:16:30.985	0.68935				2
2026.04.03	18:16:32.488	0.68934	0.68940			6
2026.04.03	18:16:32.789	0.68933				2
2026.04.03	18:16:40.305	0.68934				2
2026.04.03	18:16:46.015	0.68933	0.68937			6
2026.04.03	18:16:46.312	0.68934	0.68939			6
2026.04.03	18:16:56.825	0.68933	0.68937			6
2026.04.03	18:16:57.126	0.68934	0.68939			6
2026.04.03	18:17:00.134	0.68934				2
2026.04.03	18:17:19.386	0.68933	0.68940			6
2026.04.03	18:17:20.586		0.68941			4
2026.04.03	18:17:20.887	0.68932	0.68938			6
2026.04.03	18:17:21.189	0.68930				2
2026.04.03	18:17:21.493		0.68940			4
2026.04.03	18:17:21.791	0.68931	0.68939			6
2026.04.03	18:17:22.995		0.68938			4
2026.04.03	18:17:23.298	0.68930	0.68940			6
2026.04.03	18:17:23.899	0.68931	0.68937			6
2026.04.03	18:17:24.199		0.68939			4
2026.04.03	18:17:27.805		0.68937			4
2026.04.03	18:17:29.310		0.68939			4
2026.04.03	18:17:45.247	0.68932	0.68938			6
2026.04.03	18:17:50.957	0.68933	0.68937			6
2026.04.03	18:18:00.278	0.68933				2
2026.04.03	18:18:10.502	0.68931	0.68939			6
2026.04.03	18:18:24.932	0.68932	0.68938			6
2026.04.03	18:18:28.233	0.68933	0.68937			6
2026.04.03	18:18:32.749	0.68934	0.68938			6
2026.04.03	18:18:33.050	0.68933	0.68937			6
2026.04.03	18:19:00.109	0.68933				2
2026.04.03	18:19:07.322	0.68932	0.68938			6
2026.04.03	18:19:15.445	0.68931	0.68939			6
2026.04.03	18:19:17.543	0.68932	0.68938			6
2026.04.03	18:19:23.854	0.68933	0.68937			6
2026.04.03	18:19:25.655	0.68932	0.68938			6
2026.04.03	18:19:36.479	0.68933	0.68937			6
2026.04.03	18:20:00.240	0.68933				2
2026.04.03	18:20:01.138	0.68931	0.68935			6
2026.04.03	18:20:02.946	0.68930				2
2026.04.03	18:20:11.673	0.68931				2
2026.04.03	18:20:13.775	0.68930				2
2026.04.03	18:20:14.678	0.68931				2
2026.04.03	18:20:14.979	0.68932	0.68936			6
2026.04.03	18:20:15.279	0.68931	0.68935			6
2026.04.03	18:20:17.983	0.68932	0.68936			6
2026.04.03	18:20:29.097	0.68931	0.68935			6
2026.04.03	18:20:40.204		0.68936			4
2026.04.03	18:21:00.032	0.68931				2
2026.04.03	18:21:02.435	0.68932	0.68939			6
2026.04.03	18:21:02.739	0.68933	0.68942			6
2026.04.03	18:21:05.442		0.68937			4
2026.04.03	18:21:05.743	0.68932	0.68938			6
2026.04.03	18:21:06.343	0.68931	0.68939			6
2026.04.03	18:21:06.646	0.68930	0.68940			6
2026.04.03	18:21:07.547	0.68929	0.68939			6
2026.04.03	18:21:08.749		0.68938			4
2026.04.03	18:21:09.350		0.68939			4
2026.04.03	18:21:10.852	0.68928				2
2026.04.03	18:21:11.753	0.68929				2
2026.04.03	18:21:13.554	0.68928				2
2026.04.03	18:21:13.855	0.68929				2
2026.04.03	18:21:14.159	0.68928				2
2026.04.03	18:21:14.456	0.68935				2
2026.04.03	18:21:18.667	0.68936	0.68940			6
2026.04.03	18:21:23.172	0.68933	0.68937			6
2026.04.03	18:21:29.184	0.68932	0.68938			6
2026.04.03	18:21:34.294	0.68934				2
2026.04.03	18:21:36.699	0.68933				2
2026.04.03	18:21:37.300		0.68937			4
2026.04.03	18:21:43.310		0.68938			4
2026.04.03	18:21:46.619	0.68934	0.68939			6
2026.04.03	18:21:47.219	0.68933				2
2026.04.03	18:21:52.028	0.68934				2
2026.04.03	18:21:55.939		0.68940			4
2026.04.03	18:22:00.147	0.68934				2
2026.04.03	18:22:07.663	0.68933	0.68939			6
2026.04.03	18:22:15.481	0.68934				2
2026.04.03	18:22:17.588		0.68938			4
2026.04.03	18:22:17.886	0.68932				2
2026.04.03	18:22:18.185	0.68933	0.68937			6
2026.04.03	18:22:20.589	0.68931	0.68938			6
2026.04.03	18:22:20.890		0.68939			4
2026.04.03	18:22:21.487	0.68929	0.68936			6
2026.04.03	18:22:21.791	0.68928	0.68935			6
2026.04.03	18:22:22.390	0.68929				2
2026.04.03	18:22:22.993		0.68936			4
2026.04.03	18:22:23.293		0.68935			4
2026.04.03	18:22:23.594		0.68936			4
2026.04.03	18:22:25.697		0.68935			4
2026.04.03	18:22:26.301		0.68936			4
2026.04.03	18:22:26.598		0.68935			4
2026.04.03	18:22:27.200		0.68936			4
2026.04.03	18:22:29.005		0.68935			4
2026.04.03	18:22:30.812	0.68928	0.68936			6
2026.04.03	18:22:31.712	0.68930	0.68935			6
2026.04.03	18:22:53.656	0.68931				2
2026.04.03	18:22:54.559	0.68930				2
2026.04.03	18:22:55.464	0.68931				2
2026.04.03	18:22:58.473	0.68930				2
2026.04.03	18:22:58.775	0.68931				2
2026.04.03	18:23:00.277	0.68931				2
2026.04.03	18:23:11.093	0.68930				2
2026.04.03	18:23:31.838		0.68935			4
2026.04.03	18:23:59.789	0.68931				2
2026.04.03	18:24:00.089	0.68931				2
2026.04.03	18:24:31.957		0.68935			4
2026.04.03	18:25:00.208	0.68931				2
2026.04.03	18:25:05.615	0.68930				2
2026.04.03	18:25:11.026	0.68931				2
2026.04.03	18:25:32.060		0.68935			4
2026.04.03	18:26:00.022	0.68931				2
2026.04.03	18:26:32.198		0.68935			4
2026.04.03	18:27:00.157	0.68931				2
2026.04.03	18:27:23.298		0.68934			4
2026.04.03	18:27:23.597	0.68930	0.68935			6
2026.04.03	18:27:29.905	0.68931				2
2026.04.03	18:28:00.263	0.68931				2
2026.04.03	18:28:00.565		0.68934			4
2026.04.03	18:28:10.784		0.68935			4
2026.04.03	18:28:11.085		0.68934			4
2026.04.03	18:28:12.586		0.68935			4
2026.04.03	18:28:18.000		0.68934			4
2026.04.03	18:28:21.614		0.68935			4
2026.04.03	18:28:27.027		0.68934			4
2026.04.03	18:28:38.754		0.68935			4
2026.04.03	18:28:41.760		0.68934			4
2026.04.03	18:28:45.368		0.68935			4
2026.04.03	18:28:50.781		0.68934			4
2026.04.03	18:28:56.489		0.68935			4
2026.04.03	18:28:59.796		0.68934			4
2026.04.03	18:29:00.102	0.68931				2
2026.04.03	18:29:22.942		0.68935			4
2026.04.03	18:29:25.951		0.68936			4
2026.04.03	18:29:31.360		0.68935			4
2026.04.03	18:29:32.862	0.68930				2
2026.04.03	18:29:35.867	0.68929	0.68936			6
2026.04.03	18:29:40.078	0.68930	0.68935			6
2026.04.03	18:29:47.588	0.68929	0.68936			6
2026.04.03	18:30:00.226	0.68929				2
2026.04.03	18:30:00.523	0.68926	0.68932			6
2026.04.03	18:30:01.124	0.68923	0.68929			6
2026.04.03	18:30:01.422	0.68922	0.68928			6
2026.04.03	18:30:02.023	0.68919	0.68926			6
2026.04.03	18:30:03.525	0.68918				2
2026.04.03	18:30:03.825	0.68916	0.68925			6
2026.04.03	18:30:04.128	0.68915	0.68924			6
2026.04.03	18:30:04.726		0.68925			4
2026.04.03	18:30:05.027	0.68916				2
2026.04.03	18:30:06.528	0.68917				2
2026.04.03	18:30:10.139	0.68915	0.68924			6
2026.04.03	18:30:10.443	0.68916	0.68925			6
2026.04.03	18:30:10.742		0.68924			4
2026.04.03	18:30:11.043	0.68914				2
2026.04.03	18:30:11.344	0.68912	0.68923			6
2026.04.03	18:30:12.849	0.68913	0.68922			6
2026.04.03	18:30:13.148		0.68924			4
2026.04.03	18:30:14.052		0.68923			4
2026.04.03	18:30:18.864	0.68914				2
2026.04.03	18:30:19.165	0.68915	0.68924			6
2026.04.03	18:30:19.465	0.68914				2
2026.04.03	18:30:19.766	0.68913	0.68923			6
2026.04.03	18:30:20.068	0.68914				2
2026.04.03	18:30:20.670	0.68913				2
2026.04.03	18:30:28.788	0.68912	0.68922			6
2026.04.03	18:30:29.084	0.68913				2
2026.04.03	18:30:30.589		0.68923			4
2026.04.03	18:30:35.101	0.68914				2
2026.04.03	18:30:35.402	0.68915	0.68925			6
2026.04.03	18:30:41.408	0.68916	0.68926			6
2026.04.03	18:30:42.007	0.68918				2
2026.04.03	18:30:43.213		0.68927			4
2026.04.03	18:30:43.813		0.68926			4
2026.04.03	18:30:44.713		0.68927			4
2026.04.03	18:30:45.617	0.68917				2
2026.04.03	18:30:46.820	0.68918	0.68926			6
2026.04.03	18:30:47.719		0.68927			4
2026.04.03	18:30:56.128		0.68926			4
2026.04.03	18:30:57.032	0.68917				2
2026.04.03	18:31:00.033	0.68917				2
2026.04.03	18:31:05.741	0.68918				2
2026.04.03	18:31:06.643		0.68927			4
2026.04.03	18:31:06.945	0.68917				2
2026.04.03	18:31:10.853	0.68918				2
2026.04.03	18:31:13.855	0.68917				2
2026.04.03	18:31:14.756	0.68918				2
2026.04.03	18:31:19.872		0.68926			4
2026.04.03	18:31:20.170	0.68917	0.68925			6
2026.04.03	18:31:20.469		0.68927			4
2026.04.03	18:31:21.671	0.68915	0.68923			6
2026.04.03	18:31:22.571		0.68926			4
2026.04.03	18:31:22.873	0.68914				2
2026.04.03	18:31:23.174		0.68923			4
2026.04.03	18:31:23.471		0.68924			4
2026.04.03	18:31:27.378		0.68922			4
2026.04.03	18:31:30.385	0.68916	0.68925			6
2026.04.03	18:31:30.685		0.68924			4
2026.04.03	18:31:31.286	0.68915				2
2026.04.03	18:31:53.222		0.68923			4
2026.04.03	18:31:56.835		0.68926			4
2026.04.03	18:31:58.634		0.68923			4
2026.04.03	18:31:59.239	0.68914				2
2026.04.03	18:32:00.138	0.68914				2
2026.04.03	18:32:04.644	0.68913				2
2026.04.03	18:32:05.844	0.68914				2
2026.04.03	18:32:12.153	0.68913				2
2026.04.03	18:32:12.455	0.68915	0.68925			6
2026.04.03	18:32:16.365	0.68914				2
2026.04.03	18:32:21.777	0.68915				2
2026.04.03	18:32:29.592	0.68916	0.68924			6
2026.04.03	18:32:30.193	0.68917				2
2026.04.03	18:32:30.795	0.68918	0.68926			6
2026.04.03	18:32:31.698	0.68919				2
2026.04.03	18:32:32.599		0.68927			4
2026.04.03	18:32:40.714	0.68920	0.68928			6
2026.04.03	18:32:42.516	0.68921				2
2026.04.03	18:32:57.535	0.68920				2
2026.04.03	18:33:00.244	0.68920				2
2026.04.03	18:33:00.841		0.68929			4
2026.04.03	18:33:03.248	0.68921				2
2026.04.03	18:33:05.949		0.68930			4
2026.04.03	18:33:24.291	0.68920				2
2026.04.03	18:33:30.608		0.68929			4
2026.04.03	18:33:39.018		0.68930			4
2026.04.03	18:33:40.518	0.68919				2
2026.04.03	18:33:41.122	0.68918	0.68929			6
2026.04.03	18:33:42.624	0.68917	0.68927			6
2026.04.03	18:33:42.924	0.68916	0.68926			6
2026.04.03	18:33:43.826	0.68915				2
2026.04.03	18:33:44.125		0.68925			4
2026.04.03	18:33:47.434	0.68914	0.68924			6
2026.04.03	18:33:48.034	0.68913	0.68923			6
2026.04.03	18:33:57.355	0.68914				2
2026.04.03	18:33:57.958		0.68925			4
2026.04.03	18:33:58.256	0.68917				2
2026.04.03	18:33:58.860		0.68926			4
2026.04.03	18:34:00.059	0.68917				2
2026.04.03	18:34:03.670	0.68916				2
2026.04.03	18:34:03.973	0.68915				2
2026.04.03	18:34:04.277	0.68916				2
2026.04.03	18:34:05.176	0.68915				2
2026.04.03	18:34:06.978		0.68925			4
2026.04.03	18:34:10.286	0.68913	0.68924			6
2026.04.03	18:34:12.991	0.68914				2
2026.04.03	18:34:13.292	0.68913				2
2026.04.03	18:34:13.895		0.68923			4
2026.04.03	18:34:14.495		0.68922			4
2026.04.03	18:34:22.307	0.68915	0.68920			6
2026.04.03	18:34:24.108	0.68914	0.68921			6
2026.04.03	18:34:30.723	0.68913	0.68922			6
2026.04.03	18:34:31.025	0.68912	0.68923			6
2026.04.03	18:34:32.225	0.68913	0.68922			6
2026.04.03	18:34:35.833	0.68914	0.68921			6
2026.04.03	18:34:49.660	0.68915	0.68920			6
2026.04.03	18:34:55.378	0.68914	0.68921			6
2026.04.03	18:35:00.183	0.68910				2
2026.04.03	18:35:00.486	0.68911	0.68919			6
2026.04.03	18:35:00.784	0.68912	0.68918			6
2026.04.03	18:35:03.186	0.68911	0.68919			6
2026.04.03	18:35:05.895	0.68908				2
2026.04.03	18:35:08.298	0.68911				2
2026.04.03	18:35:13.406	0.68908				2
2026.04.03	18:35:14.007	0.68911				2
2026.04.03	18:35:14.307	0.68908				2
2026.04.03	18:35:15.512	0.68911				2
2026.04.03	18:35:15.810	0.68908				2
2026.04.03	18:35:16.413	0.68911				2
2026.04.03	18:35:16.710	0.68908				2
2026.04.03	18:35:17.317	0.68911				2
2026.04.03	18:35:17.616	0.68908				2
2026.04.03	18:35:18.216	0.68911				2
2026.04.03	18:35:18.515	0.68908				2
2026.04.03	18:35:19.416	0.68911				2
2026.04.03	18:35:19.715	0.68908				2
2026.04.03	18:35:20.314	0.68912	0.68918			6
2026.04.03	18:35:20.617	0.68911	0.68919			6
2026.04.03	18:35:20.918		0.68918			4
2026.04.03	18:35:21.217	0.68912				2
2026.04.03	18:35:22.717	0.68907				2
2026.04.03	18:35:23.014	0.68912				2
2026.04.03	18:35:23.315	0.68907				2
2026.04.03	18:35:24.516	0.68908				2
2026.04.03	18:35:24.819		0.68917			4
2026.04.03	18:35:25.417	0.68910	0.68919			6
2026.04.03	18:35:26.618	0.68911				2
2026.04.03	18:35:26.917	0.68908				2
2026.04.03	18:35:27.218	0.68907	0.68918			6
2026.04.03	18:35:31.423	0.68911				2
2026.04.03	18:35:32.026	0.68907				2
2026.04.03	18:35:33.532	0.68911	0.68919			6
2026.04.03	18:35:34.136	0.68908				2
2026.04.03	18:35:34.435	0.68911				2
2026.04.03	18:35:35.039	0.68908				2
2026.04.03	18:35:35.638	0.68911				2
2026.04.03	18:35:35.940	0.68908				2
2026.04.03	18:35:36.841	0.68911				2
2026.04.03	18:35:37.140	0.68908				2
2026.04.03	18:35:42.847		0.68917			4
2026.04.03	18:35:45.852	0.68912	0.68918			6
2026.04.03	18:35:56.078	0.68908				2
2026.04.03	18:35:59.390	0.68912				2
2026.04.03	18:36:00.290	0.68912				2
2026.04.03	18:36:01.796	0.68907				2
2026.04.03	18:36:03.300	0.68912				2
2026.04.03	18:36:09.608		0.68917			4
2026.04.03	18:36:24.941	0.68911				2
2026.04.03	18:36:31.554	0.68912				2
2026.04.03	18:36:45.994	0.68908	0.68916			6
2026.04.03	18:36:48.100	0.68912				2
2026.04.03	18:36:49.908	0.68908				2
2026.04.03	18:36:50.508	0.68912				2
2026.04.03	18:36:50.808	0.68908				2
2026.04.03	18:36:51.713	0.68912				2
2026.04.03	18:36:52.313	0.68911				2
2026.04.03	18:37:00.128	0.68911				2
2026.04.03	18:37:00.731	0.68909				2
2026.04.03	18:37:02.532	0.68911				2
2026.04.03	18:37:06.739	0.68912				2
2026.04.03	18:37:21.484	0.68911				2
2026.04.03	18:37:29.298	0.68912				2
2026.04.03	18:37:38.625	0.68911				2
2026.04.03	18:37:39.526	0.68909				2
2026.04.03	18:37:40.730	0.68911				2
2026.04.03	18:37:41.031	0.68912				2
2026.04.03	18:37:42.833	0.68911				2
2026.04.03	18:37:43.133	0.68912				2
2026.04.03	18:37:46.141		0.68916			4
2026.04.03	18:37:50.351	0.68909				2
2026.04.03	18:37:50.652	0.68912				2
2026.04.03	18:37:53.358	0.68911				2
2026.04.03	18:37:55.161	0.68909				2
2026.04.03	18:37:55.766	0.68911				2
2026.04.03	18:38:00.271	0.68911				2
2026.04.03	18:38:18.903	0.68912				2
2026.04.03	18:38:20.406	0.68911				2
2026.04.03	18:38:20.706	0.68909				2
2026.04.03	18:38:21.006	0.68911				2
2026.04.03	18:38:22.207	0.68909				2
2026.04.03	18:38:22.809	0.68911				2
2026.04.03	18:38:23.111	0.68909				2
2026.04.03	18:38:23.711	0.68911	0.68915			6
2026.04.03	18:38:24.312	0.68909				2
2026.04.03	18:38:24.613	0.68911				2
2026.04.03	18:38:24.909	0.68909				2
2026.04.03	18:38:25.510	0.68911				2
2026.04.03	18:38:26.116	0.68909				2
2026.04.03	18:38:32.430	0.68911				2
2026.04.03	18:38:33.634	0.68913	0.68917			6
2026.04.03	18:38:35.747	0.68912	0.68916			6
2026.04.03	18:38:36.047	0.68913	0.68917			6
2026.04.03	18:38:44.166	0.68912				2
2026.04.03	18:39:00.105	0.68912				2
2026.04.03	18:39:14.237	0.68913				2
2026.04.03	18:39:20.856	0.68912				2
2026.04.03	18:39:29.579	0.68913				2
2026.04.03	18:39:32.888	0.68912				2
2026.04.03	18:39:34.992	0.68913				2
2026.04.03	18:39:36.193	0.68912	0.68917			6
2026.04.03	18:39:41.907		0.68916			4
2026.04.03	18:39:53.940	0.68911	0.68917			6
2026.04.03	18:39:55.739	0.68912				2
2026.04.03	18:39:57.543	0.68913				2
2026.04.03	18:40:00.255	0.68913				2
2026.04.03	18:40:00.855	0.68912	0.68916			6
2026.04.03	18:40:05.972	0.68913	0.68917			6
2026.04.03	18:40:12.886	0.68912	0.68916			6
2026.04.03	18:40:21.304	0.68913	0.68917			6
2026.04.03	18:40:39.034	0.68912	0.68916			6
2026.04.03	18:40:56.777	0.68913	0.68917			6
2026.04.03	18:41:00.079	0.68913				2
2026.04.03	18:41:00.680	0.68912	0.68918			6
2026.04.03	18:41:01.882	0.68911	0.68919			6
2026.04.03	18:41:03.085	0.68910				2
2026.04.03	18:41:05.189	0.68912	0.68920			6
2026.04.03	18:41:15.103		0.68919			4
2026.04.03	18:41:21.418		0.68920			4
2026.04.03	18:41:22.315		0.68921			4
2026.04.03	18:41:25.617		0.68920			4
2026.04.03	18:41:44.278		0.68921			4
2026.04.03	18:41:48.186		0.68922			4
2026.04.03	18:41:48.485	0.68913				2
2026.04.03	18:41:48.784		0.68923			4
2026.04.03	18:41:51.792	0.68912	0.68922			6
2026.04.03	18:41:52.091		0.68920			4
2026.04.03	18:41:52.389		0.68918			4
2026.04.03	18:42:00.205	0.68912				2
2026.04.03	18:42:01.708	0.68911	0.68919			6
2026.04.03	18:42:02.305		0.68920			4
2026.04.03	18:42:02.608	0.68912	0.68918			6
2026.04.03	18:42:39.588	0.68913	0.68917			6
2026.04.03	18:42:40.788	0.68912	0.68918			6
2026.04.03	18:42:44.698	0.68913	0.68917			6
2026.04.03	18:42:45.000	0.68912	0.68918			6
2026.04.03	18:42:49.206	0.68913				2
2026.04.03	18:42:49.507		0.68917			4
2026.04.03	18:42:51.912	0.68912	0.68918			6
2026.04.03	18:42:52.812	0.68911	0.68919			6
2026.04.03	18:43:00.033	0.68911				2
2026.04.03	18:43:21.971	0.68912	0.68918			6
2026.04.03	18:43:22.572	0.68913	0.68917			6
2026.04.03	18:43:28.582	0.68912	0.68918			6
2026.04.03	18:43:29.784	0.68911	0.68919			6
2026.04.03	18:43:31.283	0.68910				2
2026.04.03	18:43:32.486	0.68912	0.68920			6
2026.04.03	18:43:33.388		0.68919			4
2026.04.03	18:43:35.197		0.68918			4
2026.04.03	18:43:36.397	0.68911	0.68919			6
2026.04.03	18:43:37.899	0.68912	0.68918			6
2026.04.03	18:43:47.216	0.68911	0.68919			6
2026.04.03	18:43:48.418	0.68912	0.68918			6
2026.04.03	18:43:50.826	0.68911	0.68919			6
2026.04.03	18:43:56.237	0.68912	0.68918			6
2026.04.03	18:43:57.136	0.68911	0.68919			6
2026.04.03	18:43:58.638	0.68912	0.68918			6
2026.04.03	18:44:00.145	0.68912				2
2026.04.03	18:44:02.246	0.68911	0.68919			6
2026.04.03	18:44:04.048	0.68912	0.68918			6
2026.04.03	18:44:05.852	0.68911	0.68919			6
2026.04.03	18:44:11.861	0.68912	0.68918			6
2026.04.03	18:44:17.577	0.68911	0.68919			6
2026.04.03	18:44:19.684	0.68912	0.68918			6
2026.04.03	18:44:19.984	0.68911	0.68919			6
2026.04.03	18:44:21.486	0.68912	0.68918			6
2026.04.03	18:44:32.915	0.68911	0.68919			6
2026.04.03	18:44:33.214	0.68910	0.68920			6
2026.04.03	18:44:33.515	0.68912				2
2026.04.03	18:44:33.816		0.68921			4
2026.04.03	18:44:36.824		0.68920			4
2026.04.03	18:44:37.727	0.68911	0.68919			6
2026.04.03	18:44:41.932	0.68912	0.68918			6
2026.04.03	18:44:47.940	0.68911	0.68919			6
2026.04.03	18:44:48.543	0.68912	0.68918			6
2026.04.03	18:44:56.658	0.68911	0.68919			6
2026.04.03	18:44:56.964	0.68912	0.68918			6
2026.04.03	18:45:00.271	0.68912				2
2026.04.03	18:45:08.080	0.68911	0.68919			6
2026.04.03	18:45:08.380	0.68910	0.68920			6
2026.04.03	18:45:27.023	0.68912				2
2026.04.03	18:45:34.538		0.68918			4
2026.04.03	18:45:36.640	0.68913	0.68917			6
2026.04.03	18:45:38.141	0.68912	0.68918			6
2026.04.03	18:45:41.147	0.68911	0.68919			6
2026.04.03	18:45:42.352	0.68913				2
2026.04.03	18:45:42.951		0.68921			4
2026.04.03	18:45:44.152		0.68922			4
2026.04.03	18:45:47.456		0.68921			4
2026.04.03	18:45:47.760	0.68912				2
2026.04.03	18:45:57.077		0.68920			4
2026.04.03	18:45:58.278		0.68921			4
2026.04.03	18:45:58.578	0.68910	0.68919			6
2026.04.03	18:46:00.083	0.68910				2
2026.04.03	18:46:04.883	0.68912				2
2026.04.03	18:46:07.288	0.68913				2
2026.04.03	18:46:07.587		0.68920			4
2026.04.03	18:46:08.491	0.68912	0.68921			6
2026.04.03	18:46:08.789	0.68911	0.68920			6
2026.04.03	18:46:09.692		0.68919			4
2026.04.03	18:46:19.614	0.68912	0.68918			6
2026.04.03	18:46:22.018	0.68911	0.68919			6
2026.04.03	18:46:22.620	0.68910	0.68920			6
2026.04.03	18:46:23.220	0.68911				2
2026.04.03	18:46:24.721		0.68921			4
2026.04.03	18:46:25.024	0.68912				2
2026.04.03	18:46:25.320	0.68913	0.68922			6
2026.04.03	18:46:25.921	0.68912	0.68921			6
2026.04.03	18:46:27.125		0.68920			4
2026.04.03	18:46:34.947		0.68921			4
2026.04.03	18:46:35.247		0.68920			4
2026.04.03	18:46:46.075		0.68921			4
2026.04.03	18:46:47.574		0.68920			4
2026.04.03	18:46:48.474	0.68911				2
2026.04.03	18:46:48.777		0.68919			4
2026.04.03	18:46:59.295	0.68912	0.68918			6
2026.04.03	18:47:00.192	0.68912				2
2026.04.03	18:47:08.615	0.68911	0.68919			6
2026.04.03	18:47:11.024	0.68912	0.68918			6
2026.04.03	18:47:18.537	0.68911	0.68919			6
2026.04.03	18:47:19.435	0.68912	0.68918			6
2026.04.03	18:47:29.663	0.68911	0.68919			6
2026.04.03	18:47:30.264	0.68912	0.68918			6
2026.04.03	18:47:32.075	0.68911	0.68919			6
2026.04.03	18:47:36.891	0.68912	0.68918			6
2026.04.03	18:47:38.396	0.68911	0.68919			6
2026.04.03	18:47:46.810	0.68912	0.68918			6
2026.04.03	18:47:58.852	0.68911	0.68919			6
2026.04.03	18:48:00.054	0.68911				2
2026.04.03	18:48:12.678	0.68910				2
2026.04.03	18:48:21.705		0.68918			4
2026.04.03	18:48:27.122	0.68911				2
2026.04.03	18:48:27.723	0.68912				2
2026.04.03	18:48:37.633	0.68911	0.68919			6
2026.04.03	18:48:40.338	0.68910				2
2026.04.03	18:48:53.579	0.68911				2
2026.04.03	18:48:59.891	0.68910				2
2026.04.03	18:49:00.193	0.68910				2
2026.04.03	18:49:07.708	0.68911				2
2026.04.03	18:49:08.910	0.68910				2
2026.04.03	18:49:18.536	0.68911				2
2026.04.03	18:49:37.785		0.68919			4
2026.04.03	18:49:45.001	0.68910				2
2026.04.03	18:49:49.506	0.68911				2
2026.04.03	18:49:56.423	0.68910				2
2026.04.03	18:50:00.041	0.68910				2
2026.04.03	18:50:01.245	0.68911				2
2026.04.03	18:50:01.848	0.68910				2
2026.04.03	18:50:23.796	0.68911				2
2026.04.03	18:50:26.804	0.68910				2
2026.04.03	18:50:37.940	0.68911	0.68919			6
2026.04.03	18:50:38.239	0.68912	0.68918			6
2026.04.03	18:50:38.541	0.68911	0.68919			6
2026.04.03	18:50:43.952	0.68910				2
2026.04.03	18:50:53.574	0.68911				2
2026.04.03	18:50:55.976	0.68910				2
2026.04.03	18:50:57.781		0.68918			4
2026.04.03	18:50:58.683		0.68919			4
2026.04.03	18:51:00.188	0.68910				2
2026.04.03	18:51:43.177		0.68918			4
2026.04.03	18:51:44.983		0.68919			4
2026.04.03	18:51:50.097	0.68911				2
2026.04.03	18:51:51.003	0.68912	0.68918			6
2026.04.03	18:51:52.200	0.68911	0.68919			6
2026.04.03	18:51:52.803	0.68910				2
2026.04.03	18:52:00.018	0.68910				2
2026.04.03	18:52:13.235		0.68920			4
2026.04.03	18:52:14.139	0.68911	0.68919			6
2026.04.03	18:52:15.943	0.68910	0.68920			6
2026.04.03	18:52:20.453		0.68919			4
2026.04.03	18:52:21.053		0.68920			4
2026.04.03	18:52:24.059		0.68919			4
2026.04.03	18:52:26.469	0.68911				2
2026.04.03	18:52:26.771	0.68912	0.68918			6
2026.04.03	18:52:29.177		0.68919			4
2026.04.03	18:52:30.377	0.68915	0.68920			6
2026.04.03	18:52:31.280	0.68916	0.68922			6
2026.04.03	18:52:31.584	0.68917				2
2026.04.03	18:52:31.881	0.68919	0.68925			6
2026.04.03	18:52:32.480	0.68918				2
2026.04.03	18:52:33.683	0.68917				2
2026.04.03	18:52:33.980	0.68916	0.68924			6
2026.04.03	18:52:34.283	0.68914	0.68921			6
2026.04.03	18:52:35.785	0.68913	0.68922			6
2026.04.03	18:52:37.588	0.68915	0.68923			6
2026.04.03	18:52:37.891	0.68918	0.68924			6
2026.04.03	18:52:39.096	0.68919				2
2026.04.03	18:52:39.393		0.68927			4
2026.04.03	18:52:40.597	0.68918	0.68928			6
2026.04.03	18:52:41.197		0.68927			4
2026.04.03	18:52:42.399		0.68926			4
2026.04.03	18:52:42.699	0.68919				2
2026.04.03	18:52:46.007	0.68920				2
2026.04.03	18:52:46.610		0.68927			4
2026.04.03	18:52:47.211	0.68921				2
2026.04.03	18:52:48.716		0.68928			4
2026.04.03	18:52:49.617		0.68929			4
2026.04.03	18:52:53.524	0.68922				2
2026.04.03	18:52:53.825	0.68921				2
2026.04.03	18:52:54.727	0.68920				2
2026.04.03	18:52:55.029	0.68921				2
2026.04.03	18:52:58.933	0.68920				2
2026.04.03	18:52:59.534		0.68927			4
2026.04.03	18:52:59.832	0.68919				2
2026.04.03	18:53:00.132	0.68920				2
2026.04.03	18:53:00.438	0.68919	0.68928			6
2026.04.03	18:53:00.734	0.68920				2
2026.04.03	18:53:01.637		0.68929			4
2026.04.03	18:53:02.536	0.68919				2
2026.04.03	18:53:02.837	0.68920				2
2026.04.03	18:53:03.440	0.68919				2
2026.04.03	18:53:04.338	0.68920				2
2026.04.03	18:53:04.638	0.68919				2
2026.04.03	18:53:05.540	0.68920				2
2026.04.03	18:53:05.841	0.68921				2
2026.04.03	18:53:07.344	0.68920				2
2026.04.03	18:53:09.152	0.68921				2
2026.04.03	18:53:10.954	0.68922				2
2026.04.03	18:53:11.855	0.68923				2
2026.04.03	18:53:12.155		0.68930			4
2026.04.03	18:53:15.158	0.68920	0.68929			6
2026.04.03	18:53:17.263	0.68921	0.68930			6
2026.04.03	18:53:17.565		0.68928			4
2026.04.03	18:53:18.772	0.68920	0.68929			6
2026.04.03	18:53:21.177	0.68921				2
2026.04.03	18:53:22.978	0.68920				2
2026.04.03	18:53:23.878	0.68921				2
2026.04.03	18:53:24.184	0.68920				2
2026.04.03	18:53:26.882	0.68921				2
2026.04.03	18:53:27.184	0.68920				2
2026.04.03	18:53:29.885	0.68921				2
2026.04.03	18:53:31.088	0.68922				2
2026.04.03	18:53:31.392		0.68930			4
2026.04.03	18:53:33.193	0.68923				2
2026.04.03	18:53:33.493	0.68922				2
2026.04.03	18:53:36.805	0.68921				2
2026.04.03	18:53:37.107		0.68929			4
2026.04.03	18:53:41.917	0.68922				2
2026.04.03	18:53:42.220	0.68921				2
2026.04.03	18:53:45.526	0.68922				2
2026.04.03	18:53:46.131	0.68921				2
2026.04.03	18:53:47.329		0.68930			4
2026.04.03	18:53:47.929	0.68922				2
2026.04.03	18:53:48.530	0.68921				2
2026.04.03	18:53:52.444		0.68929			4
2026.04.03	18:53:57.861		0.68928			4
2026.04.03	18:54:00.266	0.68921				2
2026.04.03	18:54:03.578		0.68929			4
2026.04.03	18:54:06.285		0.68927			4
2026.04.03	18:54:06.584		0.68928			4
2026.04.03	18:54:08.086	0.68920				2
2026.04.03	18:54:08.385	0.68921				2
2026.04.03	18:54:19.812		0.68927			4
2026.04.03	18:54:21.017		0.68929			4
2026.04.03	18:54:21.318	0.68922				2
2026.04.03	18:54:22.217	0.68921				2
2026.04.03	18:54:22.519	0.68924	0.68928			6
2026.04.03	18:54:23.717	0.68923	0.68929			6
2026.04.03	18:54:26.723	0.68922				2
2026.04.03	18:54:30.630	0.68921				2
2026.04.03	18:54:30.929	0.68922				2
2026.04.03	18:54:48.668	0.68923				2
2026.04.03	18:54:48.967	0.68921				2
2026.04.03	18:54:49.269	0.68922				2
2026.04.03	18:54:51.675	0.68921				2
2026.04.03	18:54:51.976	0.68922				2
2026.04.03	18:54:54.381	0.68923				2
2026.04.03	18:54:54.982		0.68930			4
2026.04.03	18:54:57.687		0.68931			4
2026.04.03	18:55:00.099	0.68923				2
2026.04.03	18:55:05.220	0.68927	0.68935			6
2026.04.03	18:55:05.518	0.68929	0.68938			6
2026.04.03	18:55:05.815	0.68931	0.68940			6
2026.04.03	18:55:06.117	0.68932	0.68939			6
2026.04.03	18:55:06.718		0.68940			4
2026.04.03	18:55:07.319	0.68934				2
2026.04.03	18:55:07.621	0.68935	0.68941			6
2026.04.03	18:55:07.922		0.68942			4
2026.04.03	18:55:08.521	0.68936	0.68943			6
2026.04.03	18:55:09.725		0.68944			4
2026.04.03	18:55:11.524	0.68937				2
2026.04.03	18:55:11.826		0.68945			4
2026.04.03	18:55:12.429	0.68938				2
2026.04.03	18:55:12.728	0.68937				2
2026.04.03	18:55:13.029	0.68938	0.68946			6
2026.04.03	18:55:15.130		0.68945			4
2026.04.03	18:55:15.730	0.68939	0.68946			6
2026.04.03	18:55:16.331	0.68940				2
2026.04.03	18:55:16.630		0.68947			4
2026.04.03	18:55:22.042		0.68946			4
2026.04.03	18:55:22.938		0.68947			4
2026.04.03	18:55:27.452		0.68946			4
2026.04.03	18:55:27.754		0.68947			4
2026.04.03	18:55:28.052		0.68948			4
2026.04.03	18:55:28.355	0.68941				2
2026.04.03	18:55:28.953		0.68949			4
2026.04.03	18:55:29.255	0.68943				2
2026.04.03	18:55:29.854		0.68950			4
2026.04.03	18:55:30.458	0.68944	0.68951			6
2026.04.03	18:55:30.758	0.68943				2
2026.04.03	18:55:31.354	0.68944	0.68952			6
2026.04.03	18:55:31.657	0.68943	0.68950			6
2026.04.03	18:55:31.955		0.68949			4
2026.04.03	18:55:32.258		0.68950			4
2026.04.03	18:55:32.559	0.68941	0.68949			6
2026.04.03	18:55:32.857	0.68940	0.68947			6
2026.04.03	18:55:33.157	0.68939	0.68945			6
2026.04.03	18:55:33.457	0.68936	0.68942			6
2026.04.03	18:55:33.759	0.68935	0.68941			6
2026.04.03	18:55:34.061	0.68934				2
2026.04.03	18:55:34.359		0.68940			4
2026.04.03	18:55:35.863	0.68932	0.68938			6
2026.04.03	18:55:36.164	0.68931	0.68937			6
2026.04.03	18:55:36.464	0.68930	0.68936			6
2026.04.03	18:55:36.765		0.68937			4
2026.04.03	18:55:37.372	0.68931	0.68938			6
2026.04.03	18:55:37.971	0.68930	0.68936			6
2026.04.03	18:55:38.573	0.68931	0.68937			6
2026.04.03	18:55:39.776	0.68930	0.68936			6
2026.04.03	18:55:40.076		0.68935			4
2026.04.03	18:55:40.375	0.68929	0.68938			6
2026.04.03	18:55:40.977		0.68939			4
2026.04.03	18:55:41.280	0.68928	0.68937			6
2026.04.03	18:55:46.383	0.68929	0.68939			6
2026.04.03	18:55:46.687		0.68937			4
2026.04.03	18:55:47.287	0.68928	0.68938			6
2026.04.03	18:55:52.407		0.68939			4
2026.04.03	18:55:52.708	0.68927				2
2026.04.03	18:55:53.008	0.68926	0.68937			6
2026.04.03	18:55:53.309	0.68925	0.68934			6
2026.04.03	18:55:53.909	0.68924	0.68933			6
2026.04.03	18:55:54.512		0.68937			4
2026.04.03	18:55:56.320		0.68933			4
2026.04.03	18:55:57.522		0.68937			4
2026.04.03	18:55:58.729	0.68926	0.68938			6
2026.04.03	18:55:59.029	0.68927				2
2026.04.03	18:55:59.332	0.68928	0.68934			6
2026.04.03	18:55:59.631	0.68929	0.68935			6
2026.04.03	18:56:00.231	0.68928				2
2026.04.03	18:56:00.532		0.68938			4
2026.04.03	18:56:02.032		0.68937			4
2026.04.03	18:56:02.333	0.68927	0.68934			6
2026.04.03	18:56:03.237	0.68926	0.68939			6
2026.04.03	18:56:04.440	0.68925	0.68940			6
2026.04.03	18:56:05.339		0.68935			4
2026.04.03	18:56:06.842	0.68924	0.68941			6
2026.04.03	18:56:08.646		0.68934			4
2026.04.03	18:56:09.847		0.68941			4
2026.04.03	18:56:11.649		0.68938			4
2026.04.03	18:56:11.950	0.68923	0.68935			6
2026.04.03	18:56:12.852		0.68939			4
2026.04.03	18:56:13.156	0.68922	0.68938			6
2026.04.03	18:56:13.752		0.68937			4
2026.04.03	18:56:14.055	0.68921				2
2026.04.03	18:56:14.654		0.68936			4
2026.04.03	18:56:15.858		0.68937			4
2026.04.03	18:56:17.664		0.68936			4
2026.04.03	18:56:18.871		0.68937			4
2026.04.03	18:56:20.679	0.68920	0.68936			6
2026.04.03	18:56:22.478		0.68935			4
2026.04.03	18:56:23.679	0.68919				2
2026.04.03	18:56:26.986		0.68934			4
2026.04.03	18:56:27.286	0.68918				2
2026.04.03	18:56:27.586	0.68916	0.68931			6
2026.04.03	18:56:27.887	0.68917	0.68932			6
2026.04.03	18:56:28.188		0.68933			4
2026.04.03	18:56:28.487	0.68918				2
2026.04.03	18:56:28.787	0.68919	0.68934			6
2026.04.03	18:56:29.090	0.68922	0.68935			6
2026.04.03	18:56:29.390		0.68932			4
2026.04.03	18:56:29.688		0.68929			4
2026.04.03	18:56:30.593		0.68931			4
2026.04.03	18:56:30.898		0.68935			4
2026.04.03	18:56:31.195	0.68923				2
2026.04.03	18:56:31.494	0.68924	0.68936			6
2026.04.03	18:56:31.797	0.68926				2
2026.04.03	18:56:32.095	0.68927				2
2026.04.03	18:56:32.399	0.68929	0.68937			6
2026.04.03	18:56:33.596	0.68930				2
2026.04.03	18:56:33.896	0.68933	0.68942			6
2026.04.03	18:56:34.495	0.68936	0.68943			6
2026.04.03	18:56:34.796	0.68934				2
2026.04.03	18:56:35.099	0.68932	0.68938			6
2026.04.03	18:56:35.396	0.68930	0.68939			6
2026.04.03	18:56:35.997	0.68929	0.68936			6
2026.04.03	18:56:37.199	0.68925	0.68939			6
2026.04.03	18:56:37.499		0.68937			4
2026.04.03	18:56:37.800		0.68934			4
2026.04.03	18:56:38.700		0.68940			4
2026.04.03	18:56:40.503		0.68938			4
2026.04.03	18:56:40.803		0.68935			4
2026.04.03	18:56:41.703		0.68940			4
2026.04.03	18:56:43.507		0.68935			4
2026.04.03	18:56:44.407		0.68934			4
2026.04.03	18:56:44.707		0.68940			4
2026.04.03	18:56:45.912	0.68926	0.68938			6
2026.04.03	18:56:46.213	0.68927	0.68935			6
2026.04.03	18:56:46.516		0.68934			4
2026.04.03	18:56:47.715	0.68929	0.68936			6
2026.04.03	18:56:49.520	0.68928	0.68934			6
2026.04.03	18:56:50.730		0.68937			4
2026.04.03	18:56:51.329	0.68929	0.68936			6
2026.04.03	18:56:51.928	0.68931	0.68937			6
2026.04.03	18:56:52.229		0.68936			4
2026.04.03	18:56:54.032		0.68937			4
2026.04.03	18:57:00.059	0.68931				2
2026.04.03	18:57:00.359	0.68929				2
2026.04.03	18:57:00.661		0.68938			4
2026.04.03	18:57:01.563	0.68930				2
2026.04.03	18:57:05.177	0.68932				2
2026.04.03	18:57:06.677		0.68939			4
2026.04.03	18:57:06.977	0.68934	0.68942			6
2026.04.03	18:57:07.277	0.68935	0.68944			6
2026.04.03	18:57:07.578		0.68943			4
2026.04.03	18:57:09.385		0.68944			4
2026.04.03	18:57:09.683	0.68936				2
2026.04.03	18:57:10.583	0.68935	0.68943			6
2026.04.03	18:57:10.885	0.68934	0.68942			6
2026.04.03	18:57:11.184	0.68932	0.68940			6
2026.04.03	18:57:11.486	0.68930	0.68939			6
2026.04.03	18:57:11.785	0.68931				2
2026.04.03	18:57:12.087	0.68930	0.68938			6
2026.04.03	18:57:12.386		0.68936			4
2026.04.03	18:57:12.686	0.68929				2
2026.04.03	18:57:33.722	0.68927	0.68938			6
2026.04.03	18:57:34.025	0.68926	0.68939			6
2026.04.03	18:57:34.324	0.68924	0.68937			6
2026.04.03	18:57:34.624		0.68935			4
2026.04.03	18:57:34.925	0.68925	0.68934			6
2026.04.03	18:57:35.522		0.68939			4
2026.04.03	18:57:35.823	0.68926				2
2026.04.03	18:57:36.122	0.68927	0.68938			6
2026.04.03	18:57:36.423		0.68937			4
2026.04.03	18:57:36.725	0.68929	0.68936			6
2026.04.03	18:57:37.625	0.68928				2
2026.04.03	18:57:38.829	0.68929	0.68937			6
2026.04.03	18:57:39.130	0.68931	0.68939			6
2026.04.03	18:57:39.731	0.68932	0.68940			6
2026.04.03	18:57:40.032	0.68934	0.68941			6
2026.04.03	18:57:40.331		0.68942			4
2026.04.03	18:57:40.631		0.68941			4
2026.04.03	18:57:40.933	0.68932				2
2026.04.03	18:57:42.139		0.68940			4
2026.04.03	18:57:43.344	0.68934	0.68942			6
2026.04.03	18:57:46.654	0.68935	0.68943			6
2026.04.03	18:57:49.060		0.68944			4
2026.04.03	18:57:49.671		0.68943			4
2026.04.03	18:57:50.270		0.68942			4
2026.04.03	18:57:50.568	0.68932	0.68940			6
2026.04.03	18:57:51.171		0.68941			4
2026.04.03	18:57:52.978	0.68933				2
2026.04.03	18:57:53.276		0.68942			4
2026.04.03	18:57:54.177	0.68934				2
2026.04.03	18:57:55.380		0.68943			4
2026.04.03	18:57:57.478	0.68936	0.68944			6
2026.04.03	18:57:57.778		0.68945			4
2026.04.03	18:57:58.679	0.68934	0.68944			6
2026.04.03	18:57:58.980	0.68935				2
2026.04.03	18:58:00.187	0.68935				2
2026.04.03	18:58:03.196		0.68942			4
2026.04.03	18:58:05.300		0.68941			4
2026.04.03	18:58:07.106	0.68934				2
2026.04.03	18:58:07.406	0.68932	0.68940			6
2026.04.03	18:58:07.706	0.68933				2
2026.04.03	18:58:08.002	0.68932	0.68939			6
2026.04.03	18:58:13.410	0.68930	0.68938			6
2026.04.03	18:58:13.714	0.68931				2
2026.04.03	18:58:14.011	0.68930				2
2026.04.03	18:58:14.614	0.68929	0.68939			6
2026.04.03	18:58:15.216	0.68927	0.68938			6
2026.04.03	18:58:15.815	0.68928	0.68935			6
2026.04.03	18:58:16.117	0.68929	0.68936			6
2026.04.03	18:58:16.418	0.68931	0.68937			6
2026.04.03	18:58:16.715	0.68932				2
2026.04.03	18:58:17.020		0.68938			4
2026.04.03	18:58:17.319		0.68940			4
2026.04.03	18:58:17.620	0.68933	0.68941			6
2026.04.03	18:58:18.519	0.68934				2
2026.04.03	18:58:19.717	0.68935	0.68942			6
2026.04.03	18:58:22.123	0.68934	0.68941			6
2026.04.03	18:58:27.231	0.68933				2
2026.04.03	18:58:28.134		0.68939			4
2026.04.03	18:58:28.733	0.68931				2
2026.04.03	18:58:29.032	0.68932				2
2026.04.03	18:58:29.334	0.68931	0.68938			6
2026.04.03	18:58:29.635		0.68937			4
2026.04.03	18:58:30.233	0.68929	0.68936			6
2026.04.03	18:58:30.536	0.68928				2
2026.04.03	18:58:30.833	0.68927				2
2026.04.03	18:58:31.136	0.68926				2
2026.04.03	18:58:32.038	0.68927	0.68934			6
2026.04.03	18:58:32.336	0.68928	0.68935			6
2026.04.03	18:58:33.837	0.68929	0.68936			6
2026.04.03	18:58:34.141		0.68937			4
2026.04.03	18:58:34.439	0.68924				2
2026.04.03	18:58:34.740		0.68936			4
2026.04.03	18:58:35.047	0.68923	0.68935			6
2026.04.03	18:58:35.647	0.68922				2
2026.04.03	18:58:36.250	0.68920	0.68937			6
2026.04.03	18:58:37.752	0.68919	0.68935			6
2026.04.03	18:58:38.054	0.68918	0.68936			6
2026.04.03	18:58:40.761	0.68917	0.68934			6
2026.04.03	18:58:41.063	0.68916	0.68935			6
2026.04.03	18:58:43.468		0.68934			4
2026.04.03	18:58:44.969		0.68933			4
2026.04.03	18:58:47.674	0.68917				2
2026.04.03	18:58:49.174	0.68916				2
2026.04.03	18:58:51.580	0.68917				2
2026.04.03	18:58:52.779		0.68931			4
2026.04.03	18:58:53.384	0.68916	0.68932			6
2026.04.03	18:58:53.684		0.68930			4
2026.04.03	18:58:53.984	0.68915				2
2026.04.03	18:58:55.185	0.68916				2
2026.04.03	18:58:55.786		0.68932			4
2026.04.03	18:58:56.991		0.68930			4
2026.04.03	18:59:00.301	0.68916				2
2026.04.03	18:59:03.904		0.68931			4
2026.04.03	18:59:04.209		0.68930			4
2026.04.03	18:59:05.409	0.68922	0.68933			6
2026.04.03	18:59:05.707	0.68923				2
2026.04.03	18:59:06.007	0.68924	0.68934			6
2026.04.03	18:59:07.213	0.68926	0.68935			6
2026.04.03	18:59:08.112	0.68925	0.68934			6
2026.04.03	18:59:09.313	0.68926	0.68935			6
2026.04.03	18:59:09.915	0.68924	0.68936			6
2026.04.03	18:59:10.218	0.68925	0.68935			6
2026.04.03	18:59:12.321		0.68932			4
2026.04.03	18:59:13.220		0.68935			4
2026.04.03	18:59:14.723		0.68933			4
2026.04.03	18:59:15.927	0.68926				2
2026.04.03	18:59:18.331	0.68925	0.68934			6
2026.04.03	18:59:18.634		0.68935			4
2026.04.03	18:59:18.933	0.68924	0.68933			6
2026.04.03	18:59:19.232		0.68932			4
2026.04.03	18:59:20.136	0.68923	0.68933			6
2026.04.03	18:59:20.437	0.68921				2
2026.04.03	18:59:20.739	0.68920	0.68932			6
2026.04.03	18:59:21.037	0.68919	0.68930			6
2026.04.03	18:59:21.340		0.68931			4
2026.04.03	18:59:21.637	0.68918				2
2026.04.03	18:59:21.940		0.68932			4
2026.04.03	18:59:24.345	0.68919	0.68933			6
2026.04.03	18:59:24.645	0.68921	0.68931			6
2026.04.03	18:59:25.546	0.68923	0.68930			6
2026.04.03	18:59:25.849	0.68924	0.68931			6
2026.04.03	18:59:26.446		0.68932			4
2026.04.03	18:59:27.047	0.68923				2
2026.04.03	18:59:28.251	0.68925				2
2026.04.03	18:59:29.759	0.68924	0.68931			6
2026.04.03	18:59:30.961	0.68923	0.68933			6
2026.04.03	18:59:31.264		0.68934			4
2026.04.03	18:59:31.566	0.68921				2
2026.04.03	18:59:32.468	0.68919	0.68933			6
2026.04.03	18:59:33.072		0.68934			4
2026.04.03	18:59:33.672	0.68920				2
2026.04.03	18:59:34.272		0.68935			4
2026.04.03	18:59:36.076	0.68921	0.68933			6
2026.04.03	18:59:37.278		0.68934			4
2026.04.03	18:59:37.879	0.68923	0.68932			6
2026.04.03	18:59:39.680		0.68930			4
2026.04.03	18:59:40.881		0.68933			4
2026.04.03	18:59:41.783		0.68932			4
2026.04.03	18:59:42.084		0.68933			4
2026.04.03	18:59:42.384	0.68922	0.68932			6
2026.04.03	18:59:43.285	0.68921	0.68934			6
2026.04.03	18:59:46.294	0.68920	0.68932			6
2026.04.03	18:59:47.196		0.68935			4
2026.04.03	18:59:48.701	0.68921	0.68932			6
2026.04.03	18:59:49.603		0.68935			4
2026.04.03	18:59:51.408		0.68932			4
2026.04.03	18:59:52.306		0.68935			4
2026.04.03	18:59:53.811		0.68934			4
2026.04.03	19:00:00.128	0.68922	0.68933			6
2026.04.03	19:00:00.431	0.68926				2
2026.04.03	19:00:00.727	0.68925				2
2026.04.03	19:00:01.027	0.68924	0.68932			6
2026.04.03	19:00:01.326	0.68923	0.68930			6
2026.04.03	19:00:01.625	0.68914	0.68926			6
2026.04.03	19:00:01.929		0.68923			4
2026.04.03	19:00:02.229	0.68913	0.68924			6
2026.04.03	19:00:02.528		0.68925			4
2026.04.03	19:00:02.833	0.68912	0.68926			6
2026.04.03	19:00:03.732	0.68913	0.68925			6
2026.04.03	19:00:04.332	0.68914	0.68929			6
2026.04.03	19:00:04.631	0.68917	0.68925			6
2026.04.03	19:00:04.936	0.68918	0.68927			6
2026.04.03	19:00:05.237	0.68920	0.68929			6
2026.04.03	19:00:05.533	0.68922	0.68930			6
2026.04.03	19:00:05.839	0.68927	0.68936			6
2026.04.03	19:00:07.340	0.68926				2
2026.04.03	19:00:07.637	0.68922	0.68931			6
2026.04.03	19:00:08.239	0.68923				2
2026.04.03	19:00:09.441	0.68924	0.68932			6
2026.04.03	19:00:09.742	0.68923				2
2026.04.03	19:00:10.643	0.68925	0.68933			6
2026.04.03	19:00:11.245	0.68923	0.68934			6
2026.04.03	19:00:11.544	0.68925				2
2026.04.03	19:00:11.846	0.68927	0.68935			6
2026.04.03	19:00:12.150	0.68925	0.68934			6
2026.04.03	19:00:12.448	0.68924	0.68933			6
2026.04.03	19:00:13.346		0.68932			4
2026.04.03	19:00:13.647	0.68923				2
2026.04.03	19:00:13.949	0.68922	0.68931			6
2026.04.03	19:00:14.547	0.68923				2
2026.04.03	19:00:15.753		0.68932			4
2026.04.03	19:00:39.802	0.68925	0.68933			6
2026.04.03	19:00:40.103		0.68934			4
2026.04.03	19:00:40.406	0.68926	0.68935			6
2026.04.03	19:00:40.703	0.68929	0.68936			6
2026.04.03	19:00:41.303		0.68937			4
2026.04.03	19:00:41.603	0.68928				2
2026.04.03	19:00:41.904	0.68931	0.68939			6
2026.04.03	19:00:42.204	0.68930				2
2026.04.03	19:00:42.504	0.68929	0.68937			6
2026.04.03	19:00:42.804	0.68926	0.68939			6
2026.04.03	19:00:43.107		0.68936			4
2026.04.03	19:00:43.405		0.68933			4
2026.04.03	19:00:44.006	0.68927	0.68935			6
2026.04.03	19:00:44.310	0.68929	0.68937			6
2026.04.03	19:00:47.009	0.68928	0.68936			6
2026.04.03	19:00:47.311	0.68927	0.68935			6
2026.04.03	19:00:48.816	0.68926	0.68934			6
2026.04.03	19:00:49.116	0.68925				2
2026.04.03	19:00:50.321	0.68926	0.68933			6
2026.04.03	19:00:50.920	0.68924	0.68932			6
2026.04.03	19:00:52.120	0.68926	0.68934			6
2026.04.03	19:00:53.323	0.68925				2
2026.04.03	19:00:53.623	0.68924	0.68931			6
2026.04.03	19:00:53.923	0.68923				2
2026.04.03	19:00:54.825	0.68925	0.68934			6
2026.04.03	19:00:55.125		0.68933			4
2026.04.03	19:00:55.728		0.68934			4
2026.04.03	19:00:57.232		0.68932			4
2026.04.03	19:00:57.533	0.68923	0.68931			6
2026.04.03	19:00:57.836		0.68932			4
2026.04.03	19:00:58.436	0.68925	0.68934			6
2026.04.03	19:00:59.940		0.68932			4
2026.04.03	19:01:00.240	0.68923	0.68931			6
2026.04.03	19:01:01.142	0.68922	0.68932			6
2026.04.03	19:01:01.444	0.68921				2
2026.04.03	19:01:01.742	0.68922	0.68933			6
2026.04.03	19:01:02.045	0.68923				2
2026.04.03	19:01:03.847		0.68931			4
2026.04.03	19:01:04.149	0.68922	0.68930			6
2026.04.03	19:01:04.448	0.68923				2
2026.04.03	19:01:05.050	0.68924	0.68934			6
2026.04.03	19:01:05.953		0.68935			4
2026.04.03	19:01:07.755	0.68923	0.68930			6
2026.04.03	19:01:08.960	0.68924	0.68935			6
2026.04.03	19:01:11.666		0.68933			4
2026.04.03	19:01:11.962	0.68922	0.68930			6
2026.04.03	19:01:12.562	0.68923				2
2026.04.03	19:01:12.865	0.68922	0.68933			6
2026.04.03	19:01:14.368	0.68925	0.68935			6
2026.04.03	19:01:14.668	0.68926				2
2026.04.03	19:01:20.679	0.68925				2
2026.04.03	19:01:23.688	0.68924	0.68933			6
2026.04.03	19:01:23.988	0.68922	0.68930			6
2026.04.03	19:01:24.889	0.68924	0.68934			6
2026.04.03	19:01:26.394		0.68935			4
2026.04.03	19:01:27.600		0.68932			4
2026.04.03	19:01:27.900		0.68930			4
2026.04.03	19:01:28.802		0.68935			4
2026.04.03	19:01:29.407		0.68934			4
2026.04.03	19:01:30.008	0.68925				2
2026.04.03	19:01:31.207		0.68933			4
2026.04.03	19:01:31.508	0.68924	0.68931			6
2026.04.03	19:01:31.808		0.68932			4
2026.04.03	19:01:32.411	0.68926	0.68934			6
2026.04.03	19:01:33.314		0.68933			4
2026.04.03	19:01:34.216	0.68925				2
2026.04.03	19:01:35.119	0.68923	0.68931			6
2026.04.03	19:01:35.720	0.68922				2
2026.04.03	19:01:36.322	0.68925	0.68934			6
2026.04.03	19:01:37.229	0.68924				2
2026.04.03	19:01:37.530		0.68933			4
2026.04.03	19:01:38.734		0.68931			4
2026.04.03	19:01:39.032	0.68923				2
2026.04.03	19:01:40.234	0.68925	0.68933			6
2026.04.03	19:01:41.738	0.68923	0.68931			6
2026.04.03	19:01:42.941	0.68924				2
2026.04.03	19:01:43.244		0.68933			4
2026.04.03	19:01:43.845	0.68923	0.68932			6
2026.04.03	19:01:44.743	0.68922	0.68930			6
2026.04.03	19:01:45.345	0.68921				2
2026.04.03	19:01:46.245	0.68924	0.68931			6
2026.04.03	19:01:46.547	0.68923	0.68932			6
2026.04.03	19:01:47.750	0.68922	0.68930			6
2026.04.03	19:01:48.053	0.68921				2
2026.04.03	19:01:49.251	0.68924	0.68931			6
2026.04.03	19:01:49.853	0.68923	0.68932			6
2026.04.03	19:01:50.154	0.68924	0.68931			6
2026.04.03	19:01:51.053		0.68930			4
2026.04.03	19:01:51.359	0.68922				2
2026.04.03	19:01:52.563	0.68924	0.68931			6
2026.04.03	19:01:53.166		0.68932			4
2026.04.03	19:01:54.373		0.68930			4
2026.04.03	19:01:54.670	0.68922				2
2026.04.03	19:01:55.873	0.68923	0.68932			6
2026.04.03	19:01:57.675	0.68922	0.68928			6
2026.04.03	19:01:57.978	0.68921	0.68929			6
2026.04.03	19:01:58.878	0.68923	0.68932			6
2026.04.03	19:02:00.079	0.68923				2
2026.04.03	19:02:00.680	0.68922	0.68930			6
2026.04.03	19:02:00.979	0.68920	0.68928			6
2026.04.03	19:02:01.879	0.68921	0.68931			6
2026.04.03	19:02:02.183		0.68932			4
2026.04.03	19:02:03.684		0.68931			4
2026.04.03	19:02:03.983	0.68920	0.68927			6
2026.04.03	19:02:04.885	0.68921	0.68931			6
2026.04.03	19:02:05.486		0.68930			4
2026.04.03	19:02:06.687	0.68920				2
2026.04.03	19:02:06.991	0.68919	0.68927			6
2026.04.03	19:02:07.291	0.68920				2
2026.04.03	19:02:07.893		0.68929			4
2026.04.03	19:02:10.304		0.68927			4
2026.04.03	19:02:11.505	0.68921	0.68929			6
2026.04.03	19:02:12.410	0.68920	0.68930			6
2026.04.03	19:02:12.708	0.68921				2
2026.04.03	19:02:13.010		0.68929			4
2026.04.03	19:02:13.311	0.68920	0.68927			6
2026.04.03	19:02:14.215	0.68921	0.68930			6
2026.04.03	19:02:16.019	0.68920				2
2026.04.03	19:02:16.318		0.68927			4
2026.04.03	19:02:17.522		0.68930			4
2026.04.03	19:02:19.334		0.68927			4
2026.04.03	19:02:20.541		0.68929			4
2026.04.03	19:02:21.141	0.68919				2
2026.04.03	19:02:21.445		0.68930			4
2026.04.03	19:02:22.345		0.68927			4
2026.04.03	19:02:23.547		0.68930			4
2026.04.03	19:02:25.651		0.68927			4
2026.04.03	19:02:26.555		0.68930			4
2026.04.03	19:02:28.665		0.68927			4
2026.04.03	19:02:29.871		0.68930			4
2026.04.03	19:02:30.171	0.68917	0.68929			6
2026.04.03	19:02:30.772		0.68928			4
2026.04.03	19:02:31.075	0.68916	0.68929			6
2026.04.03	19:02:31.673	0.68917	0.68928			6
2026.04.03	19:02:31.977	0.68918	0.68927			6
2026.04.03	19:02:32.275	0.68919	0.68926			6
2026.04.03	19:02:32.579	0.68917				2
2026.04.03	19:02:32.876	0.68920	0.68928			6
2026.04.03	19:02:33.178	0.68921	0.68930			6
2026.04.03	19:02:33.475	0.68922	0.68931			6
2026.04.03	19:02:34.077	0.68919	0.68926			6
2026.04.03	19:02:35.877	0.68918	0.68927			6
2026.04.03	19:02:36.180	0.68919	0.68928			6
2026.04.03	19:02:36.479	0.68920				2
2026.04.03	19:02:37.983		0.68929			4
2026.04.03	19:02:40.092	0.68919	0.68928			6
2026.04.03	19:02:41.596	0.68918	0.68927			6
2026.04.03	19:02:42.500	0.68919	0.68926			6
2026.04.03	19:02:42.799		0.68929			4
2026.04.03	19:02:43.699	0.68918	0.68926			6
2026.04.03	19:02:44.002	0.68917				2
2026.04.03	19:02:44.901	0.68919				2
2026.04.03	19:02:47.909	0.68917				2
2026.04.03	19:02:49.116	0.68919				2
2026.04.03	19:02:50.617		0.68925			4
2026.04.03	19:02:51.822	0.68917				2
2026.04.03	19:02:52.122	0.68916				2
2026.04.03	19:02:52.724	0.68918	0.68927			6
2026.04.03	19:02:54.228		0.68926			4
2026.04.03	19:02:55.431	0.68917	0.68924			6
2026.04.03	19:02:56.031	0.68916	0.68925			6
2026.04.03	19:02:56.634	0.68918	0.68927			6
2026.04.03	19:02:57.533	0.68919	0.68926			6
2026.04.03	19:02:58.134	0.68918				2
2026.04.03	19:02:59.337		0.68927			4
2026.04.03	19:02:59.940	0.68920	0.68928			6
2026.04.03	19:03:00.240	0.68920				2
2026.04.03	19:03:00.843	0.68921	0.68929			6
2026.04.03	19:03:03.255		0.68928			4
2026.04.03	19:03:03.855	0.68920	0.68929			6
2026.04.03	19:03:04.152	0.68921	0.68928			6
2026.04.03	19:03:04.754		0.68927			4
2026.04.03	19:03:05.057		0.68929			4
2026.04.03	19:03:06.858	0.68920	0.68928			6
2026.04.03	19:03:08.060	0.68921				2
2026.04.03	19:03:08.965	0.68920				2
2026.04.03	19:03:09.263	0.68921				2
2026.04.03	19:03:10.767		0.68929			4
2026.04.03	19:03:12.269	0.68922	0.68930			6
2026.04.03	19:03:14.371		0.68929			4
2026.04.03	19:03:20.078	0.68923	0.68930			6
2026.04.03	19:03:20.983	0.68924				2
2026.04.03	19:03:21.581		0.68932			4
2026.04.03	19:03:22.185		0.68931			4
2026.04.03	19:03:27.593		0.68932			4
2026.04.03	19:03:27.893		0.68931			4
2026.04.03	19:03:28.194	0.68923				2
2026.04.03	19:03:31.204		0.68930			4
2026.04.03	19:03:31.806	0.68922				2
2026.04.03	19:03:32.406	0.68923				2
2026.04.03	19:03:32.707	0.68922				2
2026.04.03	19:03:36.017	0.68923				2
2026.04.03	19:03:36.317	0.68922				2
2026.04.03	19:03:37.522		0.68931			4
2026.04.03	19:03:37.824	0.68923				2
2026.04.03	19:03:38.725		0.68932			4
2026.04.03	19:03:43.253	0.68924				2
2026.04.03	19:03:43.553	0.68925	0.68933			6
2026.04.03	19:03:44.154		0.68932			4
2026.04.03	19:03:44.755	0.68922	0.68930			6
2026.04.03	19:03:45.055	0.68921	0.68928			6
2026.04.03	19:03:45.354	0.68920				2
2026.04.03	19:03:45.654	0.68921				2
2026.04.03	19:03:45.955	0.68922	0.68929			6
2026.04.03	19:03:46.259		0.68930			4
2026.04.03	19:03:46.562	0.68923	0.68931			6
2026.04.03	19:03:48.669		0.68932			4
2026.04.03	19:03:49.274		0.68931			4
2026.04.03	19:03:51.077	0.68924				2
2026.04.03	19:03:51.376		0.68932			4
2026.04.03	19:03:52.577	0.68925				2
2026.04.03	19:03:52.876		0.68933			4
2026.04.03	19:03:53.777		0.68932			4
2026.04.03	19:03:54.678		0.68933			4
2026.04.03	19:03:55.281		0.68932			4
2026.04.03	19:03:57.087	0.68924				2
2026.04.03	19:04:00.090	0.68924				2
2026.04.03	19:04:00.690	0.68925				2
2026.04.03	19:04:01.891		0.68933			4
2026.04.03	19:04:02.192	0.68924				2
2026.04.03	19:04:03.094	0.68925				2
2026.04.03	19:04:03.394		0.68934			4
2026.04.03	19:04:04.897	0.68926				2
2026.04.03	19:04:06.702	0.68925	0.68933			6
2026.04.03	19:04:07.004		0.68932			4
2026.04.03	19:04:08.203	0.68924				2
2026.04.03	19:04:11.207	0.68923				2
2026.04.03	19:04:12.109	0.68924				2
2026.04.03	19:04:12.710	0.68923				2
2026.04.03	19:04:13.917	0.68924				2
2026.04.03	19:04:14.819	0.68923				2
2026.04.03	19:04:15.119	0.68924	0.68933			6
2026.04.03	19:04:21.132	0.68925	0.68932			6
2026.04.03	19:04:21.732	0.68923				2
2026.04.03	19:04:29.848	0.68922	0.68931			6
2026.04.03	19:04:30.450		0.68930			4
2026.04.03	19:04:30.747		0.68931			4
2026.04.03	19:04:31.958	0.68923				2
2026.04.03	19:04:33.158	0.68922	0.68930			6
2026.04.03	19:04:34.362		0.68929			4
2026.04.03	19:04:34.665		0.68930			4
2026.04.03	19:04:34.965	0.68921				2
2026.04.03	19:04:35.269	0.68922				2
2026.04.03	19:04:35.871		0.68929			4
2026.04.03	19:04:36.169	0.68921				2
2026.04.03	19:04:36.771		0.68928			4
2026.04.03	19:04:37.070	0.68920				2
2026.04.03	19:04:37.675	0.68921	0.68930			6
2026.04.03	19:04:38.275	0.68922	0.68931			6
2026.04.03	19:04:38.876	0.68923	0.68932			6
2026.04.03	19:04:39.177		0.68931			4
2026.04.03	19:04:39.777	0.68922	0.68930			6
2026.04.03	19:04:40.077		0.68931			4
2026.04.03	19:04:40.678		0.68930			4
2026.04.03	19:04:46.988	0.68923	0.68931			6
2026.04.03	19:04:47.287	0.68922				2
2026.04.03	19:04:47.891		0.68930			4
2026.04.03	19:04:50.898		0.68929			4
2026.04.03	19:04:51.799	0.68921				2
2026.04.03	19:04:53.001	0.68920				2
2026.04.03	19:04:53.905	0.68919				2
2026.04.03	19:04:54.205	0.68921				2
2026.04.03	19:04:54.809	0.68920				2
2026.04.03	19:04:55.111	0.68921				2
2026.04.03	19:04:55.409	0.68920				2
2026.04.03	19:04:55.712	0.68922	0.68931			6
2026.04.03	19:04:56.917	0.68923	0.68932			6
2026.04.03	19:05:00.224	0.68922	0.68931			6
2026.04.03	19:05:00.823	0.68923				2
2026.04.03	19:05:01.123	0.68922				2
2026.04.03	19:05:01.424	0.68923				2
2026.04.03	19:05:05.934	0.68924	0.68932			6
2026.04.03	19:05:16.155		0.68933			4
2026.04.03	19:05:21.566		0.68932			4
2026.04.03	19:05:22.467		0.68933			4
2026.04.03	19:05:22.768	0.68925	0.68935			6
2026.04.03	19:05:24.874		0.68934			4
2026.04.03	19:05:25.476		0.68933			4
2026.04.03	19:05:25.776	0.68923				2
2026.04.03	19:05:26.076	0.68925				2
2026.04.03	19:05:26.378	0.68924				2
2026.04.03	19:05:26.676	0.68923				2
2026.04.03	19:05:26.976		0.68932			4
2026.04.03	19:05:27.276	0.68922				2
2026.04.03	19:05:27.577	0.68923				2
2026.04.03	19:05:28.480		0.68931			4
2026.04.03	19:05:29.081		0.68932			4
2026.04.03	19:05:30.885	0.68924				2
2026.04.03	19:05:31.181	0.68923				2
2026.04.03	19:05:33.285		0.68933			4
2026.04.03	19:05:33.585		0.68932			4
2026.04.03	19:05:33.885	0.68922	0.68931			6
2026.04.03	19:05:35.090	0.68921				2
2026.04.03	19:05:35.692	0.68922				2
2026.04.03	19:05:35.992	0.68921				2
2026.04.03	19:05:36.295		0.68929			4
2026.04.03	19:05:36.594	0.68920				2
2026.04.03	19:05:37.198	0.68919				2
2026.04.03	19:05:37.798	0.68918	0.68927			6
2026.04.03	19:05:38.099	0.68919	0.68926			6
2026.04.03	19:05:38.700	0.68918	0.68927			6
2026.04.03	19:05:39.300	0.68919				2
2026.04.03	19:05:39.602		0.68928			4
2026.04.03	19:05:40.502		0.68929			4
2026.04.03	19:05:42.005	0.68921				2
2026.04.03	19:05:42.308		0.68930			4
2026.04.03	19:05:43.509	0.68922	0.68932			6
2026.04.03	19:05:43.808		0.68931			4
2026.04.03	19:05:45.309	0.68923				2
2026.04.03	19:05:50.719	0.68922				2
2026.04.03	19:05:51.018	0.68923				2
2026.04.03	19:05:53.721	0.68922				2
2026.04.03	19:05:56.123		0.68930			4
2026.04.03	19:05:57.328	0.68921	0.68929			6
2026.04.03	19:05:58.834	0.68923	0.68930			6
2026.04.03	19:06:00.040	0.68923				2
2026.04.03	19:06:01.854	0.68924				2
2026.04.03	19:06:02.753		0.68931			4
2026.04.03	19:06:11.764	0.68923				2
2026.04.03	19:06:15.379	0.68921	0.68930			6
2026.04.03	19:06:15.977	0.68920	0.68928			6
2026.04.03	19:06:16.877		0.68929			4
2026.04.03	19:06:18.381	0.68919	0.68928			6
2026.04.03	19:06:18.682	0.68918	0.68927			6
2026.04.03	19:06:20.189	0.68919				2
2026.04.03	19:06:21.088		0.68926			4
2026.04.03	19:06:23.787		0.68927			4
2026.04.03	19:06:24.088	0.68920	0.68928			6
2026.04.03	19:06:24.993		0.68927			4
2026.04.03	19:06:25.294	0.68919	0.68926			6
2026.04.03	19:06:29.802	0.68918	0.68927			6
2026.04.03	19:06:30.103	0.68921				2
2026.04.03	19:06:33.119		0.68928			4
2026.04.03	19:06:33.418	0.68919	0.68926			6
2026.04.03	19:06:33.718	0.68917	0.68923			6
2026.04.03	19:06:37.335	0.68916	0.68924			6
2026.04.03	19:06:41.853	0.68917	0.68923			6
2026.04.03	19:06:43.956	0.68916				2
2026.04.03	19:06:45.159	0.68917				2
2026.04.03	19:06:53.881	0.68916	0.68924			6
2026.04.03	19:06:55.687	0.68915				2
2026.04.03	19:07:00.196	0.68915				2
2026.04.03	19:07:00.498		0.68925			4
2026.04.03	19:07:06.814		0.68924			4
2026.04.03	19:07:08.015		0.68925			4
2026.04.03	19:07:08.615	0.68914				2
2026.04.03	19:07:10.723		0.68924			4
2026.04.03	19:07:11.022		0.68925			4
2026.04.03	19:07:14.625		0.68924			4
2026.04.03	19:07:15.834	0.68913	0.68925			6
2026.04.03	19:07:18.532	0.68914				2
2026.04.03	19:07:26.356	0.68915	0.68924			6
2026.04.03	19:07:26.654	0.68916	0.68923			6
2026.04.03	19:07:26.954	0.68917	0.68925			6
2026.04.03	19:07:27.255	0.68920	0.68930			6
2026.04.03	19:07:27.556	0.68921				2
2026.04.03	19:07:27.859	0.68920	0.68929			6
2026.04.03	19:07:28.158	0.68916	0.68924			6
2026.04.03	19:07:28.459	0.68914	0.68926			6
2026.04.03	19:07:29.961	0.68915	0.68925			6
2026.04.03	19:07:31.166	0.68916	0.68924			6
2026.04.03	19:07:33.877		0.68925			4
2026.04.03	19:07:34.177	0.68917	0.68926			6
2026.04.03	19:07:35.080	0.68918	0.68927			6
2026.04.03	19:07:35.978	0.68919				2
2026.04.03	19:07:39.287	0.68920				2
2026.04.03	19:07:40.186		0.68928			4
2026.04.03	19:07:41.688	0.68921				2
2026.04.03	19:07:42.895		0.68929			4
2026.04.03	19:07:45.603	0.68922	0.68930			6
2026.04.03	19:07:45.906		0.68931			4
2026.04.03	19:07:46.206	0.68921				2
2026.04.03	19:07:46.506	0.68920	0.68928			6
2026.04.03	19:07:47.109	0.68919	0.68927			6
2026.04.03	19:07:47.411	0.68918	0.68926			6
2026.04.03	19:07:48.011	0.68917	0.68925			6
2026.04.03	19:07:48.612	0.68916	0.68924			6
2026.04.03	19:07:59.441	0.68917	0.68923			6
2026.04.03	19:07:59.743	0.68916	0.68924			6
2026.04.03	19:08:00.042	0.68916				2
2026.04.03	19:08:05.758	0.68915	0.68925			6
2026.04.03	19:08:06.057	0.68916	0.68923			6
2026.04.03	19:08:06.359	0.68919	0.68927			6
2026.04.03	19:08:21.386		0.68928			4
2026.04.03	19:08:22.287	0.68921	0.68930			6
2026.04.03	19:08:22.587	0.68922	0.68931			6
2026.04.03	19:08:25.599	0.68921				2
2026.04.03	19:08:30.113	0.68923	0.68932			6
2026.04.03	19:08:34.621		0.68931			4
2026.04.03	19:08:41.241	0.68924	0.68932			6
2026.04.03	19:08:45.761		0.68933			4
2026.04.03	19:08:53.287	0.68925				2
2026.04.03	19:08:53.583		0.68934			4
2026.04.03	19:08:54.185		0.68933			4
2026.04.03	19:08:56.291	0.68924				2
2026.04.03	19:08:56.894	0.68923	0.68932			6
2026.04.03	19:08:57.193	0.68922	0.68930			6
2026.04.03	19:08:57.795	0.68921	0.68929			6
2026.04.03	19:08:58.096	0.68920				2
2026.04.03	19:08:58.396		0.68928			4
2026.04.03	19:08:59.000	0.68919				2
2026.04.03	19:08:59.300		0.68927			4
2026.04.03	19:08:59.599	0.68917				2
2026.04.03	19:08:59.901		0.68926			4
2026.04.03	19:09:00.205	0.68917				2
2026.04.03	19:09:01.102		0.68925			4
2026.04.03	19:09:01.403	0.68916				2
2026.04.03	19:09:01.705	0.68917				2
2026.04.03	19:09:02.305	0.68918	0.68927			6
2026.04.03	19:09:02.608	0.68921	0.68930			6
2026.04.03	19:09:02.904	0.68922	0.68932			6
2026.04.03	19:09:03.207	0.68923				2
2026.04.03	19:09:03.506		0.68933			4
2026.04.03	19:09:05.308	0.68922	0.68931			6
2026.04.03	19:09:05.614	0.68921	0.68929			6
2026.04.03	19:09:05.912	0.68920	0.68928			6
2026.04.03	19:09:06.212	0.68921	0.68929			6
2026.04.03	19:09:06.511	0.68920				2
2026.04.03	19:09:07.111		0.68930			4
2026.04.03	19:09:07.716	0.68921	0.68931			6
2026.04.03	19:09:08.014	0.68922	0.68932			6
2026.04.03	19:09:09.515	0.68923	0.68933			6
2026.04.03	19:09:09.817		0.68932			4
2026.04.03	19:09:10.117	0.68922				2
2026.04.03	19:09:10.720	0.68923				2
2026.04.03	19:09:11.023		0.68933			4
2026.04.03	19:09:11.625		0.68932			4
2026.04.03	19:09:13.732		0.68933			4
2026.04.03	19:09:16.438		0.68934			4
2026.04.03	19:09:16.738	0.68925	0.68935			6
2026.04.03	19:09:17.039	0.68924	0.68934			6
2026.04.03	19:09:20.051	0.68925	0.68935			6
2026.04.03	19:09:20.954		0.68934			4
2026.04.03	19:09:22.459		0.68935			4
2026.04.03	19:09:22.758	0.68926	0.68934			6
2026.04.03	19:09:23.059		0.68935			4
2026.04.03	19:09:23.365	0.68925				2
2026.04.03	19:09:23.964	0.68924	0.68933			6
2026.04.03	19:09:24.266		0.68932			4
2026.04.03	19:09:25.476	0.68921	0.68933			6
2026.04.03	19:09:25.772	0.68924				2
2026.04.03	19:09:26.076	0.68925	0.68934			6
2026.04.03	19:09:26.373	0.68924				2
2026.04.03	19:09:28.476	0.68925				2
2026.04.03	19:09:28.777	0.68924	0.68933			6
2026.04.03	19:09:29.076	0.68923				2
2026.04.03	19:09:29.376	0.68924	0.68934			6
2026.04.03	19:09:30.276	0.68925				2
2026.04.03	19:09:31.479	0.68924				2
2026.04.03	19:09:32.081		0.68933			4
2026.04.03	19:09:35.685	0.68925	0.68934			6
2026.04.03	19:09:37.789	0.68924				2
2026.04.03	19:09:38.999	0.68925				2
2026.04.03	19:09:39.901		0.68935			4
2026.04.03	19:09:40.200	0.68924				2
2026.04.03	19:09:40.504	0.68925				2
2026.04.03	19:09:40.802	0.68924				2
2026.04.03	19:09:41.707		0.68934			4
2026.04.03	19:09:45.314		0.68933			4
2026.04.03	19:09:46.818	0.68923	0.68934			6
2026.04.03	19:09:47.117	0.68924	0.68933			6
2026.04.03	19:09:47.419		0.68934			4
2026.04.03	19:09:47.719		0.68933			4
2026.04.03	19:09:48.023		0.68934			4
2026.04.03	19:09:49.823		0.68933			4
2026.04.03	19:09:51.025	0.68923				2
2026.04.03	19:09:51.324	0.68924				2
2026.04.03	19:09:51.625		0.68934			4
2026.04.03	19:09:54.027		0.68935			4
2026.04.03	19:09:54.327		0.68934			4
2026.04.03	19:09:55.230	0.68926				2
2026.04.03	19:09:55.532		0.68935			4
2026.04.03	19:09:56.433	0.68925				2
2026.04.03	19:09:56.732		0.68934			4
2026.04.03	19:09:58.540	0.68924				2
2026.04.03	19:10:00.041	0.68925				2
2026.04.03	19:10:01.843	0.68923	0.68931			6
2026.04.03	19:10:02.143		0.68932			4
2026.04.03	19:10:02.443	0.68924	0.68933			6
2026.04.03	19:10:02.743		0.68934			4
2026.04.03	19:10:05.750	0.68926				2
2026.04.03	19:10:06.050		0.68935			4
2026.04.03	19:10:06.654	0.68925				2
2026.04.03	19:10:06.952		0.68934			4
2026.04.03	19:10:07.553	0.68923				2
2026.04.03	19:10:07.857	0.68925				2
2026.04.03	19:10:08.454		0.68935			4
2026.04.03	19:10:11.161	0.68927	0.68936			6
2026.04.03	19:10:11.761		0.68935			4
2026.04.03	19:10:12.060		0.68936			4
2026.04.03	19:10:13.259		0.68935			4
2026.04.03	19:10:19.277		0.68936			4
2026.04.03	19:10:20.181		0.68935			4
2026.04.03	19:10:22.279		0.68936			4
2026.04.03	19:10:23.483		0.68935			4
2026.04.03	19:10:24.684	0.68926				2
2026.04.03	19:10:24.984	0.68928	0.68936			6
2026.04.03	19:10:25.284	0.68927				2
2026.04.03	19:10:27.989		0.68935			4
2026.04.03	19:10:28.588	0.68928				2
2026.04.03	19:10:28.891	0.68927				2
2026.04.03	19:10:29.492		0.68936			4
2026.04.03	19:10:30.094		0.68935			4
2026.04.03	19:10:33.706		0.68936			4
2026.04.03	19:10:34.006		0.68935			4
2026.04.03	19:10:34.603	0.68926				2
2026.04.03	19:10:35.202	0.68927	0.68936			6
2026.04.03	19:10:45.723		0.68935			4
2026.04.03	19:10:46.925		0.68936			4
2026.04.03	19:10:55.940	0.68928				2
2026.04.03	19:10:59.250		0.68937			4
2026.04.03	19:11:00.151	0.68928				2
2026.04.03	19:11:00.453	0.68929				2
2026.04.03	19:11:02.255	0.68928				2
2026.04.03	19:11:06.164		0.68936			4
2026.04.03	19:11:06.763	0.68927				2
2026.04.03	19:11:08.266	0.68926	0.68935			6
2026.04.03	19:11:08.568	0.68927				2
2026.04.03	19:11:13.979	0.68928	0.68936			6
2026.04.03	19:11:14.281	0.68929				2
2026.04.03	19:11:14.580	0.68928				2
2026.04.03	19:11:15.484		0.68937			4
2026.04.03	19:11:15.782		0.68936			4
2026.04.03	19:11:16.085	0.68927				2
2026.04.03	19:11:19.086	0.68928				2
2026.04.03	19:11:19.389	0.68927				2
2026.04.03	19:11:20.289	0.68928				2
2026.04.03	19:11:22.691	0.68927				2
2026.04.03	19:11:23.296	0.68928				2
2026.04.03	19:11:24.806		0.68937			4
2026.04.03	19:11:25.406	0.68927				2
2026.04.03	19:11:26.608	0.68928				2
2026.04.03	19:11:28.411	0.68927	0.68936			6
2026.04.03	19:11:29.915	0.68928				2
2026.04.03	19:11:30.216		0.68937			4
2026.04.03	19:11:32.622		0.68936			4
2026.04.03	19:11:33.827		0.68937			4
2026.04.03	19:11:34.127	0.68927	0.68936			6
2026.04.03	19:11:34.427	0.68928				2
2026.04.03	19:11:35.632		0.68937			4
2026.04.03	19:11:41.952	0.68927				2
2026.04.03	19:11:43.155		0.68936			4
2026.04.03	19:11:44.654		0.68937			4
2026.04.03	19:11:45.858	0.68928				2
2026.04.03	19:11:48.877	0.68929				2
2026.04.03	19:11:49.474	0.68928				2
2026.04.03	19:11:52.479	0.68927				2
2026.04.03	19:11:53.383	0.68928	0.68936			6
2026.04.03	19:11:55.186	0.68927				2
2026.04.03	19:11:56.391	0.68928				2
2026.04.03	19:11:57.296	0.68927				2
2026.04.03	19:11:57.597	0.68926				2
2026.04.03	19:11:57.902	0.68928	0.68938			6
2026.04.03	19:11:58.202	0.68929				2
2026.04.03	19:11:59.101		0.68937			4
2026.04.03	19:12:00.002	0.68929				2
2026.04.03	19:12:00.602	0.68928				2
2026.04.03	19:12:02.105		0.68938			4
2026.04.03	19:12:02.406		0.68937			4
2026.04.03	19:12:06.615	0.68929				2
2026.04.03	19:12:06.918	0.68928				2
2026.04.03	19:12:07.818	0.68929	0.68938			6
2026.04.03	19:12:08.119	0.68928	0.68937			6
2026.04.03	19:12:09.323	0.68929				2
2026.04.03	19:12:09.623	0.68928				2
2026.04.03	19:12:10.224	0.68927				2
2026.04.03	19:12:10.825		0.68936			4
2026.04.03	19:12:11.127	0.68928				2
2026.04.03	19:12:12.632		0.68937			4
2026.04.03	19:12:17.143	0.68929				2
2026.04.03	19:12:19.251	0.68928				2
2026.04.03	19:12:23.760	0.68929				2
2026.04.03	19:12:25.269	0.68928				2
2026.04.03	19:12:26.171		0.68936			4
2026.04.03	19:12:28.572		0.68937			4
2026.04.03	19:12:29.172		0.68936			4
2026.04.03	19:12:29.772		0.68937			4
2026.04.03	19:12:31.280	0.68929				2
2026.04.03	19:12:32.178	0.68928				2
2026.04.03	19:12:33.978	0.68929				2
2026.04.03	19:12:34.579	0.68928				2
2026.04.03	19:12:34.879	0.68929				2
2026.04.03	19:12:35.480	0.68928				2
2026.04.03	19:12:37.281	0.68929				2
2026.04.03	19:12:37.583	0.68928				2
2026.04.03	19:12:37.885	0.68929				2
2026.04.03	19:12:38.183	0.68928				2
2026.04.03	19:12:39.383	0.68927				2
2026.04.03	19:12:39.985		0.68936			4
2026.04.03	19:12:40.588		0.68935			4
2026.04.03	19:12:41.487		0.68936			4
2026.04.03	19:12:45.098	0.68928	0.68937			6
2026.04.03	19:12:46.301	0.68929				2
2026.04.03	19:12:46.903	0.68928	0.68936			6
2026.04.03	19:12:47.502		0.68937			4
2026.04.03	19:12:48.107	0.68929				2
2026.04.03	19:12:48.407	0.68928				2
2026.04.03	19:12:49.307		0.68936			4
2026.04.03	19:12:49.606		0.68937			4
2026.04.03	19:12:49.907	0.68929				2
2026.04.03	19:12:50.507	0.68928	0.68936			6
2026.04.03	19:12:52.311	0.68929				2
2026.04.03	19:12:52.614		0.68937			4
2026.04.03	19:12:54.416	0.68928				2
2026.04.03	19:12:56.522		0.68936			4
2026.04.03	19:12:57.127		0.68937			4
2026.04.03	19:12:57.423	0.68927				2
2026.04.03	19:12:58.028		0.68935			4
2026.04.03	19:12:58.630	0.68926	0.68936			6
2026.04.03	19:12:58.931	0.68928				2
2026.04.03	19:12:59.532		0.68935			4
2026.04.03	19:13:00.137	0.68928	0.68936			6
2026.04.03	19:13:01.335	0.68927	0.68935			6
2026.04.03	19:13:01.635	0.68928				2
2026.04.03	19:13:01.941	0.68927				2
2026.04.03	19:13:02.845	0.68928	0.68936			6
2026.04.03	19:13:04.652	0.68927	0.68935			6
2026.04.03	19:13:04.952	0.68928				2
2026.04.03	19:13:07.359		0.68936			4
2026.04.03	19:13:07.660	0.68927	0.68935			6
2026.04.03	19:13:08.263	0.68928				2
2026.04.03	19:13:08.564		0.68936			4
2026.04.03	19:13:10.672		0.68937			4
2026.04.03	19:13:10.975	0.68929				2
2026.04.03	19:13:11.272	0.68928				2
2026.04.03	19:13:13.677		0.68936			4
2026.04.03	19:13:14.277	0.68927				2
2026.04.03	19:13:14.577		0.68935			4
2026.04.03	19:13:15.178		0.68936			4
2026.04.03	19:13:16.379	0.68928	0.68935			6
2026.04.03	19:13:16.678	0.68927				2
2026.04.03	19:13:20.887		0.68936			4
2026.04.03	19:13:23.293	0.68928	0.68935			6
2026.04.03	19:13:23.895		0.68936			4
2026.04.03	19:13:24.498	0.68929				2
2026.04.03	19:13:25.401	0.68925	0.68937			6
2026.04.03	19:13:25.701	0.68929	0.68936			6
2026.04.03	19:13:26.301	0.68928				2
2026.04.03	19:13:27.203		0.68937			4
2026.04.03	19:13:31.714	0.68929				2
2026.04.03	19:13:32.013		0.68936			4
2026.04.03	19:13:32.318	0.68928				2
2026.04.03	19:13:33.219		0.68937			4
2026.04.03	19:13:34.421		0.68936			4
2026.04.03	19:13:35.021	0.68927	0.68935			6
2026.04.03	19:13:36.225		0.68936			4
2026.04.03	19:13:38.030		0.68935			4
2026.04.03	19:13:38.936		0.68936			4
2026.04.03	19:13:39.232	0.68928				2
2026.04.03	19:13:43.151		0.68935			4
2026.04.03	19:13:43.755		0.68936			4
2026.04.03	19:13:44.362	0.68927				2
2026.04.03	19:13:50.071	0.68928				2
2026.04.03	19:13:53.380	0.68929	0.68937			6
2026.04.03	19:13:54.883		0.68936			4
2026.04.03	19:13:55.182		0.68937			4
2026.04.03	19:13:56.087		0.68936			4
2026.04.03	19:13:56.984	0.68928				2
2026.04.03	19:13:59.092	0.68929				2
2026.04.03	19:14:00.297	0.68929				2
2026.04.03	19:14:02.402	0.68930				2
2026.04.03	19:14:33.977	0.68928				2
2026.04.03	19:14:34.277	0.68930				2
2026.04.03	19:14:44.500	0.68929	0.68937			6
2026.04.03	19:14:45.703		0.68936			4
2026.04.03	19:14:47.210	0.68930				2
2026.04.03	19:14:47.509	0.68932	0.68937			6
2026.04.03	19:14:48.411	0.68933				2
2026.04.03	19:14:48.712	0.68931	0.68936			6
2026.04.03	19:14:49.017	0.68932				2
2026.04.03	19:14:49.314	0.68933	0.68937			6
2026.04.03	19:14:49.615	0.68932				2
2026.04.03	19:14:52.023		0.68936			4
2026.04.03	19:14:54.739	0.68933	0.68937			6
2026.04.03	19:14:55.041	0.68932	0.68936			6
2026.04.03	19:14:57.436	0.68931				2
2026.04.03	19:14:57.737	0.68933	0.68938			6
2026.04.03	19:14:58.037	0.68934	0.68939			6
2026.04.03	19:14:58.337	0.68935	0.68940			6
2026.04.03	19:14:58.639	0.68937	0.68941			6
2026.04.03	19:14:59.240		0.68943			4
2026.04.03	19:14:59.541	0.68938	0.68944			6
2026.04.03	19:15:00.143	0.68940	0.68946			6
2026.04.03	19:15:00.439	0.68941	0.68947			6
2026.04.03	19:15:01.042		0.68946			4
2026.04.03	19:15:08.256	0.68942	0.68947			6
2026.04.03	19:15:10.960	0.68941	0.68946			6
2026.04.03	19:15:11.261	0.68940	0.68945			6
2026.04.03	19:15:12.464		0.68944			4
2026.04.03	19:15:15.474	0.68941	0.68945			6
2026.04.03	19:15:17.577	0.68940				2
2026.04.03	19:15:17.878	0.68941				2
2026.04.03	19:15:32.613	0.68940	0.68944			6
2026.04.03	19:15:32.911	0.68939	0.68943			6
2026.04.03	19:15:33.211	0.68937				2
2026.04.03	19:15:33.517		0.68941			4
2026.04.03	19:15:33.815	0.68936				2
2026.04.03	19:15:36.225	0.68935	0.68939			6
2026.04.03	19:15:36.522	0.68932	0.68937			6
2026.04.03	19:15:36.822	0.68931	0.68936			6
2026.04.03	19:15:37.123	0.68930				2
2026.04.03	19:15:37.427	0.68931				2
2026.04.03	19:15:37.726	0.68934	0.68938			6
2026.04.03	19:15:38.023	0.68935	0.68939			6
2026.04.03	19:15:38.323	0.68937	0.68941			6
2026.04.03	19:15:38.626		0.68942			4
2026.04.03	19:15:38.925	0.68938				2
2026.04.03	19:15:39.228		0.68943			4
2026.04.03	19:15:39.525	0.68940	0.68944			6
2026.04.03	19:15:39.825	0.68941	0.68946			6
2026.04.03	19:15:40.729	0.68942	0.68947			6
2026.04.03	19:15:41.028		0.68946			4
2026.04.03	19:15:41.331	0.68943	0.68948			6
2026.04.03	19:15:41.630	0.68944	0.68949			6
2026.04.03	19:15:41.933	0.68945	0.68950			6
2026.04.03	19:15:45.242	0.68944	0.68952			6
2026.04.03	19:15:45.542		0.68951			4
2026.04.03	19:15:45.842	0.68945	0.68950			6
2026.04.03	19:15:47.646		0.68951			4
2026.04.03	19:15:49.451		0.68950			4
2026.04.03	19:15:49.754	0.68944				2
2026.04.03	19:15:50.355	0.68945				2
2026.04.03	19:15:50.955		0.68951			4
2026.04.03	19:15:52.158	0.68946	0.68953			6
2026.04.03	19:15:52.459	0.68945				2
2026.04.03	19:15:53.060		0.68952			4
2026.04.03	19:15:53.361	0.68946				2
2026.04.03	19:15:53.663		0.68954			4
2026.04.03	19:15:53.968		0.68953			4
2026.04.03	19:15:56.077	0.68947				2
2026.04.03	19:15:57.281	0.68946				2
2026.04.03	19:15:57.582	0.68945				2
2026.04.03	19:15:57.879	0.68948				2
2026.04.03	19:15:58.181	0.68949	0.68954			6
2026.04.03	19:15:59.085	0.68947				2
2026.04.03	19:15:59.385	0.68949				2
2026.04.03	19:16:00.287	0.68948				2
2026.04.03	19:16:00.886	0.68949				2
2026.04.03	19:16:01.489	0.68948				2
2026.04.03	19:16:02.690	0.68947				2
2026.04.03	19:16:02.989		0.68953			4
2026.04.03	19:16:03.291	0.68946				2
2026.04.03	19:16:04.491		0.68952			4
2026.04.03	19:16:06.899		0.68953			4
2026.04.03	19:16:07.498	0.68945				2
2026.04.03	19:16:08.102	0.68946				2
2026.04.03	19:16:08.700	0.68945	0.68952			6
2026.04.03	19:16:09.303		0.68953			4
2026.04.03	19:16:09.911	0.68946				2
2026.04.03	19:16:10.212	0.68944	0.68952			6
2026.04.03	19:16:10.813	0.68945				2
2026.04.03	19:16:11.114		0.68951			4
2026.04.03	19:16:11.415	0.68944	0.68950			6
2026.04.03	19:16:12.318		0.68949			4
2026.04.03	19:16:12.618	0.68943	0.68947			6
2026.04.03	19:16:12.918	0.68942	0.68946			6
2026.04.03	19:16:13.518	0.68941				2
2026.04.03	19:16:14.725	0.68942	0.68947			6
2026.04.03	19:16:15.026	0.68943	0.68949			6
2026.04.03	19:16:15.328	0.68945	0.68951			6
2026.04.03	19:16:15.627		0.68952			4
2026.04.03	19:16:16.531		0.68951			4
2026.04.03	19:16:18.637		0.68952			4
2026.04.03	19:16:20.745		0.68951			4
2026.04.03	19:16:24.364		0.68950			4
2026.04.03	19:16:24.970	0.68944				2
2026.04.03	19:16:25.267		0.68949			4
2026.04.03	19:16:25.867	0.68945	0.68950			6
2026.04.03	19:16:26.171	0.68946	0.68951			6
2026.04.03	19:16:26.471		0.68952			4
2026.04.03	19:16:27.373	0.68945	0.68951			6
2026.04.03	19:16:27.976		0.68950			4
2026.04.03	19:16:29.782	0.68946				2
2026.04.03	19:16:30.086	0.68947	0.68951			6
2026.04.03	19:16:30.688	0.68945	0.68950			6
2026.04.03	19:16:31.891	0.68944	0.68951			6
2026.04.03	19:16:32.192		0.68950			4
2026.04.03	19:16:33.093	0.68946	0.68951			6
2026.04.03	19:16:33.999		0.68950			4
2026.04.03	19:16:34.601	0.68945	0.68951			6
2026.04.03	19:16:35.202	0.68944	0.68950			6
2026.04.03	19:16:35.503	0.68945	0.68951			6
2026.04.03	19:16:36.404	0.68944				2
2026.04.03	19:16:36.704	0.68946				2
2026.04.03	19:16:37.007	0.68944	0.68950			6
2026.04.03	19:16:37.309	0.68945	0.68952			6
2026.04.03	19:16:37.609	0.68946				2
2026.04.03	19:16:37.911	0.68945	0.68951			6
2026.04.03	19:16:38.214	0.68947	0.68952			6
2026.04.03	19:16:38.811	0.68946				2
2026.04.03	19:16:39.112		0.68951			4
2026.04.03	19:16:39.713	0.68945				2
2026.04.03	19:16:40.316		0.68950			4
2026.04.03	19:16:40.613		0.68951			4
2026.04.03	19:16:40.914	0.68946				2
2026.04.03	19:16:41.217	0.68945				2
2026.04.03	19:16:41.517	0.68944	0.68952			6
2026.04.03	19:16:42.115	0.68946				2
2026.04.03	19:16:42.418	0.68945	0.68950			6
2026.04.03	19:16:42.716	0.68946	0.68951			6
2026.04.03	19:16:43.021		0.68950			4
2026.04.03	19:16:43.320	0.68944	0.68949			6
2026.04.03	19:16:43.618	0.68946	0.68950			6
2026.04.03	19:16:43.921	0.68944				2
2026.04.03	19:16:44.222	0.68945				2
2026.04.03	19:16:44.819		0.68949			4
2026.04.03	19:16:45.122	0.68944	0.68950			6
2026.04.03	19:16:45.423	0.68945				2
2026.04.03	19:16:46.023	0.68944				2
2026.04.03	19:16:46.323	0.68945				2
2026.04.03	19:16:47.225	0.68946				2
2026.04.03	19:16:47.525	0.68945				2
2026.04.03	19:16:51.144	0.68944				2
2026.04.03	19:16:51.444		0.68949			4
2026.04.03	19:16:51.747		0.68951			4
2026.04.03	19:16:52.046	0.68945	0.68950			6
2026.04.03	19:16:54.154		0.68949			4
2026.04.03	19:16:54.756		0.68950			4
2026.04.03	19:16:55.056		0.68949			4
2026.04.03	19:16:55.357		0.68951			4
2026.04.03	19:16:55.656	0.68946				2
2026.04.03	19:16:55.957	0.68945	0.68950			6
2026.04.03	19:16:56.259	0.68944				2
2026.04.03	19:16:57.760	0.68946	0.68951			6
2026.04.03	19:16:58.061	0.68945				2
2026.04.03	19:16:58.661	0.68946				2
2026.04.03	19:16:58.962	0.68945	0.68950			6
2026.04.03	19:16:59.264	0.68944				2
2026.04.03	19:16:59.875		0.68949			4
2026.04.03	19:17:00.167	0.68944	0.68950			6
2026.04.03	19:17:00.466	0.68945				2
2026.04.03	19:17:01.070	0.68944	0.68949			6
2026.04.03	19:17:01.668	0.68943	0.68948			6
2026.04.03	19:17:01.969	0.68944	0.68949			6
2026.04.03	19:17:02.272		0.68950			4
2026.04.03	19:17:02.872	0.68945				2
2026.04.03	19:17:03.475		0.68951			4
2026.04.03	19:17:04.073	0.68946				2
2026.04.03	19:17:05.274	0.68945	0.68950			6
2026.04.03	19:17:05.876		0.68949			4
2026.04.03	19:17:06.779		0.68951			4
2026.04.03	19:17:07.077		0.68950			4
2026.04.03	19:17:07.676	0.68946				2
2026.04.03	19:17:08.278		0.68951			4
2026.04.03	19:17:08.878	0.68945	0.68949			6
2026.04.03	19:17:09.180		0.68950			4
2026.04.03	19:17:09.777		0.68949			4
2026.04.03	19:17:10.078	0.68946	0.68950			6
2026.04.03	19:17:10.382	0.68945	0.68951			6
2026.04.03	19:17:10.682	0.68946				2
2026.04.03	19:17:10.982	0.68945	0.68950			6
2026.04.03	19:17:11.582		0.68951			4
2026.04.03	19:17:11.885	0.68947				2
2026.04.03	19:17:12.186	0.68945	0.68950			6
2026.04.03	19:17:13.688	0.68946				2
2026.04.03	19:17:13.990	0.68947	0.68951			6
2026.04.03	19:17:14.285	0.68946	0.68950			6
2026.04.03	19:17:14.585		0.68952			4
2026.04.03	19:17:14.887		0.68951			4
2026.04.03	19:17:15.789		0.68952			4
2026.04.03	19:17:16.989	0.68947				2
2026.04.03	19:17:17.290	0.68946				2
2026.04.03	19:17:17.589	0.68945				2
2026.04.03	19:17:17.886	0.68946				2
2026.04.03	19:17:20.297	0.68947				2
2026.04.03	19:17:21.800	0.68946				2
2026.04.03	19:17:22.103	0.68947				2
2026.04.03	19:17:22.399	0.68946				2
2026.04.03	19:17:24.807	0.68947				2
2026.04.03	19:17:25.108	0.68945				2
2026.04.03	19:17:25.408	0.68946				2
2026.04.03	19:17:25.710	0.68947				2
2026.04.03	19:17:26.310		0.68951			4
2026.04.03	19:17:27.211	0.68946				2
2026.04.03	19:17:28.115	0.68945				2
2026.04.03	19:17:28.415	0.68946				2
2026.04.03	19:17:28.712	0.68945				2
2026.04.03	19:17:29.014		0.68950			4
2026.04.03	19:17:29.617		0.68951			4
2026.04.03	19:17:37.433	0.68946				2
2026.04.03	19:17:37.738		0.68952			4
2026.04.03	19:17:38.337		0.68951			4
2026.04.03	19:17:38.635	0.68945				2
2026.04.03	19:17:38.940	0.68946				2
2026.04.03	19:17:39.240	0.68943	0.68952			6
2026.04.03	19:17:39.541	0.68946	0.68951			6
2026.04.03	19:17:39.841		0.68952			4
2026.04.03	19:17:40.137		0.68953			4
2026.04.03	19:17:40.438	0.68947				2
2026.04.03	19:17:40.738		0.68952			4
2026.04.03	19:17:42.545	0.68945				2
2026.04.03	19:17:42.844	0.68947				2
2026.04.03	19:17:44.948	0.68946				2
2026.04.03	19:17:46.151	0.68947				2
2026.04.03	19:17:48.254		0.68953			4
2026.04.03	19:17:57.577	0.68948				2
2026.04.03	19:17:58.177	0.68947				2
2026.04.03	19:18:00.282	0.68947				2
2026.04.03	19:18:01.483	0.68948				2
2026.04.03	19:18:05.996	0.68947				2
2026.04.03	19:18:06.598		0.68952			4
2026.04.03	19:18:08.096	0.68948				2
2026.04.03	19:18:08.401		0.68953			4
2026.04.03	19:18:09.900	0.68947				2
2026.04.03	19:18:10.201		0.68952			4
2026.04.03	19:18:11.706	0.68948				2
2026.04.03	19:18:12.304	0.68949	0.68953			6
2026.04.03	19:18:12.603	0.68947				2
2026.04.03	19:18:12.906	0.68948				2
2026.04.03	19:18:13.505	0.68946				2
2026.04.03	19:18:13.813	0.68948				2
2026.04.03	19:18:15.308	0.68949				2
2026.04.03	19:18:15.914	0.68948				2
2026.04.03	19:18:17.413	0.68947				2
2026.04.03	19:18:17.714	0.68949				2
2026.04.03	19:18:18.315	0.68939	0.68945			6
2026.04.03	19:18:18.615	0.68937				2
2026.04.03	19:18:18.918	0.68936				2
2026.04.03	19:18:19.218		0.68943			4
2026.04.03	19:18:19.518	0.68935	0.68945			6
2026.04.03	19:18:19.819	0.68937	0.68943			6
2026.04.03	19:18:20.119	0.68938	0.68948			6
2026.04.03	19:18:20.420	0.68943	0.68950			6
2026.04.03	19:18:21.622		0.68949			4
2026.04.03	19:18:21.922		0.68950			4
2026.04.03	19:18:22.223		0.68949			4
2026.04.03	19:18:22.827	0.68941	0.68948			6
2026.04.03	19:18:23.126		0.68947			4
2026.04.03	19:18:23.727		0.68946			4
2026.04.03	19:18:24.331	0.68940				2
2026.04.03	19:18:24.631		0.68945			4
2026.04.03	19:18:24.932	0.68941	0.68946			6
2026.04.03	19:18:25.231		0.68947			4
2026.04.03	19:18:26.736	0.68942				2
2026.04.03	19:18:27.336	0.68943	0.68948			6
2026.04.03	19:18:27.635		0.68949			4
2026.04.03	19:18:30.342	0.68942				2
2026.04.03	19:18:30.639		0.68948			4
2026.04.03	19:18:30.940	0.68941				2
2026.04.03	19:18:32.445		0.68949			4
2026.04.03	19:18:32.745		0.68948			4
2026.04.03	19:18:33.045	0.68940				2
2026.04.03	19:18:33.648	0.68941				2
2026.04.03	19:18:37.558	0.68940				2
2026.04.03	19:18:38.462	0.68943	0.68950			6
2026.04.03	19:18:38.766		0.68951			4
2026.04.03	19:18:40.575		0.68950			4
2026.04.03	19:18:41.776		0.68951			4
2026.04.03	19:18:42.378	0.68944				2
2026.04.03	19:18:43.885	0.68943				2
2026.04.03	19:18:44.483		0.68950			4
2026.04.03	19:18:44.783	0.68944	0.68951			6
2026.04.03	19:18:52.001	0.68943	0.68950			6
2026.04.03	19:18:52.599		0.68951			4
2026.04.03	19:18:52.901		0.68950			4
2026.04.03	19:18:53.201	0.68944	0.68952			6
2026.04.03	19:18:53.503	0.68943	0.68951			6
2026.04.03	19:18:54.405		0.68950			4
2026.04.03	19:18:54.707		0.68951			4
2026.04.03	19:18:57.706	0.68944	0.68952			6
2026.04.03	19:18:58.007		0.68951			4
2026.04.03	19:18:58.306		0.68952			4
2026.04.03	19:19:00.112	0.68944				2
2026.04.03	19:19:05.516	0.68946				2
2026.04.03	19:19:10.931	0.68945				2
2026.04.03	19:19:15.752	0.68946				2
2026.04.03	19:19:16.651	0.68945				2
2026.04.03	19:19:17.556	0.68946				2
2026.04.03	19:19:20.874		0.68951			4
2026.04.03	19:19:23.877		0.68954			4
2026.04.03	19:19:24.178	0.68945	0.68952			6
2026.04.03	19:19:24.481	0.68946	0.68953			6
2026.04.03	19:19:26.279	0.68945	0.68952			6
2026.04.03	19:19:28.984	0.68946				2
2026.04.03	19:19:30.487	0.68945				2
2026.04.03	19:19:31.093	0.68946				2
2026.04.03	19:19:31.996	0.68945				2
2026.04.03	19:19:32.602	0.68946				2
2026.04.03	19:19:33.199	0.68945				2
2026.04.03	19:19:34.701	0.68946				2
2026.04.03	19:19:36.211	0.68945				2
2026.04.03	19:19:39.218	0.68946				2
2026.04.03	19:19:39.519	0.68945				2
2026.04.03	19:19:40.118	0.68946				2
2026.04.03	19:19:40.420	0.68945				2
2026.04.03	19:19:41.323	0.68946				2
2026.04.03	19:19:41.626	0.68945				2
2026.04.03	19:19:42.225	0.68944	0.68951			6
2026.04.03	19:19:43.439	0.68945				2
2026.04.03	19:19:43.736	0.68944				2
2026.04.03	19:19:45.849	0.68945				2
2026.04.03	19:19:47.352		0.68952			4
2026.04.03	19:19:47.955		0.68951			4
2026.04.03	19:19:49.462	0.68944				2
2026.04.03	19:19:50.066	0.68945				2
2026.04.03	19:19:51.269	0.68944				2
2026.04.03	19:19:51.874	0.68945	0.68950			6
2026.04.03	19:19:52.175	0.68944	0.68951			6
2026.04.03	19:19:52.780	0.68941	0.68949			6
2026.04.03	19:19:53.377	0.68945	0.68950			6
2026.04.03	19:19:53.679	0.68944				2
2026.04.03	19:19:53.976	0.68945	0.68951			6
2026.04.03	19:19:54.579	0.68944				2
2026.04.03	19:19:54.879		0.68949			4
2026.04.03	19:19:55.178	0.68945	0.68950			6
2026.04.03	19:19:55.478	0.68944				2
2026.04.03	19:19:57.886	0.68945	0.68951			6
2026.04.03	19:19:58.788	0.68944	0.68950			6
2026.04.03	19:19:59.087	0.68946	0.68951			6
2026.04.03	19:19:59.690	0.68944	0.68950			6
2026.04.03	19:20:00.293	0.68944				2
2026.04.03	19:20:00.594		0.68951			4
2026.04.03	19:20:01.196		0.68950			4
2026.04.03	19:20:01.497	0.68945	0.68951			6
2026.04.03	19:20:01.799	0.68944	0.68950			6
2026.04.03	19:20:02.100		0.68951			4
2026.04.03	19:20:03.301	0.68945				2
2026.04.03	19:20:05.102		0.68950			4
2026.04.03	19:20:06.600	0.68946				2
2026.04.03	19:20:06.903		0.68951			4
2026.04.03	19:20:09.008	0.68945				2
2026.04.03	19:20:09.607	0.68946				2
2026.04.03	19:20:10.509	0.68945				2
2026.04.03	19:20:10.808	0.68946				2
2026.04.03	19:20:11.710	0.68944				2
2026.04.03	19:20:12.312		0.68950			4
2026.04.03	19:20:12.611		0.68951			4
2026.04.03	19:20:13.212	0.68945				2
2026.04.03	19:20:14.414	0.68944				2
2026.04.03	19:20:14.715		0.68950			4
2026.04.03	19:20:15.018		0.68951			4
2026.04.03	19:20:16.220	0.68945				2
2026.04.03	19:20:16.522	0.68944				2
2026.04.03	19:20:16.819	0.68945				2
2026.04.03	19:20:22.233	0.68944	0.68950			6
2026.04.03	19:20:22.833	0.68945				2
2026.04.03	19:20:23.134	0.68944				2
2026.04.03	19:20:24.939	0.68945				2
2026.04.03	19:20:26.143	0.68944				2
2026.04.03	19:20:26.440		0.68951			4
2026.04.03	19:20:26.745		0.68950			4
2026.04.03	19:20:28.250	0.68943				2
2026.04.03	19:20:28.849	0.68945				2
2026.04.03	19:20:29.754	0.68943				2
2026.04.03	19:20:30.052	0.68944	0.68951			6
2026.04.03	19:20:30.653	0.68943				2
2026.04.03	19:20:31.858		0.68950			4
2026.04.03	19:20:32.459	0.68945				2
2026.04.03	19:20:33.659	0.68943				2
2026.04.03	19:20:34.261	0.68944				2
2026.04.03	19:20:35.767		0.68951			4
2026.04.03	19:20:36.668	0.68945				2
2026.04.03	19:20:37.871	0.68944				2
2026.04.03	19:20:38.171		0.68950			4
2026.04.03	19:20:38.774		0.68951			4
2026.04.03	19:20:40.277	0.68945				2
2026.04.03	19:20:41.779	0.68944				2
2026.04.03	19:20:43.581	0.68943				2
2026.04.03	19:20:44.182		0.68950			4
2026.04.03	19:20:44.482	0.68945	0.68951			6
2026.04.03	19:20:45.384	0.68944				2
2026.04.03	19:20:45.984	0.68945				2
2026.04.03	19:20:51.700	0.68946				2
2026.04.03	19:20:52.001	0.68945				2
2026.04.03	19:20:52.601	0.68947	0.68958			6
2026.04.03	19:20:52.899	0.68949	0.68960			6
2026.04.03	19:20:53.201	0.68947	0.68958			6
2026.04.03	19:20:54.102	0.68946	0.68957			6
2026.04.03	19:20:54.404	0.68947	0.68958			6
2026.04.03	19:20:55.307	0.68945	0.68955			6
2026.04.03	19:20:55.910	0.68944				2
2026.04.03	19:21:00.117	0.68946	0.68957			6
2026.04.03	19:21:01.319	0.68945	0.68956			6
2026.04.03	19:21:02.823		0.68955			4
2026.04.03	19:21:04.024		0.68956			4
2026.04.03	19:21:05.230	0.68946				2
2026.04.03	19:21:06.127		0.68957			4
2026.04.03	19:21:07.030	0.68945	0.68955			6
2026.04.03	19:21:09.732		0.68956			4
2026.04.03	19:21:12.742	0.68946	0.68955			6
2026.04.03	19:21:13.052	0.68945				2
2026.04.03	19:21:15.456	0.68946	0.68956			6
2026.04.03	19:21:17.259	0.68945	0.68955			6
2026.04.03	19:21:17.562		0.68956			4
2026.04.03	19:21:17.860	0.68946				2
2026.04.03	19:21:18.466	0.68945				2
2026.04.03	19:21:19.966	0.68946				2
2026.04.03	19:21:20.571	0.68945				2
2026.04.03	19:21:21.777		0.68954			4
2026.04.03	19:21:22.078	0.68944				2
2026.04.03	19:21:22.375	0.68945				2
2026.04.03	19:21:25.078	0.68944				2
2026.04.03	19:21:25.678	0.68945				2
2026.04.03	19:21:29.586	0.68944				2
2026.04.03	19:21:30.186		0.68955			4
2026.04.03	19:21:31.993		0.68953			4
2026.04.03	19:21:33.500		0.68954			4
2026.04.03	19:21:33.800		0.68953			4
2026.04.03	19:21:35.604		0.68954			4
2026.04.03	19:21:37.108		0.68953			4
2026.04.03	19:21:37.709	0.68943	0.68952			6
2026.04.03	19:21:38.010		0.68951			4
2026.04.03	19:21:38.312	0.68942				2
2026.04.03	19:21:38.610		0.68952			4
2026.04.03	19:21:41.312	0.68941	0.68951			6
2026.04.03	19:21:41.616	0.68940	0.68950			6
2026.04.03	19:21:41.914	0.68939				2
2026.04.03	19:21:43.120	0.68940				2
2026.04.03	19:21:43.422	0.68939	0.68948			6
2026.04.03	19:21:44.623	0.68938				2
2026.04.03	19:21:45.228	0.68937	0.68947			6
2026.04.03	19:21:46.430	0.68936				2
2026.04.03	19:21:47.033	0.68934	0.68945			6
2026.04.03	19:21:47.334	0.68935				2
2026.04.03	19:21:47.932		0.68946			4
2026.04.03	19:21:49.737	0.68934	0.68945			6
2026.04.03	19:21:54.258	0.68933	0.68943			6
2026.04.03	19:21:58.770	0.68932				2
2026.04.03	19:21:59.070	0.68933				2
2026.04.03	19:22:00.272	0.68933				2
2026.04.03	19:22:02.076	0.68934				2
2026.04.03	19:22:02.676		0.68944			4
2026.04.03	19:22:05.981	0.68933	0.68943			6
2026.04.03	19:22:21.902		0.68942			4
2026.04.03	19:22:24.609		0.68943			4
2026.04.03	19:22:27.314	0.68932	0.68942			6
2026.04.03	19:22:28.520	0.68933				2
2026.04.03	19:22:28.818	0.68932				2
2026.04.03	19:22:29.118	0.68933	0.68941			6
2026.04.03	19:22:29.419	0.68931	0.68940			6
2026.04.03	19:22:29.719	0.68930				2
2026.04.03	19:22:30.625	0.68928	0.68938			6
2026.04.03	19:22:30.921	0.68926	0.68936			6
2026.04.03	19:22:32.425	0.68925				2
2026.04.03	19:22:34.528		0.68935			4
2026.04.03	19:22:36.933		0.68936			4
2026.04.03	19:22:37.234		0.68935			4
2026.04.03	19:22:37.535	0.68926	0.68936			6
2026.04.03	19:22:37.837	0.68925				2
2026.04.03	19:22:38.739	0.68926				2
2026.04.03	19:22:43.854	0.68925				2
2026.04.03	19:22:48.362		0.68935			4
2026.04.03	19:22:52.571	0.68927	0.68936			6
2026.04.03	19:23:00.086	0.68927				2
2026.04.03	19:23:33.457	0.68928	0.68937			6
2026.04.03	19:23:34.056	0.68933	0.68941			6
2026.04.03	19:23:34.361	0.68936	0.68944			6
2026.04.03	19:23:34.657	0.68937	0.68943			6
2026.04.03	19:23:35.260		0.68945			4
2026.04.03	19:23:37.062	0.68938	0.68946			6
2026.04.03	19:23:37.367	0.68937				2
2026.04.03	19:23:47.584	0.68939	0.68947			6
2026.04.03	19:23:47.889	0.68940	0.68949			6
2026.04.03	19:24:00.215	0.68939				2
2026.04.03	19:24:00.516	0.68941				2
2026.04.03	19:24:10.729	0.68942	0.68950			6
2026.04.03	19:24:15.839	0.68941				2
2026.04.03	19:24:25.163	0.68943				2
2026.04.03	19:24:25.463		0.68951			4
2026.04.03	19:24:26.668	0.68942				2
2026.04.03	19:24:30.874	0.68947	0.68953			6
2026.04.03	19:24:31.475		0.68954			4
2026.04.03	19:24:31.776	0.68945	0.68953			6
2026.04.03	19:24:32.079	0.68943	0.68951			6
2026.04.03	19:24:32.375		0.68952			4
2026.04.03	19:24:32.680		0.68951			4
2026.04.03	19:24:33.278	0.68941	0.68950			6
2026.04.03	19:24:33.578	0.68940	0.68949			6
2026.04.03	19:24:36.883	0.68941				2
2026.04.03	19:24:37.785	0.68940				2
2026.04.03	19:25:00.037	0.68940				2
2026.04.03	19:25:04.554	0.68939	0.68948			6
2026.04.03	19:25:04.855	0.68938	0.68946			6
2026.04.03	19:25:05.152	0.68937				2
2026.04.03	19:25:05.453	0.68935	0.68944			6
2026.04.03	19:25:05.751	0.68934	0.68943			6
2026.04.03	19:25:07.854		0.68942			4
2026.04.03	19:25:08.759		0.68943			4
2026.04.03	19:25:18.087	0.68933				2
2026.04.03	19:25:22.304	0.68934				2
2026.04.03	19:25:23.211		0.68944			4
2026.04.03	19:25:45.757		0.68943			4
2026.04.03	19:25:50.878		0.68942			4
2026.04.03	19:26:00.198	0.68934				2
2026.04.03	19:26:11.926	0.68933				2
2026.04.03	19:26:12.829		0.68941			4
2026.04.03	19:26:19.143	0.68935	0.68940			6
2026.04.03	19:26:19.446	0.68938	0.68943			6
2026.04.03	19:26:20.344		0.68944			4
2026.04.03	19:26:20.649	0.68937	0.68943			6
2026.04.03	19:26:21.548	0.68938	0.68944			6
2026.04.03	19:26:21.852	0.68937				2
2026.04.03	19:26:22.148	0.68938	0.68946			6
2026.04.03	19:26:22.457	0.68939				2
2026.04.03	19:26:22.752	0.68940	0.68947			6
2026.04.03	19:26:23.054		0.68949			4
2026.04.03	19:26:23.352	0.68935	0.68945			6
2026.04.03	19:26:23.653		0.68944			4
2026.04.03	19:26:23.955	0.68933				2
2026.04.03	19:26:29.062		0.68943			4
2026.04.03	19:26:29.362		0.68942			4
2026.04.03	19:26:30.565	0.68932				2
2026.04.03	19:26:31.169	0.68933	0.68943			6
2026.04.03	19:26:34.178		0.68942			4
2026.04.03	19:26:34.779		0.68943			4
2026.04.03	19:26:36.882		0.68944			4
2026.04.03	19:26:37.181	0.68934	0.68945			6
2026.04.03	19:26:40.789	0.68935				2
2026.04.03	19:26:42.292	0.68934	0.68944			6
2026.04.03	19:26:54.018	0.68933				2
2026.04.03	19:27:00.033	0.68933				2
2026.04.03	19:27:01.234		0.68943			4
2026.04.03	19:27:12.373		0.68942			4
2026.04.03	19:27:12.976		0.68943			4
2026.04.03	19:27:15.383		0.68944			4
2026.04.03	19:27:15.984	0.68932	0.68941			6
2026.04.03	19:27:16.284	0.68931	0.68940			6
2026.04.03	19:27:16.584	0.68929	0.68939			6
2026.04.03	19:27:16.885	0.68930	0.68941			6
2026.04.03	19:27:17.188	0.68929	0.68939			6
2026.04.03	19:27:18.386		0.68940			4
2026.04.03	19:27:18.687		0.68937			4
2026.04.03	19:27:19.290	0.68928				2
2026.04.03	19:27:19.590	0.68925	0.68935			6
2026.04.03	19:27:27.115	0.68927	0.68936			6
2026.04.03	19:27:36.443	0.68926				2
2026.04.03	19:27:41.256		0.68935			4
2026.04.03	19:27:43.362	0.68927	0.68936			6
2026.04.03	19:27:43.960	0.68931	0.68939			6
2026.04.03	19:27:44.261		0.68940			4
2026.04.03	19:27:44.564	0.68933				2
2026.04.03	19:27:44.859		0.68941			4
2026.04.03	19:27:45.461	0.68934				2
2026.04.03	19:27:46.364		0.68943			4
2026.04.03	19:27:46.662	0.68935				2
2026.04.03	19:27:48.169	0.68936	0.68944			6
2026.04.03	19:27:48.475	0.68934				2
2026.04.03	19:27:49.073		0.68943			4
2026.04.03	19:27:51.181		0.68944			4
2026.04.03	19:27:51.479	0.68935				2
2026.04.03	19:27:53.282	0.68942	0.68950			6
2026.04.03	19:27:53.885		0.68949			4
2026.04.03	19:27:54.482	0.68941				2
2026.04.03	19:27:55.081	0.68940	0.68947			6
2026.04.03	19:27:55.383	0.68938				2
2026.04.03	19:27:55.686	0.68934	0.68943			6
2026.04.03	19:27:55.984	0.68930	0.68939			6
2026.04.03	19:27:56.584	0.68928	0.68938			6
2026.04.03	19:27:57.188		0.68937			4
2026.04.03	19:27:57.786		0.68938			4
2026.04.03	19:27:58.389	0.68929				2
2026.04.03	19:27:58.987	0.68930				2
2026.04.03	19:27:59.288	0.68931	0.68939			6
2026.04.03	19:27:59.590	0.68930				2
2026.04.03	19:28:00.189	0.68930				2
2026.04.03	19:28:01.093	0.68929	0.68938			6
2026.04.03	19:28:01.693	0.68928				2
2026.04.03	19:28:04.704	0.68927				2
2026.04.03	19:28:05.903		0.68937			4
2026.04.03	19:28:06.204	0.68926				2
2026.04.03	19:28:06.503	0.68927				2
2026.04.03	19:28:10.115		0.68938			4
2026.04.03	19:28:10.714	0.68928	0.68939			6
2026.04.03	19:28:11.616	0.68929				2
2026.04.03	19:28:11.915		0.68938			4
2026.04.03	19:28:12.216	0.68928				2
2026.04.03	19:28:13.718	0.68927				2
2026.04.03	19:28:15.222		0.68936			4
2026.04.03	19:28:15.525	0.68926				2
2026.04.03	19:28:16.724		0.68935			4
2026.04.03	19:28:17.627	0.68925				2
2026.04.03	19:28:19.731	0.68926	0.68936			6
2026.04.03	19:28:24.547		0.68935			4
2026.04.03	19:28:24.846	0.68925				2
2026.04.03	19:28:28.453	0.68926	0.68936			6
2026.04.03	19:28:29.954		0.68935			4
2026.04.03	19:28:31.756	0.68925				2
2026.04.03	19:28:32.657		0.68936			4
2026.04.03	19:28:33.259		0.68935			4
2026.04.03	19:28:35.665		0.68936			4
2026.04.03	19:28:35.968		0.68935			4
2026.04.03	19:28:46.796		0.68934			4
2026.04.03	19:28:53.710		0.68935			4
2026.04.03	19:28:56.415	0.68924				2
2026.04.03	19:28:56.714	0.68925				2
2026.04.03	19:28:58.218	0.68924				2
2026.04.03	19:29:00.020	0.68924				2
2026.04.03	19:29:02.724	0.68925				2
2026.04.03	19:29:03.925	0.68924				2
2026.04.03	19:29:22.576	0.68925				2
2026.04.03	19:29:22.879		0.68936			4
2026.04.03	19:29:24.378		0.68935			4
2026.04.03	19:29:24.677	0.68924				2
2026.04.03	19:29:26.782		0.68934			4
2026.04.03	19:29:31.588		0.68935			4
2026.04.03	19:29:43.923		0.68934			4
2026.04.03	19:29:44.223		0.68935			4
2026.04.03	19:29:52.648		0.68934			4
2026.04.03	19:29:57.758		0.68935			4
2026.04.03	19:29:58.660		0.68934			4
2026.04.03	19:30:00.162	0.68924				2
2026.04.03	19:30:00.760		0.68935			4
2026.04.03	19:30:04.673		0.68934			4
2026.04.03	19:30:08.281		0.68935			4
2026.04.03	19:30:11.889		0.68934			4
2026.04.03	19:30:12.497		0.68935			4
2026.04.03	19:30:13.699		0.68934			4
2026.04.03	19:30:16.709	0.68923				2
2026.04.03	19:30:18.215	0.68924				2
2026.04.03	19:30:18.517		0.68935			4
2026.04.03	19:30:23.326	0.68929	0.68931			6
2026.04.03	19:30:25.733	0.68924	0.68935			6
2026.04.03	19:30:29.036	0.68925				2
2026.04.03	19:30:37.755	0.68927	0.68936			6
2026.04.03	19:30:39.255	0.68926				2
2026.04.03	19:30:40.155		0.68935			4
2026.04.03	19:30:41.058		0.68936			4
2026.04.03	19:30:48.576		0.68935			4
2026.04.03	19:31:00.298	0.68926				2
2026.04.03	19:31:12.623		0.68936			4
2026.04.03	19:31:17.432		0.68935			4
2026.04.03	19:31:18.333	0.68918	0.68925			6
2026.04.03	19:31:18.632	0.68912	0.68922			6
2026.04.03	19:31:18.932	0.68916	0.68924			6
2026.04.03	19:31:19.233	0.68918	0.68926			6
2026.04.03	19:31:20.136		0.68927			4
2026.04.03	19:31:21.642	0.68917	0.68925			6
2026.04.03	19:31:21.940	0.68916				2
2026.04.03	19:31:22.541	0.68914	0.68923			6
2026.04.03	19:31:22.841	0.68912	0.68922			6
2026.04.03	19:31:23.442	0.68911	0.68921			6
2026.04.03	19:31:24.945	0.68910	0.68920			6
2026.04.03	19:31:27.947	0.68909	0.68919			6
2026.04.03	19:31:30.050		0.68920			4
2026.04.03	19:31:30.652		0.68919			4
2026.04.03	19:31:32.155	0.68910				2
2026.04.03	19:31:33.659	0.68908				2
2026.04.03	19:31:34.859	0.68909				2
2026.04.03	19:31:37.568	0.68908	0.68917			6
2026.04.03	19:31:42.374	0.68909				2
2026.04.03	19:31:43.273	0.68908				2
2026.04.03	19:31:43.575		0.68918			4
2026.04.03	19:31:45.979	0.68907				2
2026.04.03	19:31:46.280		0.68917			4
2026.04.03	19:31:46.577	0.68906	0.68916			6
2026.04.03	19:31:47.783	0.68907				2
2026.04.03	19:31:48.384		0.68917			4
2026.04.03	19:31:48.984		0.68916			4
2026.04.03	19:31:55.303		0.68917			4
2026.04.03	19:31:56.209	0.68908				2
2026.04.03	19:32:00.118	0.68908				2
2026.04.03	19:32:05.231	0.68909				2
2026.04.03	19:32:06.133	0.68908				2
2026.04.03	19:32:15.756		0.68918			4
2026.04.03	19:32:16.356		0.68919			4
2026.04.03	19:32:22.666		0.68918			4
2026.04.03	19:32:28.678	0.68907	0.68917			6
2026.04.03	19:32:29.578		0.68916			4
2026.04.03	19:32:29.877		0.68917			4
2026.04.03	19:32:32.281	0.68908				2
2026.04.03	19:32:51.843		0.68918			4
2026.04.03	19:33:00.277	0.68908				2
2026.04.03	19:33:00.877	0.68907	0.68917			6
2026.04.03	19:33:03.279	0.68908				2
2026.04.03	19:33:15.912	0.68907	0.68916			6
2026.04.03	19:33:16.216		0.68917			4
2026.04.03	19:33:19.822		0.68916			4
2026.04.03	19:33:20.123		0.68917			4
2026.04.03	19:33:21.928	0.68908				2
2026.04.03	19:33:24.034		0.68918			4
2026.04.03	19:33:24.633		0.68917			4
2026.04.03	19:33:24.936	0.68907				2
2026.04.03	19:33:25.234		0.68916			4
2026.04.03	19:33:25.535		0.68917			4
2026.04.03	19:33:30.048	0.68906	0.68916			6
2026.04.03	19:33:30.348		0.68915			4
2026.04.03	19:33:31.853	0.68907				2
2026.04.03	19:33:33.053		0.68917			4
2026.04.03	19:34:00.113	0.68907				2
2026.04.03	19:34:01.015	0.68908				2
2026.04.03	19:34:01.915		0.68918			4
2026.04.03	19:34:12.446		0.68919			4
2026.04.03	19:34:16.059	0.68907	0.68918			6
2026.04.03	19:34:20.878	0.68908				2
2026.04.03	19:34:22.077	0.68909	0.68919			6
2026.04.03	19:34:22.379	0.68908	0.68920			6
2026.04.03	19:34:23.277	0.68909				2
2026.04.03	19:34:23.577		0.68919			4
2026.04.03	19:34:23.884		0.68918			4
2026.04.03	19:34:24.482		0.68920			4
2026.04.03	19:34:25.982		0.68918			4
2026.04.03	19:34:27.188		0.68920			4
2026.04.03	19:34:31.700		0.68921			4
2026.04.03	19:34:32.300	0.68908	0.68920			6
2026.04.03	19:35:00.277	0.68908				2
2026.04.03	19:35:22.812		0.68918			4
2026.04.03	19:35:32.432	0.68909				2
2026.04.03	19:35:33.033	0.68908				2
2026.04.03	19:35:33.935		0.68917			4
2026.04.03	19:35:37.240	0.68909	0.68916			6
2026.04.03	19:35:38.448		0.68917			4
2026.04.03	19:35:40.553	0.68906	0.68914			6
2026.04.03	19:35:40.856	0.68903	0.68912			6
2026.04.03	19:35:41.152	0.68901	0.68910			6
2026.04.03	19:35:41.457		0.68911			4
2026.04.03	19:35:41.758	0.68903				2
2026.04.03	19:35:42.654		0.68912			4
2026.04.03	19:35:42.955		0.68911			4
2026.04.03	19:35:43.255		0.68912			4
2026.04.03	19:35:43.556	0.68902	0.68911			6
2026.04.03	19:35:43.856		0.68912			4
2026.04.03	19:35:44.756	0.68903				2
2026.04.03	19:35:45.359	0.68902				2
2026.04.03	19:35:47.466	0.68903				2
2026.04.03	19:35:48.973		0.68914			4
2026.04.03	19:35:49.277		0.68913			4
2026.04.03	19:35:49.577		0.68912			4
2026.04.03	19:35:52.276		0.68914			4
2026.04.03	19:35:52.576	0.68904				2
2026.04.03	19:35:52.879		0.68913			4
2026.04.03	19:35:53.178	0.68903	0.68912			6
2026.04.03	19:35:53.478		0.68913			4
2026.04.03	19:35:53.778		0.68912			4
2026.04.03	19:35:54.980	0.68904	0.68913			6
2026.04.03	19:35:55.278	0.68905	0.68912			6
2026.04.03	19:35:55.882	0.68906	0.68914			6
2026.04.03	19:35:56.178	0.68907	0.68913			6
2026.04.03	19:35:56.481		0.68914			4
2026.04.03	19:35:56.779	0.68906				2
2026.04.03	19:36:00.092	0.68906				2
2026.04.03	19:36:00.696	0.68905	0.68915			6
2026.04.03	19:36:00.996	0.68901	0.68912			6
2026.04.03	19:36:01.594		0.68911			4
2026.04.03	19:36:03.401	0.68902				2
2026.04.03	19:36:07.605	0.68903	0.68913			6
2026.04.03	19:36:12.114	0.68904				2
2026.04.03	19:36:31.379	0.68903	0.68912			6
2026.04.03	19:36:34.986	0.68902	0.68911			6
2026.04.03	19:36:37.389		0.68913			4
2026.04.03	19:36:37.689	0.68904				2
2026.04.03	19:36:37.988	0.68906	0.68915			6
2026.04.03	19:36:38.292	0.68907	0.68913			6
2026.04.03	19:36:40.396	0.68906	0.68914			6
2026.04.03	19:36:44.904	0.68907	0.68913			6
2026.04.03	19:36:47.910	0.68906	0.68915			6
2026.04.03	19:36:48.213	0.68908	0.68917			6
2026.04.03	19:36:48.509	0.68909	0.68918			6
2026.04.03	19:36:52.120	0.68911	0.68921			6
2026.04.03	19:36:52.421		0.68922			4
2026.04.03	19:36:52.721	0.68913	0.68923			6
2026.04.03	19:36:53.325		0.68922			4
2026.04.03	19:36:53.623	0.68911	0.68920			6
2026.04.03	19:36:54.224	0.68909	0.68917			6
2026.04.03	19:36:54.526	0.68906	0.68914			6
2026.04.03	19:36:54.826	0.68904	0.68913			6
2026.04.03	19:36:55.126	0.68902	0.68912			6
2026.04.03	19:36:59.332	0.68903				2
2026.04.03	19:37:00.233	0.68903				2
2026.04.03	19:37:00.833		0.68913			4
2026.04.03	19:37:01.134	0.68904				2
2026.04.03	19:37:02.038	0.68905				2
2026.04.03	19:37:02.337	0.68906	0.68916			6
2026.04.03	19:37:02.939	0.68907	0.68917			6
2026.04.03	19:37:04.142	0.68909				2
2026.04.03	19:37:05.949	0.68908	0.68916			6
2026.04.03	19:37:06.250	0.68906	0.68914			6
2026.04.03	19:37:08.355	0.68905				2
2026.04.03	19:37:11.058		0.68913			4
2026.04.03	19:37:22.180	0.68904				2
2026.04.03	19:37:35.112	0.68905				2
2026.04.03	19:37:39.026	0.68904				2
2026.04.03	19:37:44.140	0.68905				2
2026.04.03	19:37:44.442	0.68906	0.68914			6
2026.04.03	19:37:48.057	0.68905	0.68915			6
2026.04.03	19:37:48.955	0.68906				2
2026.04.03	19:37:59.183		0.68914			4
2026.04.03	19:37:59.784	0.68905	0.68915			6
2026.04.03	19:38:00.084	0.68905				2
2026.04.03	19:38:00.384	0.68904	0.68913			6
2026.04.03	19:38:14.221	0.68905	0.68914			6
2026.04.03	19:38:14.520		0.68915			4
2026.04.03	19:38:16.921	0.68906	0.68914			6
2026.04.03	19:38:17.525		0.68915			4
2026.04.03	19:38:18.729	0.68907	0.68916			6
2026.04.03	19:38:21.435	0.68909	0.68918			6
2026.04.03	19:38:21.736		0.68919			4
2026.04.03	19:38:23.240	0.68908				2
2026.04.03	19:38:23.538		0.68918			4
2026.04.03	19:38:29.251		0.68917			4
2026.04.03	19:38:33.457	0.68907	0.68916			6
2026.04.03	19:38:33.757	0.68908	0.68917			6
2026.04.03	19:38:56.303	0.68910	0.68918			6
2026.04.03	19:38:56.902		0.68919			4
2026.04.03	19:38:57.205		0.68918			4
2026.04.03	19:38:57.503	0.68909				2
2026.04.03	19:38:58.106	0.68910				2
2026.04.03	19:39:00.213	0.68910				2
2026.04.03	19:39:02.918		0.68917			4
2026.04.03	19:39:05.321		0.68918			4
2026.04.03	19:39:06.526	0.68909	0.68917			6
2026.04.03	19:39:08.629	0.68908				2
2026.04.03	19:39:09.830	0.68909				2
2026.04.03	19:39:22.764	0.68907	0.68916			6
2026.04.03	19:39:32.980	0.68908				2
2026.04.03	19:39:42.598		0.68917			4
2026.04.03	19:39:46.213	0.68909	0.68918			6
2026.04.03	19:39:57.953	0.68908	0.68917			6
2026.04.03	19:39:58.555	0.68907	0.68915			6
2026.04.03	19:39:59.456	0.68906	0.68914			6
2026.04.03	19:40:00.061	0.68902	0.68912			6
2026.04.03	19:40:01.861	0.68903	0.68916			6
2026.04.03	19:40:02.161	0.68902				2
2026.04.03	19:40:02.758		0.68912			4
2026.04.03	19:40:09.376	0.68903	0.68914			6
2026.04.03	19:40:09.677	0.68905				2
2026.04.03	19:40:09.979	0.68907	0.68913			6
2026.04.03	19:40:10.277	0.68906	0.68914			6
2026.04.03	19:40:11.777		0.68915			4
2026.04.03	19:40:12.078	0.68907				2
2026.04.03	19:40:12.379		0.68916			4
2026.04.03	19:40:13.279	0.68908				2
2026.04.03	19:40:35.529	0.68909				2
2026.04.03	19:40:35.829	0.68910	0.68918			6
2026.04.03	19:40:43.347	0.68912	0.68920			6
2026.04.03	19:40:53.872		0.68921			4
2026.04.03	19:41:00.180	0.68912				2
2026.04.03	19:41:17.633	0.68914	0.68922			6
2026.04.03	19:41:18.233	0.68915	0.68924			6
2026.04.03	19:41:18.836	0.68914				2
2026.04.03	19:41:19.137		0.68923			4
2026.04.03	19:41:26.653	0.68915	0.68924			6
2026.04.03	19:41:39.282	0.68914	0.68923			6
2026.04.03	19:41:49.804	0.68915	0.68924			6
2026.04.03	19:42:00.024	0.68915				2
2026.04.03	19:42:31.015	0.68913	0.68922			6
2026.04.03	19:42:31.315	0.68911	0.68920			6
2026.04.03	19:42:31.618	0.68906	0.68914			6
2026.04.03	19:42:46.351	0.68905				2
2026.04.03	19:42:46.651	0.68903	0.68912			6
2026.04.03	19:42:48.153		0.68913			4
2026.04.03	19:42:48.455	0.68902	0.68912			6
2026.04.03	19:43:00.181	0.68902				2
2026.04.03	19:43:00.783	0.68904	0.68913			6
2026.04.03	19:43:02.283		0.68915			4
2026.04.03	19:43:02.885		0.68913			4
2026.04.03	19:43:04.688	0.68905	0.68914			6
2026.04.03	19:43:05.290	0.68907	0.68913			6
2026.04.03	19:43:05.889		0.68915			4
2026.04.03	19:43:06.189	0.68908	0.68917			6
2026.04.03	19:43:06.489	0.68911	0.68918			6
2026.04.03	19:43:06.792		0.68920			4
2026.04.03	19:43:07.392		0.68921			4
2026.04.03	19:43:09.500		0.68922			4
2026.04.03	19:43:12.204	0.68912	0.68921			6
2026.04.03	19:43:20.627		0.68920			4
2026.04.03	19:43:22.430		0.68919			4
2026.04.03	19:43:23.631	0.68913	0.68920			6
2026.04.03	19:43:27.847	0.68914				2
2026.04.03	19:43:30.252	0.68915	0.68921			6
2026.04.03	19:43:30.552		0.68922			4
2026.04.03	19:43:31.456	0.68914				2
2026.04.03	19:43:40.473	0.68915	0.68923			6
2026.04.03	19:43:41.074		0.68922			4
2026.04.03	19:43:46.481	0.68914				2
2026.04.03	19:43:54.602		0.68921			4
2026.04.03	19:43:57.308		0.68922			4
2026.04.03	19:44:00.026	0.68914				2
2026.04.03	19:44:08.751		0.68921			4
2026.04.03	19:44:33.710	0.68913	0.68919			6
2026.04.03	19:44:34.312	0.68906	0.68914			6
2026.04.03	19:44:34.614	0.68905				2
2026.04.03	19:44:36.715		0.68915			4
2026.04.03	19:44:45.133	0.68904	0.68913			6
2026.04.03	19:45:00.166	0.68904				2
2026.04.03	19:45:00.769		0.68914			4
2026.04.03	19:45:01.073	0.68906				2
2026.04.03	19:45:01.374	0.68909				2
2026.04.03	19:45:01.670	0.68908	0.68918			6
2026.04.03	19:45:01.970	0.68912	0.68919			6
2026.04.03	19:45:02.573		0.68920			4
2026.04.03	19:45:02.877		0.68921			4
2026.04.03	19:45:03.179	0.68915	0.68922			6
2026.04.03	19:45:04.077	0.68913	0.68921			6
2026.04.03	19:45:04.979		0.68920			4
2026.04.03	19:45:07.084	0.68912				2
2026.04.03	19:45:07.388	0.68911	0.68918			6
2026.04.03	19:45:07.684	0.68910				2
2026.04.03	19:45:07.985	0.68909	0.68915			6
2026.04.03	19:45:08.286	0.68907				2
2026.04.03	19:45:08.589		0.68913			4
2026.04.03	19:45:09.488	0.68908				2
2026.04.03	19:45:11.593		0.68914			4
2026.04.03	19:45:11.897	0.68909	0.68915			6
2026.04.03	19:45:12.200	0.68910	0.68916			6
2026.04.03	19:45:12.499	0.68911	0.68918			6
2026.04.03	19:45:12.798	0.68912	0.68919			6
2026.04.03	19:45:17.912		0.68920			4
2026.04.03	19:45:26.930	0.68913	0.68922			6
2026.04.03	19:45:38.373	0.68914				2
2026.04.03	19:45:42.278		0.68923			4
2026.04.03	19:45:42.579	0.68916	0.68924			6
2026.04.03	19:45:42.879	0.68915				2
2026.04.03	19:45:43.178		0.68923			4
2026.04.03	19:45:57.912	0.68914				2
2026.04.03	19:46:00.018	0.68914				2
2026.04.03	19:46:00.923		0.68921			4
2026.04.03	19:46:01.523	0.68912	0.68920			6
2026.04.03	19:46:01.822		0.68919			4
2026.04.03	19:46:02.123	0.68908	0.68917			6
2026.04.03	19:46:02.425		0.68914			4
2026.04.03	19:46:02.723	0.68907				2
2026.04.03	19:46:03.026		0.68913			4
2026.04.03	19:46:07.837	0.68906				2
2026.04.03	19:46:08.739	0.68905				2
2026.04.03	19:46:11.148		0.68915			4
2026.04.03	19:46:18.070	0.68906	0.68914			6
2026.04.03	19:46:24.381	0.68907	0.68913			6
2026.04.03	19:46:24.684	0.68908	0.68915			6
2026.04.03	19:46:24.984	0.68912	0.68919			6
2026.04.03	19:46:25.583		0.68920			4
2026.04.03	19:46:25.883	0.68913				2
2026.04.03	19:46:26.784		0.68921			4
2026.04.03	19:46:34.005		0.68922			4
2026.04.03	19:46:39.717		0.68923			4
2026.04.03	19:46:40.318	0.68915				2
2026.04.03	19:46:40.617	0.68916				2
2026.04.03	19:46:40.922	0.68915				2
2026.04.03	19:47:00.179	0.68915				2
2026.04.03	19:47:01.686	0.68911	0.68919			6
2026.04.03	19:47:01.985	0.68907	0.68914			6
2026.04.03	19:47:02.282		0.68913			4
2026.04.03	19:47:02.585	0.68906	0.68914			6
2026.04.03	19:47:02.885	0.68905				2
2026.04.03	19:47:03.189		0.68915			4
2026.04.03	19:47:04.086	0.68906	0.68914			6
2026.04.03	19:47:14.627	0.68908	0.68915			6
2026.04.03	19:47:14.929	0.68911	0.68919			6
2026.04.03	19:47:15.229	0.68913				2
2026.04.03	19:47:15.829		0.68921			4
2026.04.03	19:47:16.130	0.68914	0.68923			6
2026.04.03	19:47:16.433	0.68913	0.68922			6
2026.04.03	19:47:18.537	0.68911	0.68921			6
2026.04.03	19:47:28.776	0.68912				2
2026.04.03	19:47:34.484	0.68915	0.68923			6
2026.04.03	19:47:48.914		0.68922			4
2026.04.03	19:47:57.032	0.68914				2
2026.04.03	19:47:59.443	0.68913	0.68920			6
2026.04.03	19:48:00.048	0.68911				2
2026.04.03	19:48:00.350		0.68919			4
2026.04.03	19:48:05.765	0.68915	0.68924			6
2026.04.03	19:48:11.778		0.68923			4
2026.04.03	19:48:46.952	0.68911	0.68919			6
2026.04.03	19:48:47.254	0.68908	0.68916			6
2026.04.03	19:48:47.551		0.68914			4
2026.04.03	19:48:48.153	0.68907	0.68913			6
2026.04.03	19:48:48.759	0.68906	0.68914			6
2026.04.03	19:48:49.659	0.68905	0.68915			6
2026.04.03	19:48:57.776	0.68906	0.68914			6
2026.04.03	19:49:00.182	0.68906				2
2026.04.03	19:49:07.393	0.68905				2
2026.04.03	19:49:07.693	0.68903	0.68913			6
2026.04.03	19:49:08.897		0.68911			4
2026.04.03	19:49:15.515		0.68912			4
2026.04.03	19:49:18.223	0.68904				2
2026.04.03	19:49:18.522		0.68913			4
2026.04.03	19:49:35.075	0.68903	0.68912			6
2026.04.03	19:49:51.916		0.68911			4
2026.04.03	19:50:00.031	0.68903				2
2026.04.03	19:50:00.332		0.68912			4
2026.04.03	19:50:00.635		0.68913			4
2026.04.03	19:50:02.434	0.68904				2
2026.04.03	19:50:03.337		0.68915			4
2026.04.03	19:50:03.634	0.68906	0.68914			6
2026.04.03	19:50:04.233	0.68908				2
2026.04.03	19:50:04.534	0.68911	0.68916			6
2026.04.03	19:50:04.838		0.68919			4
2026.04.03	19:50:05.138	0.68912	0.68920			6
2026.04.03	19:50:05.735		0.68921			4
2026.04.03	19:50:12.356	0.68914				2
2026.04.03	19:50:16.573		0.68922			4
2026.04.03	19:50:27.997		0.68923			4
2026.04.03	19:50:29.198	0.68913	0.68921			6
2026.04.03	19:50:29.799	0.68905	0.68914			6
2026.04.03	19:50:30.099		0.68915			4
2026.04.03	19:50:31.004	0.68907	0.68913			6
2026.04.03	19:50:31.603	0.68911	0.68917			6
2026.04.03	19:50:31.905	0.68912	0.68918			6
2026.04.03	19:50:32.203		0.68919			4
2026.04.03	19:50:35.807		0.68920			4
2026.04.03	19:50:40.018	0.68914				2
2026.04.03	19:50:40.318		0.68921			4
2026.04.03	19:50:40.618		0.68922			4
2026.04.03	19:51:00.173	0.68914				2
2026.04.03	19:51:01.074	0.68915				2
2026.04.03	19:51:03.477	0.68914	0.68920			6
2026.04.03	19:51:13.406	0.68913				2
2026.04.03	19:51:13.709	0.68914	0.68922			6
2026.04.03	19:51:14.011		0.68923			4
2026.04.03	19:51:14.612	0.68915	0.68922			6
2026.04.03	19:51:26.028	0.68914	0.68920			6
2026.04.03	19:51:26.330	0.68913	0.68919			6
2026.04.03	19:51:26.934	0.68911	0.68918			6
2026.04.03	19:51:27.235	0.68908	0.68912			6
2026.04.03	19:51:28.138	0.68906	0.68914			6
2026.04.03	19:51:32.349	0.68905	0.68915			6
2026.04.03	19:51:33.851	0.68904	0.68913			6
2026.04.03	19:51:35.650	0.68903	0.68914			6
2026.04.03	19:51:35.956	0.68912	0.68916			6
2026.04.03	19:51:36.255		0.68919			4
2026.04.03	19:51:36.552	0.68913				2
2026.04.03	19:51:38.657		0.68920			4
2026.04.03	19:51:53.704		0.68921			4
2026.04.03	19:51:54.606	0.68914				2
2026.04.03	19:52:00.016	0.68914				2
2026.04.03	19:52:02.419	0.68915	0.68922			6
2026.04.03	19:52:03.626		0.68923			4
2026.04.03	19:52:03.926		0.68922			4
2026.04.03	19:52:04.530		0.68921			4
2026.04.03	19:52:07.533		0.68922			4
2026.04.03	19:52:08.437		0.68923			4
2026.04.03	19:52:10.848		0.68922			4
2026.04.03	19:52:11.150		0.68923			4
2026.04.03	19:52:23.190		0.68922			4
2026.04.03	19:52:24.694		0.68923			4
2026.04.03	19:52:24.992	0.68914	0.68922			6
2026.04.03	19:52:27.998	0.68915	0.68923			6
2026.04.03	19:53:00.205	0.68915				2
2026.04.03	19:53:01.711	0.68916				2
2026.04.03	19:53:06.218		0.68924			4
2026.04.03	19:53:07.121		0.68923			4
2026.04.03	19:53:11.932	0.68915				2
2026.04.03	19:53:13.133		0.68922			4
2026.04.03	19:53:13.434	0.68914				2
2026.04.03	19:53:14.937	0.68912	0.68920			6
2026.04.03	19:53:15.237	0.68910	0.68916			6
2026.04.03	19:53:15.539	0.68906	0.68913			6
2026.04.03	19:53:15.837	0.68907				2
2026.04.03	19:53:17.947	0.68908	0.68912			6
2026.04.03	19:53:18.845	0.68907	0.68913			6
2026.04.03	19:53:22.158	0.68905	0.68914			6
2026.04.03	19:53:24.255	0.68904				2
2026.04.03	19:53:25.758	0.68903				2
2026.04.03	19:53:26.061	0.68908	0.68916			6
2026.04.03	19:53:26.359		0.68917			4
2026.04.03	19:53:26.658	0.68913	0.68920			6
2026.04.03	19:53:26.961	0.68912				2
2026.04.03	19:53:27.259	0.68910	0.68919			6
2026.04.03	19:53:27.558	0.68914	0.68921			6
2026.04.03	19:53:28.462		0.68922			4
2026.04.03	19:53:31.776		0.68923			4
2026.04.03	19:53:47.417	0.68913	0.68922			6
2026.04.03	19:53:47.717	0.68912	0.68919			6
2026.04.03	19:53:48.619	0.68911	0.68917			6
2026.04.03	19:53:48.919	0.68908	0.68912			6
2026.04.03	19:53:49.521	0.68906	0.68914			6
2026.04.03	19:54:00.039	0.68906				2
2026.04.03	19:54:05.156	0.68908				2
2026.04.03	19:54:05.459	0.68910	0.68916			6
2026.04.03	19:54:05.757	0.68911				2
2026.04.03	19:54:06.060	0.68912	0.68919			6
2026.04.03	19:54:06.360	0.68913	0.68920			6
2026.04.03	19:54:08.465	0.68914				2
2026.04.03	19:54:08.765		0.68921			4
2026.04.03	19:54:10.578	0.68915	0.68922			6
2026.04.03	19:54:11.176		0.68923			4
2026.04.03	19:54:11.777	0.68917	0.68924			6
2026.04.03	19:54:12.080	0.68916				2
2026.04.03	19:54:14.780		0.68923			4
2026.04.03	19:54:28.902	0.68913	0.68920			6
2026.04.03	19:54:29.502	0.68912	0.68919			6
2026.04.03	19:54:29.804	0.68911	0.68918			6
2026.04.03	19:54:30.404	0.68908	0.68915			6
2026.04.03	19:54:30.705	0.68906	0.68914			6
2026.04.03	19:54:35.818	0.68907	0.68913			6
2026.04.03	19:55:00.178	0.68907				2
2026.04.03	19:55:19.417	0.68906	0.68914			6
2026.04.03	19:55:20.319	0.68908	0.68915			6
2026.04.03	19:55:20.617	0.68911	0.68921			6
2026.04.03	19:55:20.918	0.68913	0.68922			6
2026.04.03	19:55:21.218	0.68915	0.68924			6
2026.04.03	19:55:21.520	0.68914				2
2026.04.03	19:55:28.735		0.68923			4
2026.04.03	19:55:30.537	0.68915				2
2026.04.03	19:55:31.145	0.68914				2
2026.04.03	19:55:38.964	0.68916				2
2026.04.03	19:55:48.887	0.68914	0.68920			6
2026.04.03	19:55:49.189	0.68913				2
2026.04.03	19:55:50.387	0.68915	0.68921			6
2026.04.03	19:55:50.689		0.68922			4
2026.04.03	19:55:50.991	0.68916	0.68924			6
2026.04.03	19:56:00.020	0.68916				2
2026.04.03	19:56:00.918	0.68917				2
2026.04.03	19:56:01.221	0.68916	0.68923			6
2026.04.03	19:56:01.519	0.68915	0.68921			6
2026.04.03	19:56:01.821	0.68914				2
2026.04.03	19:56:02.123		0.68920			4
2026.04.03	19:56:02.721	0.68913				2
2026.04.03	19:56:06.032		0.68919			4
2026.04.03	19:56:07.839	0.68912				2
2026.04.03	19:56:17.476	0.68913				2
2026.04.03	19:56:18.977	0.68914	0.68920			6
2026.04.03	19:56:19.279		0.68921			4
2026.04.03	19:56:19.577		0.68922			4
2026.04.03	19:56:20.178	0.68916				2
2026.04.03	19:56:20.478	0.68915				2
2026.04.03	19:56:21.079	0.68914				2
2026.04.03	19:56:31.301	0.68915	0.68923			6
2026.04.03	19:56:31.600		0.68922			4
2026.04.03	19:56:41.816	0.68916				2
2026.04.03	19:56:42.117	0.68914	0.68920			6
2026.04.03	19:56:42.724		0.68919			4
2026.04.03	19:56:43.021	0.68913				2
2026.04.03	19:56:58.066	0.68912	0.68920			6
2026.04.03	19:56:58.365	0.68914	0.68921			6
2026.04.03	19:57:00.176	0.68914				2
2026.04.03	19:57:18.510	0.68915				2
2026.04.03	19:57:19.411	0.68916	0.68923			6
2026.04.03	19:57:44.976	0.68914	0.68921			6
2026.04.03	19:57:57.003	0.68915	0.68922			6
2026.04.03	19:57:57.299	0.68916	0.68923			6
2026.04.03	19:57:57.601	0.68917				2
2026.04.03	19:58:00.008	0.68917				2
2026.04.03	19:58:12.639	0.68916				2
2026.04.03	19:58:16.255	0.68915				2
2026.04.03	19:58:16.558	0.68916				2
2026.04.03	19:58:32.817		0.68924			4
2026.04.03	19:58:44.543		0.68923			4
2026.04.03	19:59:00.197	0.68916				2
2026.04.03	19:59:12.824	0.68915	0.68921			6
2026.04.03	19:59:13.125	0.68914	0.68919			6
2026.04.03	19:59:13.426	0.68911	0.68917			6
2026.04.03	19:59:13.731	0.68908	0.68913			6
2026.04.03	19:59:14.027	0.68907				2
2026.04.03	19:59:14.634	0.68906	0.68914			6
2026.04.03	19:59:23.954	0.68905				2
2026.04.03	19:59:24.554	0.68914	0.68920			6
2026.04.03	19:59:24.855	0.68916	0.68922			6
2026.04.03	19:59:25.158		0.68924			4
2026.04.03	19:59:25.455	0.68918				2
2026.04.03	19:59:25.758		0.68925			4
2026.04.03	19:59:29.359	0.68920	0.68926			6
2026.04.03	19:59:29.960	0.68917	0.68923			6
2026.04.03	19:59:30.260		0.68921			4
2026.04.03	19:59:30.565	0.68913	0.68920			6
2026.04.03	19:59:30.863	0.68911	0.68917			6
2026.04.03	19:59:31.164	0.68908	0.68916			6
2026.04.03	19:59:31.465		0.68914			4
2026.04.03	19:59:31.765	0.68907	0.68913			6
2026.04.03	19:59:34.777	0.68908	0.68912			6
2026.04.03	19:59:35.378	0.68910	0.68918			6
2026.04.03	19:59:36.278	0.68911				2
2026.04.03	19:59:36.580	0.68912	0.68919			6
2026.04.03	19:59:36.878		0.68920			4
2026.04.03	19:59:37.179		0.68919			4
2026.04.03	19:59:37.481		0.68920			4
2026.04.03	19:59:37.778	0.68915	0.68924			6
2026.04.03	19:59:38.081		0.68923			4
2026.04.03	19:59:38.378	0.68916	0.68924			6
2026.04.03	19:59:38.679		0.68923			4
2026.04.03	19:59:38.978	0.68915				2
2026.04.03	19:59:39.278		0.68922			4
2026.04.03	19:59:40.781	0.68914				2
2026.04.03	19:59:41.084		0.68921			4
2026.04.03	19:59:41.381		0.68920			4
2026.04.03	19:59:41.687	0.68912	0.68918			6
2026.04.03	19:59:41.985	0.68911	0.68919			6
2026.04.03	20:00:00.041	0.68911				2
2026.04.03	20:00:00.341	0.68910	0.68921			6
2026.04.03	20:00:00.641	0.68914	0.68922			6
2026.04.03	20:00:00.943	0.68915	0.68921			6
2026.04.03	20:00:01.245	0.68913	0.68920			6
2026.04.03	20:00:01.844	0.68914	0.68919			6
2026.04.03	20:00:06.058	0.68915	0.68920			6
2026.04.03	20:00:06.365	0.68914	0.68919			6
2026.04.03	20:00:07.869	0.68915				2
2026.04.03	20:00:08.776	0.68913	0.68920			6
2026.04.03	20:00:09.077	0.68914				2
2026.04.03	20:00:11.480	0.68913				2
2026.04.03	20:00:11.781	0.68914				2
2026.04.03	20:00:15.695	0.68913				2
2026.04.03	20:00:15.998	0.68914				2
2026.04.03	20:00:18.402	0.68913				2
2026.04.03	20:00:18.703	0.68914				2
2026.04.03	20:00:19.904	0.68913				2
2026.04.03	20:00:20.204	0.68914				2
2026.04.03	20:00:22.609	0.68913				2
2026.04.03	20:00:22.913	0.68914				2
2026.04.03	20:00:24.113	0.68913				2
2026.04.03	20:00:24.413	0.68914				2
2026.04.03	20:00:25.319	0.68913				2
2026.04.03	20:00:25.618	0.68915	0.68921			6
2026.04.03	20:00:26.821		0.68923			4
2026.04.03	20:00:29.826		0.68924			4
2026.04.03	20:00:30.126	0.68917				2
2026.04.03	20:00:30.427		0.68925			4
2026.04.03	20:00:30.729	0.68918	0.68926			6
2026.04.03	20:00:31.932		0.68925			4
2026.04.03	20:00:32.233	0.68917				2
2026.04.03	20:00:32.533		0.68922			4
2026.04.03	20:00:32.837	0.68916	0.68921			6
2026.04.03	20:00:33.137	0.68913				2
2026.04.03	20:00:33.444	0.68914				2
2026.04.03	20:00:33.745	0.68916				2
2026.04.03	20:00:34.346	0.68914				2
2026.04.03	20:00:34.646	0.68915				2
2026.04.03	20:00:35.849	0.68914				2
2026.04.03	20:00:36.153	0.68915				2
2026.04.03	20:00:36.752		0.68920			4
2026.04.03	20:00:37.055	0.68913	0.68919			6
2026.04.03	20:00:37.354	0.68914				2
2026.04.03	20:00:42.477	0.68913	0.68921			6
2026.04.03	20:00:42.775	0.68914				2
2026.04.03	20:00:43.076	0.68916				2
2026.04.03	20:00:43.977	0.68915				2
2026.04.03	20:00:45.177	0.68914				2
2026.04.03	20:00:45.478	0.68915				2
2026.04.03	20:00:46.378	0.68914				2
2026.04.03	20:00:46.679	0.68915				2
2026.04.03	20:00:46.979	0.68916	0.68922			6
2026.04.03	20:00:47.581	0.68914				2
2026.04.03	20:00:47.882	0.68916	0.68923			6
2026.04.03	20:00:48.186		0.68924			4
2026.04.03	20:00:49.089	0.68918	0.68925			6
2026.04.03	20:00:50.900		0.68926			4
2026.04.03	20:00:54.203		0.68927			4
2026.04.03	20:00:54.806	0.68920	0.68928			6
2026.04.03	20:00:56.007		0.68929			4
2026.04.03	20:01:00.222	0.68920				2
2026.04.03	20:01:02.932	0.68922				2
2026.04.03	20:01:03.235		0.68931			4
2026.04.03	20:01:04.136		0.68930			4
2026.04.03	20:01:04.436	0.68924	0.68932			6
2026.04.03	20:01:06.540		0.68933			4
2026.04.03	20:01:11.051	0.68919	0.68926			6
2026.04.03	20:01:11.352	0.68918	0.68925			6
2026.04.03	20:01:11.653	0.68917	0.68924			6
2026.04.03	20:01:11.954	0.68913	0.68919			6
2026.04.03	20:01:12.559	0.68914	0.68922			6
2026.04.03	20:01:12.857	0.68916	0.68925			6
2026.04.03	20:01:13.158	0.68917	0.68926			6
2026.04.03	20:01:13.457		0.68927			4
2026.04.03	20:01:14.059	0.68918				2
2026.04.03	20:01:15.866	0.68920				2
2026.04.03	20:01:17.373	0.68921	0.68930			6
2026.04.03	20:01:20.079	0.68922	0.68932			6
2026.04.03	20:01:20.977		0.68931			4
2026.04.03	20:01:21.879	0.68923				2
2026.04.03	20:01:23.981	0.68922	0.68930			6
2026.04.03	20:01:29.699		0.68931			4
2026.04.03	20:01:30.003	0.68925	0.68932			6
2026.04.03	20:01:30.302		0.68934			4
2026.04.03	20:01:33.912		0.68933			4
2026.04.03	20:01:38.119	0.68924	0.68932			6
2026.04.03	20:01:39.323	0.68925				2
2026.04.03	20:01:40.227		0.68933			4
2026.04.03	20:01:40.528		0.68934			4
2026.04.03	20:01:40.830	0.68926	0.68935			6
2026.04.03	20:01:41.734		0.68934			4
2026.04.03	20:01:43.237	0.68925	0.68933			6
2026.04.03	20:01:48.946	0.68927	0.68935			6
2026.04.03	20:01:50.453	0.68926				2
2026.04.03	20:01:55.864	0.68928	0.68937			6
2026.04.03	20:01:56.169	0.68922	0.68930			6
2026.04.03	20:01:56.469	0.68921	0.68928			6
2026.04.03	20:01:56.768	0.68920				2
2026.04.03	20:01:59.476	0.68919	0.68927			6
2026.04.03	20:02:00.076	0.68920	0.68926			6
2026.04.03	20:02:00.676	0.68919	0.68927			6
2026.04.03	20:02:01.277		0.68928			4
2026.04.03	20:02:02.778	0.68923	0.68931			6
2026.04.03	20:02:03.377		0.68932			4
2026.04.03	20:02:07.886	0.68925	0.68933			6
2026.04.03	20:02:08.187		0.68934			4
2026.04.03	20:02:08.485	0.68926	0.68935			6
2026.04.03	20:02:08.784		0.68936			4
2026.04.03	20:02:10.585		0.68935			4
2026.04.03	20:02:25.931	0.68921	0.68929			6
2026.04.03	20:02:27.732		0.68930			4
2026.04.03	20:02:30.133	0.68923	0.68931			6
2026.04.03	20:02:30.435	0.68922				2
2026.04.03	20:02:30.737	0.68923				2
2026.04.03	20:02:32.243	0.68922				2
2026.04.03	20:02:45.787	0.68921	0.68930			6
2026.04.03	20:02:59.911	0.68922				2
2026.04.03	20:03:00.211	0.68922				2
2026.04.03	20:03:00.815	0.68921	0.68928			6
2026.04.03	20:03:01.115	0.68920				2
2026.04.03	20:03:02.018		0.68927			4
2026.04.03	20:03:02.318	0.68917	0.68928			6
2026.04.03	20:03:02.617		0.68930			4
2026.04.03	20:03:04.419		0.68927			4
2026.04.03	20:03:05.317		0.68928			4
2026.04.03	20:03:06.222	0.68922	0.68931			6
2026.04.03	20:03:06.518	0.68924	0.68934			6
2026.04.03	20:03:07.425		0.68933			4
2026.04.03	20:03:07.721		0.68934			4
2026.04.03	20:03:08.019		0.68933			4
2026.04.03	20:03:11.928	0.68926	0.68934			6
2026.04.03	20:03:14.335	0.68930	0.68935			6
2026.04.03	20:03:14.639	0.68926				2
2026.04.03	20:03:16.142	0.68927				2
2026.04.03	20:03:17.039	0.68926				2
2026.04.03	20:03:18.243	0.68924	0.68930			6
2026.04.03	20:03:18.541	0.68923	0.68932			6
2026.04.03	20:03:18.843	0.68922	0.68930			6
2026.04.03	20:03:19.446	0.68920	0.68928			6
2026.04.03	20:03:20.351	0.68919				2
2026.04.03	20:03:22.152	0.68920	0.68929			6
2026.04.03	20:03:22.457	0.68921	0.68930			6
2026.04.03	20:03:22.754	0.68923	0.68932			6
2026.04.03	20:03:23.355	0.68924				2
2026.04.03	20:03:23.658		0.68929			4
2026.04.03	20:03:24.859		0.68934			4
2026.04.03	20:03:25.158	0.68927				2
2026.04.03	20:03:26.360	0.68926	0.68933			6
2026.04.03	20:03:26.664	0.68922	0.68931			6
2026.04.03	20:03:26.961	0.68923				2
2026.04.03	20:03:27.863	0.68927	0.68933			6
2026.04.03	20:03:28.163	0.68926	0.68934			6
2026.04.03	20:03:29.365		0.68933			4
2026.04.03	20:03:29.666	0.68923	0.68931			6
2026.04.03	20:03:31.171	0.68926	0.68934			6
2026.04.03	20:03:31.774	0.68925				2
2026.04.03	20:03:32.376	0.68924	0.68933			6
2026.04.03	20:03:32.678		0.68932			4
2026.04.03	20:03:32.978		0.68929			4
2026.04.03	20:03:34.179		0.68933			4
2026.04.03	20:03:35.983	0.68922	0.68932			6
2026.04.03	20:03:37.185	0.68923				2
2026.04.03	20:03:40.488	0.68924	0.68934			6
2026.04.03	20:03:41.090	0.68926	0.68935			6
2026.04.03	20:03:41.392	0.68927	0.68934			6
2026.04.03	20:03:41.994	0.68925	0.68935			6
2026.04.03	20:03:43.197	0.68927				2
2026.04.03	20:03:44.097	0.68926				2
2026.04.03	20:03:44.999	0.68925				2
2026.04.03	20:03:46.200	0.68926				2
2026.04.03	20:03:46.800	0.68927				2
2026.04.03	20:03:48.002	0.68925	0.68934			6
2026.04.03	20:03:49.202	0.68927				2
2026.04.03	20:03:50.704	0.68926	0.68935			6
2026.04.03	20:03:51.004	0.68925				2
2026.04.03	20:03:52.207	0.68930				2
2026.04.03	20:03:53.710	0.68927	0.68934			6
2026.04.03	20:03:54.010	0.68925				2
2026.04.03	20:03:55.512	0.68930	0.68935			6
2026.04.03	20:03:56.715	0.68928	0.68934			6
2026.04.03	20:03:57.316	0.68925				2
2026.04.03	20:03:58.518	0.68929	0.68936			6
2026.04.03	20:03:58.820	0.68928	0.68937			6
2026.04.03	20:04:00.024	0.68928	0.68934			6
2026.04.03	20:04:00.321	0.68925	0.68933			6
2026.04.03	20:04:00.624	0.68924				2
2026.04.03	20:04:01.523	0.68927	0.68937			6
2026.04.03	20:04:01.827	0.68929	0.68936			6
2026.04.03	20:04:02.724	0.68928	0.68933			6
2026.04.03	20:04:03.325	0.68925	0.68934			6
2026.04.03	20:04:03.627		0.68933			4
2026.04.03	20:04:04.831	0.68929	0.68936			6
2026.04.03	20:04:06.033	0.68927	0.68934			6
2026.04.03	20:04:06.633	0.68925				2
2026.04.03	20:04:07.836	0.68929	0.68936			6
2026.04.03	20:04:09.032	0.68927	0.68934			6
2026.04.03	20:04:09.632	0.68925				2
2026.04.03	20:04:11.136	0.68929	0.68936			6
2026.04.03	20:04:11.437	0.68930	0.68935			6
2026.04.03	20:04:12.344	0.68929				2
2026.04.03	20:04:12.646	0.68926				2
2026.04.03	20:04:13.246	0.68925				2
2026.04.03	20:04:14.451	0.68930				2
2026.04.03	20:04:15.651	0.68926				2
2026.04.03	20:04:16.252	0.68925				2
2026.04.03	20:04:17.455	0.68930				2
2026.04.03	20:04:18.657	0.68927				2
2026.04.03	20:04:19.260	0.68925				2
2026.04.03	20:04:20.458	0.68930				2
2026.04.03	20:04:21.662	0.68926				2
2026.04.03	20:04:21.961	0.68925				2
2026.04.03	20:04:23.469	0.68930				2
2026.04.03	20:04:24.669	0.68926				2
2026.04.03	20:04:25.270	0.68925				2
2026.04.03	20:04:26.472	0.68930				2
2026.04.03	20:04:27.676	0.68926				2
2026.04.03	20:04:28.277	0.68925				2
2026.04.03	20:04:29.780	0.68930				2
2026.04.03	20:04:30.984	0.68926				2
2026.04.03	20:04:31.588	0.68925				2
2026.04.03	20:04:32.786	0.68930				2
2026.04.03	20:04:33.990	0.68926				2
2026.04.03	20:04:34.890	0.68925				2
2026.04.03	20:04:36.091	0.68930				2
2026.04.03	20:04:37.293	0.68926				2
2026.04.03	20:04:37.898	0.68925				2
2026.04.03	20:04:39.095	0.68930				2
2026.04.03	20:04:40.298	0.68926				2
2026.04.03	20:04:40.898	0.68925				2
2026.04.03	20:04:42.102	0.68930				2
2026.04.03	20:04:43.603	0.68926				2
2026.04.03	20:04:44.207	0.68925				2
2026.04.03	20:04:45.412	0.68930				2
2026.04.03	20:04:46.915	0.68926				2
2026.04.03	20:04:47.220	0.68925				2
2026.04.03	20:04:48.721	0.68930				2
2026.04.03	20:04:49.922	0.68926				2
2026.04.03	20:04:50.523	0.68925				2
2026.04.03	20:04:52.029	0.68930				2
2026.04.03	20:04:53.230	0.68926				2
2026.04.03	20:04:53.830	0.68925				2
2026.04.03	20:04:55.032	0.68930				2
2026.04.03	20:04:56.238	0.68926				2
2026.04.03	20:04:56.838	0.68925				2
2026.04.03	20:04:58.040	0.68930				2
2026.04.03	20:04:59.237	0.68926				2
2026.04.03	20:04:59.842	0.68925				2
2026.04.03	20:05:00.141	0.68925				2
2026.04.03	20:05:01.043	0.68930				2
2026.04.03	20:05:02.242	0.68926				2
2026.04.03	20:05:03.143	0.68927	0.68937			6
2026.04.03	20:05:03.745	0.68929	0.68938			6
2026.04.03	20:05:04.051	0.68930	0.68939			6
2026.04.03	20:05:04.346		0.68940			4
2026.04.03	20:05:04.951		0.68939			4
2026.04.03	20:05:05.247	0.68927	0.68938			6
2026.04.03	20:05:06.454		0.68937			4
2026.04.03	20:05:07.058		0.68936			4
2026.04.03	20:05:07.353	0.68929				2
2026.04.03	20:05:08.254	0.68930	0.68935			6
2026.04.03	20:05:08.554	0.68926				2
2026.04.03	20:05:09.157		0.68934			4
2026.04.03	20:05:10.660	0.68930	0.68935			6
2026.04.03	20:05:11.864	0.68926				2
2026.04.03	20:05:13.674	0.68930				2
2026.04.03	20:05:14.875	0.68927				2
2026.04.03	20:05:16.676	0.68930				2
2026.04.03	20:05:17.878	0.68927				2
2026.04.03	20:05:19.681	0.68930				2
2026.04.03	20:05:20.883	0.68927				2
2026.04.03	20:05:22.987	0.68930				2
2026.04.03	20:05:23.586	0.68929	0.68936			6
2026.04.03	20:05:24.186		0.68937			4
2026.04.03	20:05:24.486		0.68938			4
2026.04.03	20:05:25.988	0.68928				2
2026.04.03	20:05:26.590		0.68937			4
2026.04.03	20:05:27.799	0.68927	0.68936			6
2026.04.03	20:05:28.097	0.68928				2
2026.04.03	20:05:29.001	0.68929				2
2026.04.03	20:05:29.599	0.68928	0.68937			6
2026.04.03	20:05:29.901		0.68938			4
2026.04.03	20:05:30.503		0.68937			4
2026.04.03	20:05:32.007	0.68929				2
2026.04.03	20:05:32.909		0.68938			4
2026.04.03	20:05:33.212	0.68928				2
2026.04.03	20:05:35.617	0.68929				2
2026.04.03	20:05:38.927		0.68939			4
2026.04.03	20:05:41.332	0.68930				2
2026.04.03	20:05:41.635	0.68929	0.68940			6
2026.04.03	20:05:41.932		0.68939			4
2026.04.03	20:05:47.644	0.68928				2
2026.04.03	20:05:47.946	0.68929				2
2026.04.03	20:05:51.854	0.68928				2
2026.04.03	20:05:52.153	0.68931	0.68941			6
2026.04.03	20:05:52.454	0.68930				2
2026.04.03	20:06:00.282	0.68930				2
2026.04.03	20:06:02.983	0.68932				2
2026.04.03	20:06:03.284	0.68931				2
2026.04.03	20:06:04.487	0.68930	0.68942			6
2026.04.03	20:06:04.787	0.68931				2
2026.04.03	20:06:05.989		0.68941			4
2026.04.03	20:06:08.696	0.68930				2
2026.04.03	20:06:08.996		0.68942			4
2026.04.03	20:06:09.600	0.68931				2
2026.04.03	20:06:12.614	0.68930				2
2026.04.03	20:06:12.912	0.68931				2
2026.04.03	20:06:13.212	0.68933				2
2026.04.03	20:06:14.115	0.68934	0.68943			6
2026.04.03	20:06:15.914		0.68942			4
2026.04.03	20:06:22.522	0.68935				2
2026.04.03	20:06:24.924		0.68943			4
2026.04.03	20:06:25.526		0.68944			4
2026.04.03	20:06:25.823	0.68933				2
2026.04.03	20:06:26.422	0.68935	0.68943			6
2026.04.03	20:06:26.728	0.68933				2
2026.04.03	20:06:27.322		0.68942			4
2026.04.03	20:06:28.524		0.68943			4
2026.04.03	20:06:28.824		0.68942			4
2026.04.03	20:06:30.327	0.68934				2
2026.04.03	20:06:31.528		0.68943			4
2026.04.03	20:06:32.432	0.68933				2
2026.04.03	20:06:33.032		0.68944			4
2026.04.03	20:06:34.838		0.68943			4
2026.04.03	20:06:37.247	0.68934				2
2026.04.03	20:06:37.551		0.68944			4
2026.04.03	20:06:40.558		0.68943			4
2026.04.03	20:06:41.154	0.68935				2
2026.04.03	20:06:41.459		0.68944			4
2026.04.03	20:06:42.663		0.68943			4
2026.04.03	20:06:42.965	0.68934				2
2026.04.03	20:06:43.264	0.68935				2
2026.04.03	20:06:44.170		0.68944			4
2026.04.03	20:06:46.575		0.68943			4
2026.04.03	20:06:46.876		0.68944			4
2026.04.03	20:06:58.602	0.68934				2
2026.04.03	20:06:58.902	0.68939	0.68952			6
2026.04.03	20:06:59.207		0.68950			4
2026.04.03	20:06:59.508	0.68937	0.68945			6
2026.04.03	20:06:59.806	0.68938	0.68944			6
2026.04.03	20:07:00.108	0.68938	0.68943			6
2026.04.03	20:07:01.315		0.68944			4
2026.04.03	20:07:03.118		0.68943			4
2026.04.03	20:07:04.624		0.68944			4
2026.04.03	20:07:06.128		0.68943			4
2026.04.03	20:07:07.330		0.68944			4
2026.04.03	20:07:09.432		0.68943			4
2026.04.03	20:07:10.937		0.68944			4
2026.04.03	20:07:12.440		0.68943			4
2026.04.03	20:07:19.060	0.68937				2
2026.04.03	20:07:20.262	0.68938				2
2026.04.03	20:07:22.069	0.68937				2
2026.04.03	20:07:23.268	0.68938	0.68944			6
2026.04.03	20:07:25.372		0.68943			4
2026.04.03	20:07:26.274		0.68944			4
2026.04.03	20:07:28.378		0.68943			4
2026.04.03	20:07:28.675	0.68937				2
2026.04.03	20:07:29.275	0.68938				2
2026.04.03	20:07:40.110	0.68939				2
2026.04.03	20:07:43.718	0.68938	0.68944			6
2026.04.03	20:07:45.829		0.68943			4
2026.04.03	20:07:46.127		0.68944			4
2026.04.03	20:07:47.031		0.68943			4
2026.04.03	20:07:48.837		0.68944			4
2026.04.03	20:07:50.039		0.68943			4
2026.04.03	20:08:00.278	0.68938				2
2026.04.03	20:08:01.778	0.68939				2
2026.04.03	20:08:02.078	0.68938	0.68945			6
2026.04.03	20:08:02.377	0.68940	0.68947			6
2026.04.03	20:08:02.677	0.68939	0.68948			6
2026.04.03	20:08:02.978	0.68938	0.68946			6
2026.04.03	20:08:03.276		0.68943			4
2026.04.03	20:08:04.778		0.68944			4
2026.04.03	20:08:05.979		0.68945			4
2026.04.03	20:08:07.781	0.68939				2
2026.04.03	20:08:16.501	0.68938				2
2026.04.03	20:08:24.013	0.68939				2
2026.04.03	20:08:25.514	0.68938				2
2026.04.03	20:08:25.814	0.68939				2
2026.04.03	20:08:26.715	0.68938				2
2026.04.03	20:08:27.015	0.68939				2
2026.04.03	20:08:48.378	0.68938				2
2026.04.03	20:08:51.086	0.68939				2
2026.04.03	20:08:53.488	0.68938				2
2026.04.03	20:08:53.791	0.68939				2
2026.04.03	20:08:54.092	0.68938				2
2026.04.03	20:08:54.694	0.68939				2
2026.04.03	20:08:56.196	0.68938				2
2026.04.03	20:08:56.799	0.68939				2
2026.04.03	20:08:57.700	0.68938				2
2026.04.03	20:09:00.106	0.68938				2
2026.04.03	20:09:01.007		0.68946			4
2026.04.03	20:09:01.607	0.68939				2
2026.04.03	20:09:02.512		0.68945			4
2026.04.03	20:09:03.115	0.68938				2
2026.04.03	20:09:10.027		0.68944			4
2026.04.03	20:09:11.830		0.68945			4
2026.04.03	20:09:27.477	0.68939				2
2026.04.03	20:09:28.383	0.68938				2
2026.04.03	20:09:37.703	0.68939				2
2026.04.03	20:09:41.308	0.68938				2
2026.04.03	20:09:41.608	0.68939				2
2026.04.03	20:09:47.020	0.68938				2
2026.04.03	20:10:00.259	0.68938				2
2026.04.03	20:10:08.672	0.68939				2
2026.04.03	20:10:09.876	0.68938				2
2026.04.03	20:10:11.678	0.68939				2
2026.04.03	20:10:11.981		0.68945			4
2026.04.03	20:10:12.883	0.68938				2
2026.04.03	20:10:19.502	0.68939				2
2026.04.03	20:10:27.020	0.68940				2
2026.04.03	20:10:37.845	0.68939				2
2026.04.03	20:10:38.145		0.68944			4
2026.04.03	20:10:38.446	0.68938				2
2026.04.03	20:10:38.746	0.68936	0.68945			6
2026.04.03	20:10:39.046	0.68937	0.68943			6
2026.04.03	20:10:39.348	0.68931	0.68941			6
2026.04.03	20:10:39.650		0.68942			4
2026.04.03	20:10:40.251	0.68927	0.68938			6
2026.04.03	20:10:40.551	0.68931	0.68939			6
2026.04.03	20:10:42.355	0.68930	0.68940			6
2026.04.03	20:10:42.656	0.68928	0.68937			6
2026.04.03	20:10:42.958	0.68927				2
2026.04.03	20:10:43.258	0.68925	0.68936			6
2026.04.03	20:10:43.559	0.68924				2
2026.04.03	20:10:44.157		0.68937			4
2026.04.03	20:10:45.057		0.68936			4
2026.04.03	20:10:51.977	0.68923	0.68934			6
2026.04.03	20:10:56.186	0.68922	0.68935			6
2026.04.03	20:10:56.486		0.68932			4
2026.04.03	20:10:56.787	0.68921	0.68934			6
2026.04.03	20:10:58.294		0.68933			4
2026.04.03	20:11:00.095	0.68921				2
2026.04.03	20:11:02.801	0.68920				2
2026.04.03	20:11:03.702		0.68931			4
2026.04.03	20:11:04.303	0.68921				2
2026.04.03	20:11:04.602	0.68920				2
2026.04.03	20:11:07.309	0.68921				2
2026.04.03	20:11:07.911		0.68932			4
2026.04.03	20:11:09.717	0.68924	0.68935			6
2026.04.03	20:11:10.017	0.68928	0.68939			6
2026.04.03	20:11:10.317	0.68930	0.68940			6
2026.04.03	20:11:10.921	0.68932	0.68938			6
2026.04.03	20:11:14.222	0.68933	0.68937			6
2026.04.03	20:11:14.522	0.68932	0.68938			6
2026.04.03	20:11:17.532	0.68933	0.68939			6
2026.04.03	20:11:20.242	0.68934				2
2026.04.03	20:11:20.543	0.68933				2
2026.04.03	20:11:25.655	0.68934				2
2026.04.03	20:11:25.955	0.68936	0.68941			6
2026.04.03	20:11:26.257		0.68943			4
2026.04.03	20:11:29.862	0.68937				2
2026.04.03	20:11:30.466	0.68936				2
2026.04.03	20:11:31.369	0.68934	0.68941			6
2026.04.03	20:11:32.876	0.68933	0.68940			6
2026.04.03	20:11:33.179	0.68932	0.68938			6
2026.04.03	20:11:37.686	0.68933	0.68937			6
2026.04.03	20:11:39.193		0.68938			4
2026.04.03	20:11:39.490	0.68934	0.68939			6
2026.04.03	20:11:47.614	0.68935	0.68940			6
2026.04.03	20:11:48.814	0.68934				2
2026.04.03	20:11:49.115	0.68935				2
2026.04.03	20:12:00.259	0.68935				2
2026.04.03	20:12:04.475	0.68938	0.68946			6
2026.04.03	20:12:13.786		0.68947			4
2026.04.03	20:12:14.390	0.68936	0.68941			6
2026.04.03	20:12:14.989	0.68937				2
2026.04.03	20:12:15.292	0.68936				2
2026.04.03	20:12:15.593	0.68935	0.68942			6
2026.04.03	20:12:16.501	0.68936				2
2026.04.03	20:12:18.609	0.68935	0.68941			6
2026.04.03	20:12:18.909	0.68936				2
2026.04.03	20:12:25.215	0.68935				2
2026.04.03	20:12:28.519	0.68934				2
2026.04.03	20:12:28.821	0.68935	0.68942			6
2026.04.03	20:12:29.123	0.68936	0.68943			6
2026.04.03	20:12:29.420	0.68937				2
2026.04.03	20:12:29.721	0.68935				2
2026.04.03	20:12:43.250	0.68936	0.68944			6
2026.04.03	20:12:43.551	0.68935	0.68945			6
2026.04.03	20:12:44.151	0.68934	0.68944			6
2026.04.03	20:12:44.454	0.68933	0.68943			6
2026.04.03	20:12:44.757		0.68942			4
2026.04.03	20:12:45.054	0.68934				2
2026.04.03	20:12:46.257		0.68940			4
2026.04.03	20:12:46.557	0.68935				2
2026.04.03	20:12:47.158		0.68941			4
2026.04.03	20:12:49.571	0.68934	0.68940			6
2026.04.03	20:12:49.874	0.68933				2
2026.04.03	20:12:50.776		0.68939			4
2026.04.03	20:12:52.277	0.68934				2
2026.04.03	20:12:52.578	0.68933	0.68938			6
2026.04.03	20:12:53.181	0.68932				2
2026.04.03	20:12:53.482	0.68933	0.68937			6
2026.04.03	20:12:53.785	0.68932	0.68938			6
2026.04.03	20:12:54.082	0.68929	0.68939			6
2026.04.03	20:12:55.284	0.68930	0.68940			6
2026.04.03	20:12:56.788	0.68925	0.68935			6
2026.04.03	20:12:57.087		0.68937			4
2026.04.03	20:12:57.389	0.68926	0.68938			6
2026.04.03	20:12:57.689	0.68928	0.68940			6
2026.04.03	20:12:57.990	0.68932	0.68938			6
2026.04.03	20:12:58.294	0.68933	0.68937			6
2026.04.03	20:12:59.197		0.68939			4
2026.04.03	20:12:59.497	0.68934	0.68940			6
2026.04.03	20:13:00.100	0.68934				2
2026.04.03	20:13:00.700	0.68935				2
2026.04.03	20:13:01.000		0.68941			4
2026.04.03	20:13:02.505	0.68933				2
2026.04.03	20:13:03.403	0.68934	0.68940			6
2026.04.03	20:13:04.002		0.68939			4
2026.04.03	20:13:04.303	0.68933				2
2026.04.03	20:13:05.209	0.68932	0.68938			6
2026.04.03	20:13:11.523	0.68933	0.68939			6
2026.04.03	20:13:14.233	0.68934	0.68940			6
2026.04.03	20:13:16.040		0.68941			4
2026.04.03	20:13:16.341	0.68936	0.68942			6
2026.04.03	20:13:16.641	0.68934	0.68941			6
2026.04.03	20:13:16.941	0.68932	0.68938			6
2026.04.03	20:13:18.147	0.68931	0.68939			6
2026.04.03	20:13:18.448	0.68928	0.68940			6
2026.04.03	20:13:18.748		0.68941			4
2026.04.03	20:13:19.048		0.68942			4
2026.04.03	20:13:19.349	0.68930	0.68940			6
2026.04.03	20:13:19.651	0.68932	0.68938			6
2026.04.03	20:13:22.661	0.68933	0.68939			6
2026.04.03	20:13:31.981	0.68934				2
2026.04.03	20:13:35.591	0.68933				2
2026.04.03	20:13:39.798	0.68934	0.68940			6
2026.04.03	20:13:41.603	0.68933				2
2026.04.03	20:13:44.909	0.68934	0.68939			6
2026.04.03	20:13:45.513	0.68931				2
2026.04.03	20:13:45.814	0.68933				2
2026.04.03	20:13:46.112	0.68932				2
2026.04.03	20:13:46.414	0.68933				2
2026.04.03	20:13:47.613	0.68934				2
2026.04.03	20:13:48.216		0.68940			4
2026.04.03	20:13:57.836	0.68933				2
2026.04.03	20:13:58.439	0.68934				2
2026.04.03	20:13:58.742		0.68941			4
2026.04.03	20:14:00.245	0.68933				2
2026.04.03	20:14:00.548		0.68940			4
2026.04.03	20:14:00.848	0.68932				2
2026.04.03	20:14:02.351		0.68941			4
2026.04.03	20:14:05.054	0.68930				2
2026.04.03	20:14:05.955	0.68931				2
2026.04.03	20:14:07.161	0.68932	0.68938			6
2026.04.03	20:14:11.975	0.68933	0.68937			6
2026.04.03	20:14:31.228	0.68931	0.68939			6
2026.04.03	20:14:36.036	0.68932	0.68938			6
2026.04.03	20:14:56.773	0.68930				2
2026.04.03	20:14:58.577		0.68937			4
2026.04.03	20:14:58.878	0.68926	0.68934			6
2026.04.03	20:14:59.475	0.68925	0.68935			6
2026.04.03	20:14:59.778		0.68934			4
2026.04.03	20:15:00.079	0.68925				2
2026.04.03	20:15:01.278	0.68924				2
2026.04.03	20:15:01.581		0.68932			4
2026.04.03	20:15:01.878	0.68923	0.68931			6
2026.04.03	20:15:03.977	0.68922	0.68929			6
2026.04.03	20:15:04.277	0.68921	0.68930			6
2026.04.03	20:15:04.577	0.68920				2
2026.04.03	20:15:06.982	0.68921	0.68929			6
2026.04.03	20:15:08.484	0.68920				2
2026.04.03	20:15:10.888	0.68922	0.68932			6
2026.04.03	20:15:11.189	0.68927	0.68935			6
2026.04.03	20:15:11.790	0.68931	0.68937			6
2026.04.03	20:15:12.089		0.68938			4
2026.04.03	20:15:12.695	0.68933	0.68937			6
2026.04.03	20:15:17.204	0.68932	0.68938			6
2026.04.03	20:15:24.122	0.68930	0.68940			6
2026.04.03	20:15:26.823	0.68931	0.68939			6
2026.04.03	20:15:31.934	0.68932	0.68938			6
2026.04.03	20:15:32.532	0.68931	0.68939			6
2026.04.03	20:15:32.832	0.68932	0.68938			6
2026.04.03	20:15:33.137	0.68931	0.68939			6
2026.04.03	20:15:38.251	0.68932	0.68938			6
2026.04.03	20:15:43.664	0.68931	0.68939			6
2026.04.03	20:15:43.963	0.68932	0.68938			6
2026.04.03	20:15:49.380	0.68931	0.68939			6
2026.04.03	20:15:56.588	0.68932	0.68938			6
2026.04.03	20:16:00.201	0.68932				2
2026.04.03	20:16:00.799	0.68931				2
2026.04.03	20:16:01.699	0.68929	0.68936			6
2026.04.03	20:16:01.998		0.68935			4
2026.04.03	20:16:02.300	0.68926	0.68934			6
2026.04.03	20:16:02.600		0.68932			4
2026.04.03	20:16:02.902	0.68925	0.68933			6
2026.04.03	20:16:03.803	0.68923	0.68931			6
2026.04.03	20:16:05.005	0.68922				2
2026.04.03	20:16:14.921	0.68921				2
2026.04.03	20:16:15.221	0.68920	0.68929			6
2026.04.03	20:16:19.136	0.68919	0.68926			6
2026.04.03	20:16:20.037		0.68927			4
2026.04.03	20:16:23.351	0.68920				2
2026.04.03	20:16:23.652		0.68930			4
2026.04.03	20:16:23.956	0.68921				2
2026.04.03	20:16:26.959		0.68928			4
2026.04.03	20:16:31.176	0.68919	0.68926			6
2026.04.03	20:16:32.678		0.68928			4
2026.04.03	20:16:32.979	0.68922	0.68932			6
2026.04.03	20:16:33.282	0.68923	0.68936			6
2026.04.03	20:16:33.579	0.68926	0.68934			6
2026.04.03	20:16:33.883	0.68928	0.68935			6
2026.04.03	20:16:34.482	0.68929	0.68936			6
2026.04.03	20:16:36.283	0.68930				2
2026.04.03	20:16:39.888		0.68937			4
2026.04.03	20:16:41.692	0.68931	0.68938			6
2026.04.03	20:16:48.008	0.68932				2
2026.04.03	20:16:54.316	0.68936	0.68939			6
2026.04.03	20:16:54.611		0.68940			4
2026.04.03	20:16:55.515	0.68937				2
2026.04.03	20:17:00.023	0.68937				2
2026.04.03	20:17:01.226	0.68932	0.68938			6
2026.04.03	20:17:46.310	0.68929	0.68936			6
2026.04.03	20:17:47.214		0.68937			4
2026.04.03	20:17:48.411	0.68930	0.68938			6
2026.04.03	20:17:48.715	0.68931				2
2026.04.03	20:17:49.013		0.68939			4
2026.04.03	20:17:52.021	0.68932	0.68938			6
2026.04.03	20:17:55.024	0.68930				2
2026.04.03	20:17:56.523	0.68932				2
2026.04.03	20:17:58.628	0.68931	0.68939			6
2026.04.03	20:18:00.127	0.68931				2
2026.04.03	20:18:04.036		0.68938			4
2026.04.03	20:18:04.339	0.68930	0.68937			6
2026.04.03	20:18:04.639	0.68929				2
2026.04.03	20:18:04.938	0.68927	0.68935			6
2026.04.03	20:18:07.945	0.68926	0.68933			6
2026.04.03	20:18:10.652	0.68927	0.68934			6
2026.04.03	20:18:11.251	0.68929	0.68936			6
2026.04.03	20:18:11.852		0.68938			4
2026.04.03	20:18:13.354		0.68939			4
2026.04.03	20:18:13.659	0.68931	0.68938			6
2026.04.03	20:18:34.094	0.68932				2
2026.04.03	20:18:36.203	0.68930	0.68939			6
2026.04.03	20:18:38.904		0.68938			4
2026.04.03	20:18:42.812	0.68931				2
2026.04.03	20:19:00.239	0.68931				2
2026.04.03	20:19:02.642	0.68932				2
2026.04.03	20:19:35.424	0.68931	0.68939			6
2026.04.03	20:19:38.134	0.68932	0.68938			6
2026.04.03	20:19:41.436	0.68931				2
2026.04.03	20:19:41.738		0.68939			4
2026.04.03	20:19:42.035		0.68937			4
2026.04.03	20:19:42.637	0.68929				2
2026.04.03	20:19:43.237		0.68935			4
2026.04.03	20:19:44.138	0.68927	0.68934			6
2026.04.03	20:19:44.438	0.68926				2
2026.04.03	20:19:45.646	0.68927				2
2026.04.03	20:19:45.946	0.68925	0.68933			6
2026.04.03	20:19:46.548	0.68924	0.68931			6
2026.04.03	20:19:46.847	0.68923				2
2026.04.03	20:19:47.151		0.68932			4
2026.04.03	20:19:47.449	0.68922				2
2026.04.03	20:19:48.051		0.68931			4
2026.04.03	20:19:49.855	0.68921	0.68929			6
2026.04.03	20:19:50.157		0.68931			4
2026.04.03	20:19:51.659	0.68919	0.68928			6
2026.04.03	20:19:51.960	0.68920	0.68929			6
2026.04.03	20:19:52.562		0.68930			4
2026.04.03	20:19:53.166		0.68929			4
2026.04.03	20:19:54.370	0.68919	0.68927			6
2026.04.03	20:19:57.078		0.68928			4
2026.04.03	20:20:00.085	0.68919				2
2026.04.03	20:20:00.686	0.68920	0.68930			6
2026.04.03	20:20:01.289		0.68928			4
2026.04.03	20:20:02.187	0.68919	0.68929			6
2026.04.03	20:20:03.990		0.68930			4
2026.04.03	20:20:04.596	0.68920	0.68931			6
2026.04.03	20:20:07.607	0.68921	0.68930			6
2026.04.03	20:20:08.508	0.68923	0.68933			6
2026.04.03	20:20:08.809	0.68926	0.68934			6
2026.04.03	20:20:09.107	0.68928	0.68936			6
2026.04.03	20:20:09.409	0.68929	0.68938			6
2026.04.03	20:20:09.709	0.68930				2
2026.04.03	20:20:10.911	0.68931				2
2026.04.03	20:20:11.216	0.68932				2
2026.04.03	20:20:15.724	0.68930	0.68936			6
2026.04.03	20:20:16.024	0.68928	0.68935			6
2026.04.03	20:20:17.527		0.68936			4
2026.04.03	20:20:18.129	0.68930	0.68937			6
2026.04.03	20:20:19.933		0.68938			4
2026.04.03	20:20:20.535	0.68928	0.68936			6
2026.04.03	20:20:26.556	0.68929	0.68938			6
2026.04.03	20:20:29.870	0.68930				2
2026.04.03	20:20:45.501	0.68929	0.68936			6
2026.04.03	20:20:45.801		0.68937			4
2026.04.03	20:20:48.805		0.68939			4
2026.04.03	20:20:50.909	0.68930	0.68938			6
2026.04.03	20:20:56.024	0.68926	0.68935			6
2026.04.03	20:20:57.525	0.68925				2
2026.04.03	20:21:00.229	0.68925				2
2026.04.03	20:21:02.633	0.68926	0.68934			6
2026.04.03	20:21:03.537	0.68927	0.68935			6
2026.04.03	20:21:04.740		0.68936			4
2026.04.03	20:21:05.642	0.68928	0.68937			6
2026.04.03	20:21:06.543		0.68938			4
2026.04.03	20:21:11.655	0.68929				2
2026.04.03	20:21:12.860	0.68930				2
2026.04.03	20:21:15.876		0.68939			4
2026.04.03	20:21:16.174	0.68929				2
2026.04.03	20:21:18.579	0.68931				2
2026.04.03	20:21:20.382	0.68929	0.68938			6
2026.04.03	20:21:20.681	0.68930	0.68939			6
2026.04.03	20:21:20.981		0.68938			4
2026.04.03	20:21:32.698		0.68939			4
2026.04.03	20:21:46.228	0.68931				2
2026.04.03	20:21:47.432	0.68932	0.68938			6
2026.04.03	20:21:51.335	0.68931	0.68939			6
2026.04.03	20:21:56.746	0.68930	0.68940			6
2026.04.03	20:21:59.155	0.68928	0.68942			6
2026.04.03	20:22:00.059	0.68928				2
2026.04.03	20:22:01.862	0.68931				2
2026.04.03	20:22:02.759	0.68930				2
2026.04.03	20:22:03.660	0.68929				2
2026.04.03	20:22:06.061		0.68941			4
2026.04.03	20:22:06.363	0.68930	0.68940			6
2026.04.03	20:22:09.374	0.68931	0.68939			6
2026.04.03	20:22:09.676	0.68930	0.68941			6
2026.04.03	20:22:15.383		0.68940			4
2026.04.03	20:22:16.886	0.68929	0.68941			6
2026.04.03	20:22:17.488	0.68928	0.68942			6
2026.04.03	20:22:18.090	0.68931	0.68939			6
2026.04.03	20:22:19.899	0.68929	0.68937			6
2026.04.03	20:22:25.013		0.68939			4
2026.04.03	20:22:25.315	0.68928	0.68935			6
2026.04.03	20:22:25.915	0.68926	0.68934			6
2026.04.03	20:22:26.215	0.68925	0.68933			6
2026.04.03	20:22:26.518	0.68923	0.68931			6
2026.04.03	20:22:26.818	0.68922	0.68929			6
2026.04.03	20:22:27.117	0.68921				2
2026.04.03	20:22:28.021		0.68928			4
2026.04.03	20:22:32.832	0.68920				2
2026.04.03	20:22:33.132	0.68921				2
2026.04.03	20:22:34.339		0.68929			4
2026.04.03	20:22:34.641	0.68922				2
2026.04.03	20:22:35.242	0.68923	0.68930			6
2026.04.03	20:22:35.543	0.68924				2
2026.04.03	20:22:35.846	0.68926	0.68932			6
2026.04.03	20:22:36.444		0.68933			4
2026.04.03	20:22:36.746	0.68927				2
2026.04.03	20:22:37.047		0.68934			4
2026.04.03	20:22:37.349	0.68929	0.68936			6
2026.04.03	20:22:40.355		0.68935			4
2026.04.03	20:22:40.955		0.68934			4
2026.04.03	20:22:41.256	0.68926	0.68933			6
2026.04.03	20:22:42.764		0.68934			4
2026.04.03	20:22:43.672		0.68933			4
2026.04.03	20:22:45.476		0.68934			4
2026.04.03	20:22:46.079		0.68935			4
2026.04.03	20:22:47.878	0.68927				2
2026.04.03	20:22:48.179	0.68928	0.68937			6
2026.04.03	20:22:48.479		0.68936			4
2026.04.03	20:22:49.682		0.68937			4
2026.04.03	20:22:58.698	0.68927				2
2026.04.03	20:22:59.000		0.68936			4
2026.04.03	20:22:59.298		0.68935			4
2026.04.03	20:23:00.202	0.68927				2
2026.04.03	20:23:00.500		0.68936			4
2026.04.03	20:23:00.803	0.68928	0.68935			6
2026.04.03	20:23:01.101		0.68936			4
2026.04.03	20:23:01.402		0.68935			4
2026.04.03	20:23:03.211		0.68942			4
2026.04.03	20:23:03.514	0.68927	0.68936			6
2026.04.03	20:23:03.810		0.68934			4
2026.04.03	20:23:04.713	0.68928	0.68935			6
2026.04.03	20:23:05.314		0.68934			4
2026.04.03	20:23:05.617	0.68929	0.68936			6
2026.04.03	20:23:08.621		0.68935			4
2026.04.03	20:23:08.922		0.68936			4
2026.04.03	20:23:23.656		0.68935			4
2026.04.03	20:23:23.958		0.68936			4
2026.04.03	20:23:26.969		0.68935			4
2026.04.03	20:23:27.268		0.68936			4
2026.04.03	20:23:27.867	0.68928	0.68935			6
2026.04.03	20:23:29.671		0.68936			4
2026.04.03	20:23:30.272	0.68929	0.68935			6
2026.04.03	20:23:30.580		0.68937			4
2026.04.03	20:23:31.476	0.68930	0.68938			6
2026.04.03	20:23:35.983	0.68929	0.68937			6
2026.04.03	20:23:36.585		0.68936			4
2026.04.03	20:23:39.598		0.68937			4
2026.04.03	20:23:42.006	0.68930				2
2026.04.03	20:23:42.299	0.68929	0.68936			6
2026.04.03	20:23:42.600		0.68937			4
2026.04.03	20:23:47.715	0.68930				2
2026.04.03	20:23:50.120	0.68929	0.68936			6
2026.04.03	20:23:50.722	0.68930	0.68937			6
2026.04.03	20:23:51.324	0.68929	0.68938			6
2026.04.03	20:23:51.623	0.68930	0.68937			6
2026.04.03	20:23:51.925		0.68936			4
2026.04.03	20:23:52.231		0.68940			4
2026.04.03	20:23:52.529		0.68935			4
2026.04.03	20:23:52.829		0.68936			4
2026.04.03	20:23:54.034		0.68937			4
2026.04.03	20:23:57.043		0.68936			4
2026.04.03	20:23:57.342		0.68937			4
2026.04.03	20:23:58.248		0.68938			4
2026.04.03	20:24:00.060	0.68930				2
2026.04.03	20:24:00.657	0.68931	0.68937			6
2026.04.03	20:24:01.259		0.68936			4
2026.04.03	20:24:01.557	0.68930				2
2026.04.03	20:24:03.664	0.68929				2
2026.04.03	20:24:09.077		0.68935			4
2026.04.03	20:24:09.678		0.68938			4
2026.04.03	20:24:09.978	0.68928	0.68935			6
2026.04.03	20:24:12.383	0.68930	0.68936			6
2026.04.03	20:24:15.998	0.68929	0.68935			6
2026.04.03	20:24:16.299		0.68936			4
2026.04.03	20:24:17.202		0.68937			4
2026.04.03	20:24:28.019		0.68936			4
2026.04.03	20:24:28.321		0.68937			4
2026.04.03	20:24:28.925	0.68930				2
2026.04.03	20:24:30.428		0.68936			4
2026.04.03	20:24:33.132		0.68937			4
2026.04.03	20:24:36.139		0.68936			4
2026.04.03	20:24:37.944	0.68929				2
2026.04.03	20:24:38.245		0.68934			4
2026.04.03	20:24:38.550	0.68928				2
2026.04.03	20:24:38.846	0.68927	0.68933			6
2026.04.03	20:24:39.147		0.68932			4
2026.04.03	20:24:39.449	0.68926				2
2026.04.03	20:24:39.749		0.68931			4
2026.04.03	20:24:40.650		0.68932			4
2026.04.03	20:24:40.951		0.68931			4
2026.04.03	20:24:41.251	0.68924				2
2026.04.03	20:24:42.755	0.68923	0.68929			6
2026.04.03	20:24:45.165	0.68924	0.68930			6
2026.04.03	20:24:45.468	0.68925	0.68932			6
2026.04.03	20:24:46.068	0.68927				2
2026.04.03	20:24:46.669	0.68926	0.68933			6
2026.04.03	20:24:50.877	0.68927				2
2026.04.03	20:24:55.385	0.68925				2
2026.04.03	20:24:57.187	0.68921				2
2026.04.03	20:25:00.204	0.68921				2
2026.04.03	20:25:01.710	0.68920	0.68932			6
2026.04.03	20:25:02.308	0.68919	0.68931			6
2026.04.03	20:25:05.314		0.68930			4
2026.04.03	20:25:07.118	0.68918				2
2026.04.03	20:25:07.419		0.68929			4
2026.04.03	20:25:10.123		0.68930			4
2026.04.03	20:25:10.423	0.68919				2
2026.04.03	20:25:11.325	0.68918	0.68929			6
2026.04.03	20:25:13.126	0.68917				2
2026.04.03	20:25:13.425	0.68918				2
2026.04.03	20:25:14.029	0.68917				2
2026.04.03	20:25:15.831	0.68916				2
2026.04.03	20:25:16.431	0.68914	0.68927			6
2026.04.03	20:25:19.144	0.68913	0.68926			6
2026.04.03	20:25:23.352	0.68914	0.68931			6
2026.04.03	20:25:23.656		0.68930			4
2026.04.03	20:25:25.457	0.68916	0.68929			6
2026.04.03	20:25:25.761	0.68921	0.68933			6
2026.04.03	20:25:26.360	0.68922	0.68934			6
2026.04.03	20:25:26.667	0.68924	0.68935			6
2026.04.03	20:25:26.966		0.68936			4
2026.04.03	20:25:27.264	0.68926	0.68937			6
2026.04.03	20:25:27.569		0.68938			4
2026.04.03	20:25:27.868		0.68939			4
2026.04.03	20:25:29.672	0.68925	0.68937			6
2026.04.03	20:25:30.275	0.68923	0.68935			6
2026.04.03	20:25:30.577	0.68921	0.68934			6
2026.04.03	20:25:30.876		0.68932			4
2026.04.03	20:25:31.180	0.68920				2
2026.04.03	20:25:31.479		0.68931			4
2026.04.03	20:25:31.781	0.68919				2
2026.04.03	20:25:32.079	0.68917	0.68930			6
2026.04.03	20:25:32.679		0.68929			4
2026.04.03	20:25:34.185		0.68928			4
2026.04.03	20:25:35.390		0.68929			4
2026.04.03	20:25:35.996	0.68916				2
2026.04.03	20:25:37.198	0.68917				2
2026.04.03	20:25:39.003		0.68928			4
2026.04.03	20:25:41.107	0.68916				2
2026.04.03	20:25:42.009	0.68918	0.68931			6
2026.04.03	20:25:43.512		0.68930			4
2026.04.03	20:25:46.517	0.68917				2
2026.04.03	20:25:48.625		0.68929			4
2026.04.03	20:26:00.060	0.68917				2
2026.04.03	20:26:00.662	0.68916				2
2026.04.03	20:26:01.264		0.68928			4
2026.04.03	20:26:05.476		0.68927			4
2026.04.03	20:26:05.776	0.68915				2
2026.04.03	20:26:06.981	0.68914				2
2026.04.03	20:26:12.385	0.68916	0.68929			6
2026.04.03	20:26:12.685		0.68928			4
2026.04.03	20:26:13.893	0.68917				2
2026.04.03	20:26:14.195		0.68929			4
2026.04.03	20:26:15.095		0.68928			4
2026.04.03	20:26:15.997	0.68918	0.68929			6
2026.04.03	20:26:16.297		0.68928			4
2026.04.03	20:26:16.898	0.68917				2
2026.04.03	20:26:20.210	0.68916				2
2026.04.03	20:26:24.719	0.68915	0.68926			6
2026.04.03	20:26:27.724	0.68914	0.68925			6
2026.04.03	20:26:28.330		0.68926			4
2026.04.03	20:26:40.067	0.68915	0.68932			6
2026.04.03	20:26:40.369		0.68927			4
2026.04.03	20:26:40.670		0.68926			4
2026.04.03	20:26:44.878	0.68914				2
2026.04.03	20:26:48.181		0.68927			4
2026.04.03	20:26:52.385		0.68926			4
2026.04.03	20:26:56.899		0.68928			4
2026.04.03	20:27:00.209	0.68914				2
2026.04.03	20:27:01.408		0.68927			4
2026.04.03	20:27:02.311		0.68926			4
2026.04.03	20:27:03.812	0.68915	0.68927			6
2026.04.03	20:27:04.714		0.68926			4
2026.04.03	20:27:05.315	0.68914				2
2026.04.03	20:27:09.228	0.68913				2
2026.04.03	20:27:14.342		0.68925			4
2026.04.03	20:27:17.650		0.68926			4
2026.04.03	20:27:20.659		0.68925			4
2026.04.03	20:27:21.862		0.68926			4
2026.04.03	20:27:22.763		0.68925			4
2026.04.03	20:27:24.267		0.68926			4
2026.04.03	20:27:25.174		0.68927			4
2026.04.03	20:27:25.474		0.68926			4
2026.04.03	20:27:27.577	0.68914	0.68927			6
2026.04.03	20:27:29.085		0.68926			4
2026.04.03	20:27:29.383	0.68915				2
2026.04.03	20:27:29.987		0.68927			4
2026.04.03	20:27:32.093		0.68926			4
2026.04.03	20:27:32.397		0.68927			4
2026.04.03	20:27:32.697		0.68926			4
2026.04.03	20:27:32.998		0.68927			4
2026.04.03	20:27:33.901		0.68926			4
2026.04.03	20:27:35.101	0.68913				2
2026.04.03	20:27:35.705		0.68925			4
2026.04.03	20:27:37.202		0.68926			4
2026.04.03	20:27:40.516	0.68914				2
2026.04.03	20:27:44.422	0.68913	0.68925			6
2026.04.03	20:27:45.327		0.68927			4
2026.04.03	20:27:45.627		0.68926			4
2026.04.03	20:27:45.928		0.68925			4
2026.04.03	20:27:46.230		0.68926			4
2026.04.03	20:27:46.831		0.68934			4
2026.04.03	20:27:47.132		0.68925			4
2026.04.03	20:27:47.434		0.68927			4
2026.04.03	20:27:47.735		0.68925			4
2026.04.03	20:27:48.335	0.68912				2
2026.04.03	20:27:49.540		0.68926			4
2026.04.03	20:27:49.840		0.68924			4
2026.04.03	20:27:50.146		0.68926			4
2026.04.03	20:27:51.045		0.68925			4
2026.04.03	20:27:51.646		0.68926			4
2026.04.03	20:27:52.550	0.68913	0.68925			6
2026.04.03	20:27:53.148		0.68926			4
2026.04.03	20:27:54.653		0.68925			4
2026.04.03	20:27:54.953		0.68927			4
2026.04.03	20:27:55.555		0.68926			4
2026.04.03	20:27:56.456		0.68925			4
2026.04.03	20:27:58.565		0.68927			4
2026.04.03	20:27:58.866	0.68914	0.68926			6
2026.04.03	20:28:00.068	0.68914	0.68925			6
2026.04.03	20:28:00.372		0.68926			4
2026.04.03	20:28:02.174		0.68925			4
2026.04.03	20:28:02.778		0.68926			4
2026.04.03	20:28:04.275		0.68925			4
2026.04.03	20:28:04.576		0.68926			4
2026.04.03	20:28:04.877		0.68925			4
2026.04.03	20:28:07.581		0.68926			4
2026.04.03	20:28:07.881		0.68925			4
2026.04.03	20:28:10.284		0.68927			4
2026.04.03	20:28:10.586		0.68926			4
2026.04.03	20:28:10.884		0.68925			4
2026.04.03	20:28:11.185		0.68926			4
2026.04.03	20:28:11.488		0.68927			4
2026.04.03	20:28:12.992		0.68925			4
2026.04.03	20:28:13.296		0.68926			4
2026.04.03	20:28:13.899		0.68925			4
2026.04.03	20:28:16.303		0.68926			4
2026.04.03	20:28:16.911		0.68925			4
2026.04.03	20:28:17.209		0.68926			4
2026.04.03	20:28:17.811		0.68925			4
2026.04.03	20:28:18.111		0.68927			4
2026.04.03	20:28:19.012		0.68925			4
2026.04.03	20:28:19.315		0.68927			4
2026.04.03	20:28:19.613		0.68925			4
2026.04.03	20:28:19.914		0.68926			4
2026.04.03	20:28:22.022		0.68925			4
2026.04.03	20:28:22.321		0.68926			4
2026.04.03	20:28:22.622		0.68925			4
2026.04.03	20:28:23.225		0.68926			4
2026.04.03	20:28:23.528		0.68925			4
2026.04.03	20:28:25.031		0.68926			4
2026.04.03	20:28:25.335		0.68925			4
2026.04.03	20:28:28.337		0.68926			4
2026.04.03	20:28:28.638		0.68930			4
2026.04.03	20:28:28.938		0.68925			4
2026.04.03	20:28:30.745	0.68915				2
2026.04.03	20:28:31.347	0.68913	0.68924			6
2026.04.03	20:28:31.951		0.68926			4
2026.04.03	20:28:32.557		0.68925			4
2026.04.03	20:28:33.154		0.68926			4
2026.04.03	20:28:33.761		0.68925			4
2026.04.03	20:28:34.060		0.68926			4
2026.04.03	20:28:34.357		0.68925			4
2026.04.03	20:28:34.658		0.68926			4
2026.04.03	20:28:34.958		0.68925			4
2026.04.03	20:28:37.368		0.68926			4
2026.04.03	20:28:37.668		0.68927			4
2026.04.03	20:28:38.876		0.68926			4
2026.04.03	20:28:40.377	0.68914	0.68927			6
2026.04.03	20:28:40.977		0.68926			4
2026.04.03	20:28:41.878		0.68927			4
2026.04.03	20:28:42.181		0.68926			4
2026.04.03	20:28:42.479		0.68927			4
2026.04.03	20:28:42.781		0.68926			4
2026.04.03	20:28:43.682		0.68927			4
2026.04.03	20:28:43.983		0.68926			4
2026.04.03	20:28:44.884		0.68927			4
2026.04.03	20:28:46.990	0.68915				2
2026.04.03	20:28:47.591	0.68914	0.68925			6
2026.04.03	20:28:48.498		0.68928			4
2026.04.03	20:28:48.798		0.68926			4
2026.04.03	20:28:50.306		0.68927			4
2026.04.03	20:28:50.609		0.68925			4
2026.04.03	20:28:50.908		0.68926			4
2026.04.03	20:28:51.208		0.68925			4
2026.04.03	20:28:51.510		0.68927			4
2026.04.03	20:28:52.110		0.68925			4
2026.04.03	20:28:52.410		0.68926			4
2026.04.03	20:28:52.710		0.68925			4
2026.04.03	20:28:53.012		0.68926			4
2026.04.03	20:28:53.313		0.68925			4
2026.04.03	20:28:53.914		0.68926			4
2026.04.03	20:28:54.514		0.68925			4
2026.04.03	20:28:55.717	0.68915	0.68926			6
2026.04.03	20:28:56.017	0.68914	0.68925			6
2026.04.03	20:28:56.617		0.68926			4
2026.04.03	20:28:56.918		0.68925			4
2026.04.03	20:28:57.217		0.68926			4
2026.04.03	20:28:57.517		0.68925			4
2026.04.03	20:28:58.725	0.68915	0.68926			6
2026.04.03	20:28:59.629	0.68914	0.68925			6
2026.04.03	20:28:59.933	0.68915	0.68926			6
2026.04.03	20:29:00.237	0.68915				2
2026.04.03	20:29:02.332		0.68925			4
2026.04.03	20:29:05.338		0.68926			4
2026.04.03	20:29:05.640	0.68916	0.68927			6
2026.04.03	20:29:05.937		0.68928			4
2026.04.03	20:29:06.839	0.68917				2
2026.04.03	20:29:07.143	0.68918	0.68929			6
2026.04.03	20:29:07.443	0.68919				2
2026.04.03	20:29:07.745		0.68930			4
2026.04.03	20:29:08.345		0.68929			4
2026.04.03	20:29:08.951	0.68918	0.68927			6
2026.04.03	20:29:09.251	0.68917				2
2026.04.03	20:29:09.554		0.68926			4
2026.04.03	20:29:10.454		0.68927			4
2026.04.03	20:29:11.355		0.68926			4
2026.04.03	20:29:12.560		0.68927			4
2026.04.03	20:29:12.860		0.68926			4
2026.04.03	20:29:14.964		0.68927			4
2026.04.03	20:29:16.166		0.68928			4
2026.04.03	20:29:16.464	0.68918	0.68927			6
2026.04.03	20:29:16.766		0.68928			4
2026.04.03	20:29:17.376	0.68917	0.68927			6
2026.04.03	20:29:17.675		0.68928			4
2026.04.03	20:29:17.976		0.68927			4
2026.04.03	20:29:18.577	0.68918	0.68928			6
2026.04.03	20:29:20.079	0.68917	0.68929			6
2026.04.03	20:29:20.377	0.68918				2
2026.04.03	20:29:20.678	0.68917	0.68928			6
2026.04.03	20:29:21.280	0.68918				2
2026.04.03	20:29:21.582		0.68929			4
2026.04.03	20:29:22.782	0.68917	0.68928			6
2026.04.03	20:29:23.084		0.68929			4
2026.04.03	20:29:23.381	0.68918				2
2026.04.03	20:29:23.983	0.68917	0.68928			6
2026.04.03	20:29:24.282	0.68918	0.68929			6
2026.04.03	20:29:26.084		0.68928			4
2026.04.03	20:29:26.986		0.68929			4
2026.04.03	20:29:27.587	0.68919	0.68930			6
2026.04.03	20:29:28.187		0.68929			4
2026.04.03	20:29:28.487		0.68930			4
2026.04.03	20:29:28.791		0.68929			4
2026.04.03	20:29:29.397	0.68918	0.68928			6
2026.04.03	20:29:32.403		0.68929			4
2026.04.03	20:29:34.205		0.68928			4
2026.04.03	20:29:34.508		0.68929			4
2026.04.03	20:29:34.806		0.68928			4
2026.04.03	20:29:35.110	0.68917	0.68927			6
2026.04.03	20:29:36.309		0.68926			4
2026.04.03	20:29:37.815		0.68927			4
2026.04.03	20:29:39.622	0.68918	0.68929			6
2026.04.03	20:29:42.630	0.68919				2
2026.04.03	20:29:47.738		0.68928			4
2026.04.03	20:29:48.944		0.68929			4
2026.04.03	20:29:49.244		0.68928			4
2026.04.03	20:29:53.763		0.68927			4
2026.04.03	20:29:54.067	0.68918				2
2026.04.03	20:29:54.365	0.68919				2
2026.04.03	20:29:54.968		0.68928			4
2026.04.03	20:29:55.569	0.68920	0.68929			6
2026.04.03	20:29:56.772		0.68928			4
2026.04.03	20:30:00.076	0.68920				2
2026.04.03	20:30:00.978		0.68929			4
2026.04.03	20:30:01.577		0.68928			4
2026.04.03	20:30:02.482	0.68919				2
2026.04.03	20:30:03.081	0.68918	0.68927			6
2026.04.03	20:30:03.380	0.68917	0.68926			6
2026.04.03	20:30:03.983	0.68915	0.68925			6
2026.04.03	20:30:04.582	0.68914	0.68924			6
2026.04.03	20:30:06.082	0.68913	0.68923			6
2026.04.03	20:30:08.785	0.68912	0.68921			6
2026.04.03	20:30:09.087		0.68922			4
2026.04.03	20:30:10.291	0.68913				2
2026.04.03	20:30:11.190		0.68923			4
2026.04.03	20:30:11.493		0.68925			4
2026.04.03	20:30:11.791	0.68915	0.68921			6
2026.04.03	20:30:12.091	0.68916	0.68920			6
2026.04.03	20:30:12.391	0.68914	0.68921			6
2026.04.03	20:30:12.697	0.68915				2
2026.04.03	20:30:12.995	0.68914				2
2026.04.03	20:30:14.195	0.68913	0.68922			6
2026.04.03	20:30:14.500	0.68912				2
2026.04.03	20:30:14.797	0.68911	0.68920			6
2026.04.03	20:30:18.111	0.68912	0.68921			6
2026.04.03	20:30:18.413	0.68911	0.68924			6
2026.04.03	20:30:18.715	0.68912	0.68921			6
2026.04.03	20:30:20.217	0.68913				2
2026.04.03	20:30:25.323	0.68912				2
2026.04.03	20:30:26.525	0.68913				2
2026.04.03	20:30:26.827		0.68922			4
2026.04.03	20:30:27.130		0.68921			4
2026.04.03	20:30:27.428		0.68922			4
2026.04.03	20:30:27.730		0.68921			4
2026.04.03	20:30:28.030	0.68914				2
2026.04.03	20:30:29.532	0.68913				2
2026.04.03	20:30:31.638		0.68922			4
2026.04.03	20:30:31.940		0.68921			4
2026.04.03	20:30:32.242	0.68912	0.68920			6
2026.04.03	20:30:32.540		0.68921			4
2026.04.03	20:30:32.839	0.68913				2
2026.04.03	20:30:35.547		0.68922			4
2026.04.03	20:30:35.850		0.68921			4
2026.04.03	20:30:36.750		0.68922			4
2026.04.03	20:30:37.051		0.68921			4
2026.04.03	20:30:37.354		0.68922			4
2026.04.03	20:30:47.583		0.68921			4
2026.04.03	20:30:48.788		0.68922			4
2026.04.03	20:30:51.490	0.68915	0.68924			6
2026.04.03	20:30:52.390	0.68916	0.68925			6
2026.04.03	20:30:52.997	0.68918	0.68927			6
2026.04.03	20:30:53.294	0.68917	0.68926			6
2026.04.03	20:30:55.099	0.68916	0.68924			6
2026.04.03	20:30:58.102	0.68915				2
2026.04.03	20:30:59.603		0.68923			4
2026.04.03	20:31:00.206	0.68915				2
2026.04.03	20:31:00.811	0.68914				2
2026.04.03	20:31:07.434		0.68922			4
2026.04.03	20:31:08.033		0.68923			4
2026.04.03	20:31:11.039	0.68915	0.68924			6
2026.04.03	20:31:11.342		0.68923			4
2026.04.03	20:31:11.640	0.68914				2
2026.04.03	20:31:13.450	0.68915				2
2026.04.03	20:31:17.355	0.68914				2
2026.04.03	20:31:22.777	0.68915	0.68924			6
2026.04.03	20:31:23.676	0.68916				2
2026.04.03	20:31:23.976	0.68917	0.68925			6
2026.04.03	20:31:26.681	0.68916	0.68924			6
2026.04.03	20:31:27.882	0.68915				2
2026.04.03	20:31:28.182		0.68923			4
2026.04.03	20:31:28.483		0.68924			4
2026.04.03	20:31:29.385	0.68916	0.68923			6
2026.04.03	20:31:29.684		0.68924			4
2026.04.03	20:31:29.985	0.68915				2
2026.04.03	20:31:32.093	0.68916				2
2026.04.03	20:31:32.997		0.68925			4
2026.04.03	20:31:34.207	0.68917	0.68926			6
2026.04.03	20:31:35.705		0.68925			4
2026.04.03	20:31:36.005		0.68926			4
2026.04.03	20:31:36.306		0.68925			4
2026.04.03	20:31:36.607		0.68926			4
2026.04.03	20:31:36.910	0.68916				2
2026.04.03	20:31:39.318	0.68917				2
2026.04.03	20:31:40.526	0.68916				2
2026.04.03	20:31:40.823		0.68925			4
2026.04.03	20:31:41.122		0.68930			4
2026.04.03	20:31:41.424		0.68925			4
2026.04.03	20:31:41.725	0.68915	0.68924			6
2026.04.03	20:31:42.026	0.68909	0.68917			6
2026.04.03	20:31:42.326	0.68907	0.68915			6
2026.04.03	20:31:43.229	0.68906	0.68914			6
2026.04.03	20:31:44.432	0.68905				2
2026.04.03	20:31:45.934		0.68912			4
2026.04.03	20:31:46.537		0.68913			4
2026.04.03	20:31:47.444	0.68904	0.68911			6
2026.04.03	20:31:48.045	0.68903				2
2026.04.03	20:31:49.853	0.68902				2
2026.04.03	20:31:50.157	0.68903				2
2026.04.03	20:31:51.054	0.68902	0.68910			6
2026.04.03	20:32:00.082	0.68902				2
2026.04.03	20:32:01.884		0.68907			4
2026.04.03	20:32:02.188	0.68899	0.68906			6
2026.04.03	20:32:02.485		0.68907			4
2026.04.03	20:32:03.087	0.68898				2
2026.04.03	20:32:03.385	0.68897	0.68906			6
2026.04.03	20:32:12.100		0.68903			4
2026.04.03	20:32:16.910	0.68904	0.68912			6
2026.04.03	20:32:17.212	0.68906	0.68913			6
2026.04.03	20:32:18.111		0.68914			4
2026.04.03	20:32:18.711		0.68915			4
2026.04.03	20:32:19.015	0.68910	0.68917			6
2026.04.03	20:32:22.318		0.68918			4
2026.04.03	20:32:28.029	0.68912	0.68920			6
2026.04.03	20:32:28.628		0.68921			4
2026.04.03	20:32:28.932	0.68915	0.68923			6
2026.04.03	20:32:29.533	0.68913	0.68921			6
2026.04.03	20:32:29.833	0.68914	0.68923			6
2026.04.03	20:32:30.129	0.68915				2
2026.04.03	20:32:30.431	0.68914				2
2026.04.03	20:32:31.631	0.68915				2
2026.04.03	20:32:32.834	0.68905	0.68913			6
2026.04.03	20:32:33.137	0.68901	0.68910			6
2026.04.03	20:32:33.435		0.68909			4
2026.04.03	20:32:33.736	0.68900				2
2026.04.03	20:32:34.037	0.68901	0.68910			6
2026.04.03	20:32:34.338	0.68900	0.68909			6
2026.04.03	20:32:34.638	0.68899	0.68907			6
2026.04.03	20:32:35.840		0.68906			4
2026.04.03	20:32:36.140		0.68907			4
2026.04.03	20:32:36.441	0.68904	0.68913			6
2026.04.03	20:32:36.742	0.68906				2
2026.04.03	20:32:37.342	0.68907	0.68914			6
2026.04.03	20:32:38.544	0.68908	0.68915			6
2026.04.03	20:32:38.841	0.68909	0.68916			6
2026.04.03	20:32:39.145		0.68917			4
2026.04.03	20:32:39.443	0.68910				2
2026.04.03	20:32:40.646	0.68911	0.68918			6
2026.04.03	20:32:42.148		0.68919			4
2026.04.03	20:32:49.373	0.68910	0.68917			6
2026.04.03	20:32:49.674		0.68918			4
2026.04.03	20:32:49.976	0.68911				2
2026.04.03	20:32:58.090		0.68919			4
2026.04.03	20:32:58.692	0.68913	0.68920			6
2026.04.03	20:33:00.204	0.68913				2
2026.04.03	20:33:00.502	0.68912				2
2026.04.03	20:33:00.803	0.68913	0.68919			6
2026.04.03	20:33:33.599	0.68912	0.68920			6
2026.04.03	20:33:39.915	0.68913				2
2026.04.03	20:33:40.218		0.68919			4
2026.04.03	20:33:42.318	0.68912	0.68920			6
2026.04.03	20:33:43.822	0.68911	0.68921			6
2026.04.03	20:33:44.119		0.68920			4
2026.04.03	20:33:44.421	0.68908	0.68917			6
2026.04.03	20:33:45.322	0.68907	0.68916			6
2026.04.03	20:33:45.923	0.68905				2
2026.04.03	20:33:46.223		0.68914			4
2026.04.03	20:33:50.132		0.68915			4
2026.04.03	20:33:51.332	0.68908	0.68917			6
2026.04.03	20:33:51.634	0.68911	0.68919			6
2026.04.03	20:33:51.932		0.68920			4
2026.04.03	20:33:53.734	0.68912				2
2026.04.03	20:34:00.062	0.68912				2
2026.04.03	20:34:15.399	0.68910				2
2026.04.03	20:34:22.313	0.68911	0.68919			6
2026.04.03	20:34:22.914		0.68920			4
2026.04.03	20:34:24.418	0.68910	0.68919			6
2026.04.03	20:34:29.824		0.68918			4
2026.04.03	20:34:30.124		0.68919			4
2026.04.03	20:34:30.427		0.68918			4
2026.04.03	20:34:31.026		0.68919			4
2026.04.03	20:34:31.328		0.68918			4
2026.04.03	20:34:32.831	0.68909				2
2026.04.03	20:34:33.131	0.68908	0.68916			6
2026.04.03	20:34:33.432	0.68907	0.68915			6
2026.04.03	20:34:35.236		0.68916			4
2026.04.03	20:34:35.537		0.68915			4
2026.04.03	20:34:39.147		0.68916			4
2026.04.03	20:34:39.446	0.68908	0.68917			6
2026.04.03	20:34:39.749	0.68909				2
2026.04.03	20:34:40.046	0.68908	0.68916			6
2026.04.03	20:34:40.652	0.68906	0.68915			6
2026.04.03	20:34:45.162		0.68914			4
2026.04.03	20:34:49.677	0.68905				2
2026.04.03	20:34:51.482	0.68904	0.68912			6
2026.04.03	20:34:52.685	0.68903				2
2026.04.03	20:34:57.504	0.68904	0.68913			6
2026.04.03	20:34:57.804	0.68906	0.68914			6
2026.04.03	20:34:58.105	0.68907	0.68915			6
2026.04.03	20:35:00.211	0.68906	0.68914			6
2026.04.03	20:35:00.515	0.68905	0.68913			6
2026.04.03	20:35:00.814		0.68912			4
2026.04.03	20:35:01.114		0.68913			4
2026.04.03	20:35:07.432		0.68914			4
2026.04.03	20:35:11.952	0.68906				2
2026.04.03	20:35:15.866	0.68907	0.68915			6
2026.04.03	20:35:16.468	0.68908	0.68916			6
2026.04.03	20:35:17.373		0.68917			4
2026.04.03	20:35:25.187		0.68916			4
2026.04.03	20:35:25.787		0.68917			4
2026.04.03	20:35:29.994	0.68909				2
2026.04.03	20:35:33.303	0.68907				2
2026.04.03	20:35:35.105		0.68916			4
2026.04.03	20:35:35.408		0.68917			4
2026.04.03	20:35:51.951		0.68916			4
2026.04.03	20:35:52.252		0.68917			4
2026.04.03	20:35:55.563		0.68916			4
2026.04.03	20:36:00.075	0.68907				2
2026.04.03	20:36:05.489		0.68915			4
2026.04.03	20:36:06.692	0.68906				2
2026.04.03	20:36:13.303	0.68907	0.68916			6
2026.04.03	20:36:15.708		0.68917			4
2026.04.03	20:36:16.908	0.68908				2
2026.04.03	20:36:34.352	0.68907	0.68916			6
2026.04.03	20:36:44.561	0.68905	0.68915			6
2026.04.03	20:36:44.862	0.68901	0.68912			6
2026.04.03	20:36:45.164	0.68900	0.68911			6
2026.04.03	20:36:45.765		0.68909			4
2026.04.03	20:36:46.064	0.68899				2
2026.04.03	20:36:47.267		0.68910			4
2026.04.03	20:36:50.873	0.68900	0.68909			6
2026.04.03	20:36:53.277	0.68901	0.68910			6
2026.04.03	20:37:00.185	0.68901				2
2026.04.03	20:37:00.486	0.68902	0.68911			6
2026.04.03	20:37:00.789	0.68903	0.68912			6
2026.04.03	20:37:06.505		0.68913			4
2026.04.03	20:37:07.711	0.68904				2
2026.04.03	20:37:10.417		0.68912			4
2026.04.03	20:37:11.918	0.68903				2
2026.04.03	20:37:12.219	0.68902				2
2026.04.03	20:37:14.622		0.68911			4
2026.04.03	20:37:15.225		0.68910			4
2026.04.03	20:37:17.327	0.68901				2
2026.04.03	20:37:19.432		0.68909			4
2026.04.03	20:37:25.144		0.68910			4
2026.04.03	20:37:31.760		0.68911			4
2026.04.03	20:37:32.061		0.68910			4
2026.04.03	20:37:34.468	0.68902	0.68912			6
2026.04.03	20:37:34.770		0.68911			4
2026.04.03	20:37:35.971		0.68912			4
2026.04.03	20:37:39.877	0.68903				2
2026.04.03	20:37:40.178	0.68902	0.68910			6
2026.04.03	20:37:40.477	0.68901				2
2026.04.03	20:37:43.782	0.68899				2
2026.04.03	20:37:44.983		0.68909			4
2026.04.03	20:38:00.037	0.68899				2
2026.04.03	20:38:02.446	0.68900				2
2026.04.03	20:38:08.162		0.68908			4
2026.04.03	20:38:18.386		0.68910			4
2026.04.03	20:38:18.687	0.68899	0.68909			6
2026.04.03	20:38:30.723		0.68908			4
2026.04.03	20:38:31.022	0.68898				2
2026.04.03	20:38:31.629	0.68897	0.68907			6
2026.04.03	20:38:31.933	0.68893	0.68905			6
2026.04.03	20:38:33.131	0.68894	0.68904			6
2026.04.03	20:38:37.638		0.68903			4
2026.04.03	20:38:37.937	0.68895				2
2026.04.03	20:38:48.176	0.68897	0.68905			6
2026.04.03	20:38:50.275		0.68906			4
2026.04.03	20:39:00.191	0.68897				2
2026.04.03	20:39:03.500	0.68898				2
2026.04.03	20:39:12.234		0.68905			4
2026.04.03	20:39:12.537	0.68897				2
2026.04.03	20:39:33.284		0.68906			4
2026.04.03	20:39:33.885		0.68905			4
2026.04.03	20:39:34.185	0.68895	0.68904			6
2026.04.03	20:39:42.912		0.68903			4
2026.04.03	20:39:53.134	0.68896	0.68904			6
2026.04.03	20:39:55.240	0.68895				2
2026.04.03	20:39:56.142		0.68902			4
2026.04.03	20:40:00.059	0.68895				2
2026.04.03	20:40:00.359	0.68896	0.68901			6
2026.04.03	20:40:01.263	0.68897				2
2026.04.03	20:40:05.475		0.68904			4
2026.04.03	20:40:06.077	0.68896				2
2026.04.03	20:40:07.275		0.68903			4
2026.04.03	20:40:20.811		0.68905			4
2026.04.03	20:40:22.914	0.68897				2
2026.04.03	20:40:31.935	0.68898				2
2026.04.03	20:40:34.040		0.68906			4
2026.04.03	20:40:38.248	0.68899	0.68907			6
2026.04.03	20:40:46.676	0.68898				2
2026.04.03	20:40:48.478	0.68899	0.68908			6
2026.04.03	20:40:48.777		0.68907			4
2026.04.03	20:40:57.499	0.68900	0.68908			6
2026.04.03	20:40:59.307		0.68907			4
2026.04.03	20:40:59.905		0.68908			4
2026.04.03	20:41:00.205	0.68900				2
2026.04.03	20:41:01.409		0.68907			4
2026.04.03	20:41:01.709	0.68899				2
2026.04.03	20:41:02.009	0.68895	0.68904			6
2026.04.03	20:41:02.310		0.68903			4
2026.04.03	20:41:02.609		0.68904			4
2026.04.03	20:41:04.111		0.68905			4
2026.04.03	20:41:04.414	0.68894	0.68902			6
2026.04.03	20:41:05.013	0.68895				2
2026.04.03	20:41:05.317		0.68901			4
2026.04.03	20:41:05.615		0.68902			4
2026.04.03	20:41:09.528		0.68901			4
2026.04.03	20:41:09.828	0.68896				2
2026.04.03	20:41:10.129		0.68902			4
2026.04.03	20:41:31.787		0.68901			4
2026.04.03	20:41:32.992	0.68895				2
2026.04.03	20:41:33.294		0.68900			4
2026.04.03	20:41:35.101		0.68902			4
2026.04.03	20:41:39.006		0.68901			4
2026.04.03	20:41:40.511	0.68896				2
2026.04.03	20:41:42.012	0.68895				2
2026.04.03	20:41:42.315	0.68894	0.68899			6
2026.04.03	20:41:42.614	0.68892				2
2026.04.03	20:41:42.914		0.68898			4
2026.04.03	20:41:43.516	0.68891				2
2026.04.03	20:41:44.119		0.68895			4
2026.04.03	20:41:46.217	0.68890				2
2026.04.03	20:41:46.519	0.68880	0.68886			6
2026.04.03	20:41:46.817	0.68881	0.68887			6
2026.04.03	20:41:47.119		0.68886			4
2026.04.03	20:41:47.422		0.68885			4
2026.04.03	20:41:47.717	0.68880				2
2026.04.03	20:41:50.425		0.68886			4
2026.04.03	20:41:52.228	0.68881	0.68887			6
2026.04.03	20:41:52.532	0.68884	0.68889			6
2026.04.03	20:41:52.832		0.68890			4
2026.04.03	20:41:53.134		0.68888			4
2026.04.03	20:41:53.732	0.68883	0.68887			6
2026.04.03	20:41:56.736		0.68888			4
2026.04.03	20:41:59.746	0.68884				2
2026.04.03	20:42:00.048	0.68884				2
2026.04.03	20:42:00.347	0.68885	0.68890			6
2026.04.03	20:42:00.649	0.68887	0.68892			6
2026.04.03	20:42:00.947	0.68889	0.68896			6
2026.04.03	20:42:01.547	0.68888				2
2026.04.03	20:42:01.847	0.68889	0.68897			6
2026.04.03	20:42:04.853	0.68888	0.68898			6
2026.04.03	20:42:08.462	0.68889	0.68899			6
2026.04.03	20:42:08.760		0.68900			4
2026.04.03	20:42:17.179	0.68890				2
2026.04.03	20:42:17.482	0.68892	0.68898			6
2026.04.03	20:42:17.780	0.68890	0.68897			6
2026.04.03	20:42:18.384	0.68889	0.68899			6
2026.04.03	20:42:18.985		0.68900			4
2026.04.03	20:42:19.288	0.68890	0.68899			6
2026.04.03	20:42:20.185	0.68889	0.68900			6
2026.04.03	20:42:28.614		0.68899			4
2026.04.03	20:42:34.332	0.68890				2
2026.04.03	20:42:57.511	0.68889	0.68900			6
2026.04.03	20:42:59.619	0.68888				2
2026.04.03	20:42:59.919	0.68889				2
2026.04.03	20:43:00.220	0.68889				2
2026.04.03	20:43:08.044	0.68888	0.68899			6
2026.04.03	20:43:19.176	0.68889	0.68900			6
2026.04.03	20:43:19.481	0.68890				2
2026.04.03	20:43:19.782	0.68889	0.68901			6
2026.04.03	20:43:20.680	0.68891	0.68902			6
2026.04.03	20:43:20.984	0.68889	0.68900			6
2026.04.03	20:43:21.882	0.68894	0.68901			6
2026.04.03	20:43:22.783		0.68905			4
2026.04.03	20:43:23.084	0.68898	0.68906			6
2026.04.03	20:43:23.384	0.68899	0.68905			6
2026.04.03	20:43:23.986	0.68896				2
2026.04.03	20:43:24.584		0.68906			4
2026.04.03	20:43:25.189	0.68895	0.68905			6
2026.04.03	20:43:26.086	0.68896				2
2026.04.03	20:43:28.193	0.68897				2
2026.04.03	20:43:28.793	0.68895				2
2026.04.03	20:43:29.096	0.68896	0.68904			6
2026.04.03	20:43:30.598	0.68895	0.68905			6
2026.04.03	20:43:30.896	0.68896	0.68904			6
2026.04.03	20:43:31.201	0.68897	0.68903			6
2026.04.03	20:43:31.502	0.68896	0.68904			6
2026.04.03	20:43:34.203	0.68897	0.68903			6
2026.04.03	20:43:37.811		0.68902			4
2026.04.03	20:43:48.937		0.68901			4
2026.04.03	20:43:49.238	0.68895				2
2026.04.03	20:43:49.540		0.68902			4
2026.04.03	20:43:49.839		0.68901			4
2026.04.03	20:43:56.764	0.68897	0.68903			6
2026.04.03	20:43:58.267	0.68896				2
2026.04.03	20:43:58.566		0.68904			4
2026.04.03	20:43:59.471	0.68895	0.68905			6
2026.04.03	20:44:00.073	0.68895				2
2026.04.03	20:44:00.676	0.68894	0.68906			6
2026.04.03	20:44:12.414	0.68895	0.68905			6
2026.04.03	20:44:13.321	0.68896	0.68904			6
2026.04.03	20:44:14.519		0.68901			4
2026.04.03	20:44:15.119	0.68895				2
2026.04.03	20:44:15.419	0.68888	0.68895			6
2026.04.03	20:44:18.125	0.68889				2
2026.04.03	20:44:18.423		0.68896			4
2026.04.03	20:44:20.832	0.68890	0.68897			6
2026.04.03	20:44:21.131	0.68894	0.68899			6
2026.04.03	20:44:21.435	0.68895	0.68901			6
2026.04.03	20:44:23.537	0.68897	0.68902			6
2026.04.03	20:44:25.947	0.68896	0.68904			6
2026.04.03	20:44:26.546	0.68895	0.68905			6
2026.04.03	20:44:34.076	0.68896	0.68906			6
2026.04.03	20:44:34.377	0.68895				2
2026.04.03	20:44:34.677		0.68907			4
2026.04.03	20:44:38.286	0.68896				2
2026.04.03	20:44:44.606	0.68897				2
2026.04.03	20:44:50.015	0.68896				2
2026.04.03	20:44:50.315	0.68895	0.68906			6
2026.04.03	20:44:56.028		0.68905			4
2026.04.03	20:45:00.240	0.68895				2
2026.04.03	20:45:00.837	0.68901				2
2026.04.03	20:45:01.138		0.68907			4
2026.04.03	20:45:01.741	0.68896	0.68908			6
2026.04.03	20:45:02.647	0.68901				2
2026.04.03	20:45:02.952	0.68896				2
2026.04.03	20:45:06.257	0.68901				2
2026.04.03	20:45:07.458	0.68896				2
2026.04.03	20:45:11.972	0.68895	0.68905			6
2026.04.03	20:45:14.678	0.68896	0.68904			6
2026.04.03	20:45:19.186	0.68895	0.68905			6
2026.04.03	20:45:25.500		0.68904			4
2026.04.03	20:45:30.619		0.68899			4
2026.04.03	20:45:32.423	0.68894	0.68898			6
2026.04.03	20:45:32.725	0.68893	0.68897			6
2026.04.03	20:45:37.536	0.68894	0.68901			6
2026.04.03	20:45:37.832		0.68900			4
2026.04.03	20:45:38.436		0.68901			4
2026.04.03	20:45:39.039	0.68895	0.68903			6
2026.04.03	20:45:39.337	0.68897				2
2026.04.03	20:45:44.752	0.68896	0.68904			6
2026.04.03	20:45:58.285	0.68895	0.68905			6
2026.04.03	20:46:00.086	0.68895				2
2026.04.03	20:46:10.313	0.68896	0.68904			6
2026.04.03	20:46:19.337	0.68895				2
2026.04.03	20:46:21.738	0.68896				2
2026.04.03	20:46:22.038		0.68903			4
2026.04.03	20:46:22.339		0.68904			4
2026.04.03	20:46:32.273	0.68897	0.68903			6
2026.04.03	20:46:37.388	0.68896	0.68904			6
2026.04.03	20:46:41.902	0.68895	0.68905			6
2026.04.03	20:46:42.205	0.68894	0.68906			6
2026.04.03	20:46:42.803	0.68893	0.68907			6
2026.04.03	20:46:45.506	0.68895				2
2026.04.03	20:46:51.522	0.68896				2
2026.04.03	20:46:51.824	0.68898	0.68908			6
2026.04.03	20:46:52.123	0.68897				2
2026.04.03	20:46:54.832	0.68898	0.68909			6
2026.04.03	20:46:58.446	0.68899				2
2026.04.03	20:47:00.252	0.68899				2
2026.04.03	20:47:03.855	0.68898				2
2026.04.03	20:47:04.758	0.68896	0.68907			6
2026.04.03	20:47:30.011	0.68899	0.68909			6
2026.04.03	20:47:30.911		0.68910			4
2026.04.03	20:47:32.115	0.68902	0.68908			6
2026.04.03	20:47:33.618	0.68901	0.68907			6
2026.04.03	20:47:35.719	0.68900	0.68904			6
2026.04.03	20:47:37.829	0.68901	0.68906			6
2026.04.03	20:47:38.127	0.68902	0.68907			6
2026.04.03	20:47:38.429		0.68908			4
2026.04.03	20:47:40.237	0.68901	0.68909			6
2026.04.03	20:47:41.137	0.68900	0.68910			6
2026.04.03	20:47:41.439		0.68911			4
2026.04.03	20:47:43.849		0.68910			4
2026.04.03	20:47:44.452	0.68901	0.68909			6
2026.04.03	20:47:50.162		0.68908			4
2026.04.03	20:47:50.459		0.68906			4
2026.04.03	20:47:50.759	0.68899	0.68905			6
2026.04.03	20:47:51.059	0.68893	0.68900			6
2026.04.03	20:47:51.359	0.68892				2
2026.04.03	20:47:51.962	0.68890	0.68898			6
2026.04.03	20:47:53.465	0.68893	0.68899			6
2026.04.03	20:47:53.764	0.68895	0.68901			6
2026.04.03	20:47:54.067	0.68898	0.68904			6
2026.04.03	20:47:54.372	0.68899	0.68905			6
2026.04.03	20:47:54.670		0.68906			4
2026.04.03	20:47:54.969	0.68900				2
2026.04.03	20:47:55.270		0.68907			4
2026.04.03	20:47:55.871	0.68902	0.68908			6
2026.04.03	20:47:56.775	0.68900	0.68910			6
2026.04.03	20:47:57.076	0.68901	0.68909			6
2026.04.03	20:47:57.976	0.68900	0.68910			6
2026.04.03	20:48:00.078	0.68900				2
2026.04.03	20:48:14.210		0.68911			4
2026.04.03	20:48:14.511	0.68902				2
2026.04.03	20:48:14.814		0.68912			4
2026.04.03	20:48:15.114	0.68903	0.68913			6
2026.04.03	20:48:16.316		0.68914			4
2026.04.03	20:48:25.638	0.68902	0.68913			6
2026.04.03	20:48:35.868		0.68912			4
2026.04.03	20:48:37.976	0.68901				2
2026.04.03	20:48:42.781	0.68912	0.68919			6
2026.04.03	20:48:43.982	0.68913	0.68920			6
2026.04.03	20:48:44.283	0.68914	0.68921			6
2026.04.03	20:48:44.887	0.68917	0.68923			6
2026.04.03	20:48:45.185	0.68919	0.68926			6
2026.04.03	20:48:45.788	0.68920	0.68925			6
2026.04.03	20:48:49.090	0.68919				2
2026.04.03	20:48:49.388	0.68920				2
2026.04.03	20:48:52.698		0.68924			4
2026.04.03	20:48:52.998	0.68917				2
2026.04.03	20:48:54.202	0.68916	0.68923			6
2026.04.03	20:48:54.503	0.68915	0.68922			6
2026.04.03	20:48:55.104	0.68913	0.68921			6
2026.04.03	20:48:55.405	0.68912	0.68920			6
2026.04.03	20:49:00.218	0.68912				2
2026.04.03	20:49:02.322	0.68913				2
2026.04.03	20:49:02.922	0.68914	0.68921			6
2026.04.03	20:49:07.132	0.68916	0.68925			6
2026.04.03	20:49:07.435	0.68918	0.68924			6
2026.04.03	20:49:07.732	0.68919	0.68925			6
2026.04.03	20:49:11.649	0.68918	0.68924			6
2026.04.03	20:49:11.946	0.68917				2
2026.04.03	20:49:12.246	0.68915	0.68923			6
2026.04.03	20:49:12.546	0.68913	0.68921			6
2026.04.03	20:49:38.411	0.68924	0.68929			6
2026.04.03	20:49:38.711	0.68923	0.68930			6
2026.04.03	20:49:39.013	0.68922				2
2026.04.03	20:49:39.314	0.68914	0.68924			6
2026.04.03	20:49:39.615	0.68899	0.68921			6
2026.04.03	20:49:39.913	0.68900	0.68920			6
2026.04.03	20:49:40.217	0.68904	0.68916			6
2026.04.03	20:49:40.515	0.68906	0.68917			6
2026.04.03	20:49:42.319	0.68907				2
2026.04.03	20:49:45.332	0.68908				2
2026.04.03	20:49:45.938		0.68919			4
2026.04.03	20:49:47.143	0.68910	0.68920			6
2026.04.03	20:49:48.350		0.68922			4
2026.04.03	20:49:48.952	0.68911				2
2026.04.03	20:49:49.256	0.68913				2
2026.04.03	20:49:54.675		0.68921			4
2026.04.03	20:50:00.082	0.68912	0.68920			6
2026.04.03	20:50:02.787	0.68919	0.68927			6
2026.04.03	20:50:03.089	0.68909	0.68919			6
2026.04.03	20:50:04.288		0.68917			4
2026.04.03	20:50:04.592		0.68918			4
2026.04.03	20:50:04.889	0.68907	0.68915			6
2026.04.03	20:50:05.190	0.68906				2
2026.04.03	20:50:06.089	0.68905	0.68913			6
2026.04.03	20:50:06.996	0.68904	0.68912			6
2026.04.03	20:50:09.101	0.68911	0.68918			6
2026.04.03	20:50:09.703		0.68919			4
2026.04.03	20:50:11.207		0.68920			4
2026.04.03	20:50:11.508		0.68919			4
2026.04.03	20:50:19.319	0.68912	0.68920			6
2026.04.03	20:50:37.082	0.68911				2
2026.04.03	20:50:38.285	0.68912				2
2026.04.03	20:50:38.585	0.68915	0.68923			6
2026.04.03	20:50:38.885		0.68924			4
2026.04.03	20:50:39.188	0.68917				2
2026.04.03	20:50:39.486	0.68906	0.68915			6
2026.04.03	20:50:39.785	0.68910	0.68917			6
2026.04.03	20:50:40.693	0.68909	0.68916			6
2026.04.03	20:50:41.596	0.68908				2
2026.04.03	20:50:42.498	0.68906	0.68915			6
2026.04.03	20:50:43.399		0.68914			4
2026.04.03	20:50:55.127	0.68907	0.68915			6
2026.04.03	20:50:55.429		0.68916			4
2026.04.03	20:50:55.729	0.68908	0.68915			6
2026.04.03	20:50:56.033	0.68909	0.68916			6
2026.04.03	20:50:56.632		0.68915			4
2026.04.03	20:50:56.934	0.68908				2
2026.04.03	20:51:00.244	0.68908				2
2026.04.03	20:51:01.747	0.68909				2
2026.04.03	20:51:02.054		0.68916			4
2026.04.03	20:51:10.180	0.68908	0.68915			6
2026.04.03	20:51:10.478	0.68907				2
2026.04.03	20:51:10.781	0.68909	0.68916			6
2026.04.03	20:51:20.403	0.68908	0.68914			6
2026.04.03	20:51:20.704	0.68907	0.68915			6
2026.04.03	20:51:21.001		0.68914			4
2026.04.03	20:51:22.803	0.68906	0.68913			6
2026.04.03	20:51:23.710	0.68907				2
2026.04.03	20:51:27.322	0.68908	0.68915			6
2026.04.03	20:51:27.622	0.68907				2
2026.04.03	20:51:27.923	0.68906	0.68916			6
2026.04.03	20:51:28.525	0.68908	0.68918			6
2026.04.03	20:51:28.827	0.68909				2
2026.04.03	20:51:29.429		0.68919			4
2026.04.03	20:51:29.735		0.68920			4
2026.04.03	20:51:30.031		0.68919			4
2026.04.03	20:51:30.632	0.68910	0.68918			6
2026.04.03	20:51:30.932	0.68908	0.68917			6
2026.04.03	20:51:31.236		0.68915			4
2026.04.03	20:51:31.836	0.68907	0.68914			6
2026.04.03	20:51:32.138		0.68913			4
2026.04.03	20:51:32.435		0.68914			4
2026.04.03	20:51:33.944	0.68908				2
2026.04.03	20:51:49.877		0.68915			4
2026.04.03	20:51:51.077		0.68914			4
2026.04.03	20:51:54.687	0.68907	0.68915			6
2026.04.03	20:52:00.099	0.68907				2
2026.04.03	20:52:04.913		0.68913			4
2026.04.03	20:52:07.321		0.68914			4
2026.04.03	20:52:07.625		0.68913			4
2026.04.03	20:52:11.237		0.68914			4
2026.04.03	20:52:14.850	0.68908				2
2026.04.03	20:52:28.989		0.68915			4
2026.04.03	20:52:29.292	0.68909				2
2026.04.03	20:52:31.998	0.68910	0.68916			6
2026.04.03	20:52:34.405	0.68909	0.68915			6
2026.04.03	20:52:34.705	0.68908				2
2026.04.03	20:52:35.911	0.68907				2
2026.04.03	20:52:36.209	0.68908				2
2026.04.03	20:52:40.414	0.68909				2
2026.04.03	20:52:43.420	0.68908				2
2026.04.03	20:53:00.259	0.68908				2
2026.04.03	20:53:11.687	0.68907	0.68914			6
2026.04.03	20:53:12.885	0.68908	0.68916			6
2026.04.03	20:53:19.803		0.68917			4
2026.04.03	20:53:25.516	0.68911	0.68918			6
2026.04.03	20:53:25.814	0.68913	0.68919			6
2026.04.03	20:53:26.117	0.68914	0.68920			6
2026.04.03	20:53:26.718	0.68913				2
2026.04.03	20:53:27.018		0.68919			4
2026.04.03	20:53:27.920	0.68910				2
2026.04.03	20:53:28.222	0.68912				2
2026.04.03	20:53:28.523	0.68913				2
2026.04.03	20:53:29.123	0.68911	0.68918			6
2026.04.03	20:53:29.424	0.68913	0.68919			6
2026.04.03	20:53:30.624	0.68910	0.68918			6
2026.04.03	20:53:30.925	0.68912				2
2026.04.03	20:53:31.525		0.68919			4
2026.04.03	20:53:31.826	0.68910	0.68917			6
2026.04.03	20:53:32.126	0.68912				2
2026.04.03	20:53:33.328	0.68910				2
2026.04.03	20:53:33.630	0.68912				2
2026.04.03	20:53:34.531	0.68910				2
2026.04.03	20:53:34.834	0.68911				2
2026.04.03	20:53:36.033	0.68912				2
2026.04.03	20:53:37.235	0.68910				2
2026.04.03	20:53:37.538	0.68911				2
2026.04.03	20:53:39.938	0.68910				2
2026.04.03	20:53:40.237	0.68911				2
2026.04.03	20:53:41.140	0.68909	0.68919			6
2026.04.03	20:53:41.438	0.68914				2
2026.04.03	20:53:42.642	0.68912	0.68920			6
2026.04.03	20:53:43.840		0.68919			4
2026.04.03	20:53:45.046	0.68910				2
2026.04.03	20:53:45.349	0.68912				2
2026.04.03	20:53:46.251	0.68910	0.68918			6
2026.04.03	20:53:46.551	0.68913				2
2026.04.03	20:53:48.960	0.68910				2
2026.04.03	20:53:49.260	0.68912				2
2026.04.03	20:53:50.465	0.68910				2
2026.04.03	20:53:50.767	0.68912				2
2026.04.03	20:53:52.878	0.68913	0.68919			6
2026.04.03	20:53:53.776	0.68914				2
2026.04.03	20:53:54.077		0.68920			4
2026.04.03	20:53:54.981	0.68913	0.68919			6
2026.04.03	20:53:56.184	0.68911				2
2026.04.03	20:53:56.486	0.68914	0.68920			6
2026.04.03	20:53:56.785	0.68913	0.68921			6
2026.04.03	20:53:57.385	0.68910	0.68920			6
2026.04.03	20:53:57.688	0.68913				2
2026.04.03	20:53:58.885		0.68921			4
2026.04.03	20:54:00.086	0.68912				2
2026.04.03	20:54:01.595	0.68914				2
2026.04.03	20:54:02.198	0.68913	0.68920			6
2026.04.03	20:54:02.501	0.68914				2
2026.04.03	20:54:02.800	0.68911				2
2026.04.03	20:54:03.102	0.68914				2
2026.04.03	20:54:04.299	0.68913				2
2026.04.03	20:54:04.598	0.68914				2
2026.04.03	20:54:05.504	0.68911				2
2026.04.03	20:54:05.803	0.68913				2
2026.04.03	20:54:06.705	0.68911				2
2026.04.03	20:54:07.004	0.68912				2
2026.04.03	20:54:07.905	0.68914	0.68919			6
2026.04.03	20:54:08.205	0.68912	0.68920			6
2026.04.03	20:54:08.512	0.68914				2
2026.04.03	20:54:09.410	0.68912				2
2026.04.03	20:54:09.714	0.68913				2
2026.04.03	20:54:10.615	0.68912				2
2026.04.03	20:54:10.918	0.68913				2
2026.04.03	20:54:11.216	0.68914				2
2026.04.03	20:54:12.118	0.68912				2
2026.04.03	20:54:12.418	0.68913				2
2026.04.03	20:54:13.619	0.68915				2
2026.04.03	20:54:14.524	0.68912				2
2026.04.03	20:54:14.822	0.68914				2
2026.04.03	20:54:15.729	0.68911	0.68919			6
2026.04.03	20:54:16.028	0.68913				2
2026.04.03	20:54:16.933	0.68911				2
2026.04.03	20:54:17.231	0.68913				2
2026.04.03	20:54:18.135	0.68910				2
2026.04.03	20:54:18.434	0.68913				2
2026.04.03	20:54:18.736		0.68920			4
2026.04.03	20:54:19.639	0.68914	0.68919			6
2026.04.03	20:54:20.849	0.68910	0.68920			6
2026.04.03	20:54:21.151	0.68912				2
2026.04.03	20:54:23.557	0.68911				2
2026.04.03	20:54:23.857	0.68912				2
2026.04.03	20:54:24.460	0.68913				2
2026.04.03	20:54:25.060	0.68910	0.68919			6
2026.04.03	20:54:25.361	0.68914				2
2026.04.03	20:54:26.260	0.68911				2
2026.04.03	20:54:26.560	0.68912	0.68921			6
2026.04.03	20:54:26.866	0.68914				2
2026.04.03	20:54:27.773	0.68911				2
2026.04.03	20:54:28.071	0.68915				2
2026.04.03	20:54:28.978	0.68911				2
2026.04.03	20:54:29.275	0.68915				2
2026.04.03	20:54:30.477	0.68916				2
2026.04.03	20:54:30.777	0.68914				2
2026.04.03	20:54:31.678	0.68912				2
2026.04.03	20:54:31.976	0.68915				2
2026.04.03	20:54:32.882	0.68912				2
2026.04.03	20:54:33.180	0.68915				2
2026.04.03	20:54:34.381	0.68914				2
2026.04.03	20:54:35.585	0.68912				2
2026.04.03	20:54:35.886	0.68914				2
2026.04.03	20:54:37.397	0.68915				2
2026.04.03	20:54:38.298	0.68914				2
2026.04.03	20:54:38.598		0.68922			4
2026.04.03	20:54:39.502	0.68912				2
2026.04.03	20:54:39.802	0.68914	0.68921			6
2026.04.03	20:54:40.706	0.68912				2
2026.04.03	20:54:41.006	0.68914				2
2026.04.03	20:54:41.908	0.68912				2
2026.04.03	20:54:42.209	0.68914				2
2026.04.03	20:54:43.411	0.68912				2
2026.04.03	20:54:43.711	0.68914				2
2026.04.03	20:54:44.914	0.68912				2
2026.04.03	20:54:45.215	0.68915				2
2026.04.03	20:54:46.425	0.68914				2
2026.04.03	20:54:47.633	0.68912				2
2026.04.03	20:54:47.932	0.68916	0.68922			6
2026.04.03	20:54:48.832	0.68913				2
2026.04.03	20:54:49.135	0.68915				2
2026.04.03	20:54:50.035	0.68913				2
2026.04.03	20:54:50.336	0.68915	0.68921			6
2026.04.03	20:54:51.540	0.68916				2
2026.04.03	20:54:52.742	0.68912				2
2026.04.03	20:54:53.043	0.68914	0.68922			6
2026.04.03	20:54:53.946	0.68912	0.68921			6
2026.04.03	20:54:54.246	0.68913				2
2026.04.03	20:54:55.454	0.68914	0.68922			6
2026.04.03	20:54:56.355	0.68916	0.68924			6
2026.04.03	20:54:57.859		0.68925			4
2026.04.03	20:54:58.460	0.68915				2
2026.04.03	20:54:59.064	0.68914	0.68923			6
2026.04.03	20:54:59.368		0.68922			4
2026.04.03	20:55:00.267	0.68915				2
2026.04.03	20:55:02.071	0.68914				2
2026.04.03	20:55:05.079		0.68923			4
2026.04.03	20:55:05.378		0.68922			4
2026.04.03	20:55:05.979		0.68923			4
2026.04.03	20:55:07.182		0.68922			4
2026.04.03	20:55:07.484		0.68923			4
2026.04.03	20:55:07.784	0.68915				2
2026.04.03	20:55:09.588		0.68922			4
2026.04.03	20:55:09.888	0.68914	0.68923			6
2026.04.03	20:55:10.192		0.68922			4
2026.04.03	20:55:10.789	0.68918	0.68924			6
2026.04.03	20:55:11.093		0.68925			4
2026.04.03	20:55:11.691		0.68926			4
2026.04.03	20:55:12.000		0.68925			4
2026.04.03	20:55:12.897		0.68926			4
2026.04.03	20:55:13.198		0.68927			4
2026.04.03	20:55:13.502	0.68919	0.68926			6
2026.04.03	20:55:15.004	0.68918	0.68927			6
2026.04.03	20:55:15.309		0.68926			4
2026.04.03	20:55:18.017		0.68927			4
2026.04.03	20:55:18.320		0.68926			4
2026.04.03	20:55:19.520	0.68919				2
2026.04.03	20:55:20.422	0.68917	0.68929			6
2026.04.03	20:55:20.725	0.68918	0.68928			6
2026.04.03	20:55:21.023	0.68919				2
2026.04.03	20:55:22.228	0.68917				2
2026.04.03	20:55:22.529	0.68918	0.68927			6
2026.04.03	20:55:23.435	0.68919	0.68926			6
2026.04.03	20:55:24.332	0.68918				2
2026.04.03	20:55:24.637		0.68925			4
2026.04.03	20:55:25.839		0.68926			4
2026.04.03	20:55:28.251	0.68919				2
2026.04.03	20:55:43.281	0.68918	0.68927			6
2026.04.03	20:55:46.885		0.68928			4
2026.04.03	20:55:47.186	0.68917				2
2026.04.03	20:55:47.488	0.68918				2
2026.04.03	20:55:49.591		0.68927			4
2026.04.03	20:55:50.494	0.68919	0.68926			6
2026.04.03	20:55:51.095	0.68916	0.68925			6
2026.04.03	20:55:51.398		0.68924			4
2026.04.03	20:55:51.995		0.68923			4
2026.04.03	20:55:52.295		0.68924			4
2026.04.03	20:55:52.596		0.68923			4
2026.04.03	20:55:53.797		0.68924			4
2026.04.03	20:55:54.702	0.68915				2
2026.04.03	20:55:55.004		0.68926			4
2026.04.03	20:55:55.304		0.68924			4
2026.04.03	20:55:57.105	0.68916				2
2026.04.03	20:55:57.405	0.68919	0.68926			6
2026.04.03	20:55:58.911	0.68918				2
2026.04.03	20:55:59.511		0.68925			4
2026.04.03	20:56:00.110	0.68918				2
2026.04.03	20:56:00.415		0.68926			4
2026.04.03	20:56:01.313	0.68919				2
2026.04.03	20:56:02.815	0.68918	0.68925			6
2026.04.03	20:56:03.116		0.68926			4
2026.04.03	20:56:04.320	0.68919				2
2026.04.03	20:56:05.819		0.68925			4
2026.04.03	20:56:06.120		0.68926			4
2026.04.03	20:56:10.628	0.68920	0.68925			6
2026.04.03	20:56:14.233	0.68919	0.68926			6
2026.04.03	20:56:21.754	0.68918				2
2026.04.03	20:56:23.261	0.68919				2
2026.04.03	20:56:29.876	0.68920	0.68925			6
2026.04.03	20:56:43.415	0.68919	0.68926			6
2026.04.03	20:56:45.819	0.68918	0.68927			6
2026.04.03	20:56:47.019	0.68919	0.68926			6
2026.04.03	20:56:47.325	0.68918				2
2026.04.03	20:56:48.223		0.68927			4
2026.04.03	20:56:48.525		0.68926			4
2026.04.03	20:56:49.425		0.68925			4
2026.04.03	20:56:50.327	0.68917				2
2026.04.03	20:56:51.529	0.68918	0.68926			6
2026.04.03	20:56:54.539		0.68927			4
2026.04.03	20:56:54.841	0.68920	0.68925			6
2026.04.03	20:57:00.259	0.68920				2
2026.04.03	20:57:02.357	0.68919	0.68926			6
2026.04.03	20:57:04.160	0.68920	0.68925			6
2026.04.03	20:57:08.676	0.68919	0.68926			6
2026.04.03	20:57:11.678	0.68920	0.68925			6
2026.04.03	20:57:12.579	0.68919				2
2026.04.03	20:57:13.183	0.68918				2
2026.04.03	20:57:16.486		0.68926			4
2026.04.03	20:57:18.293	0.68919				2
2026.04.03	20:57:20.997	0.68920	0.68925			6
2026.04.03	20:57:22.804	0.68919	0.68926			6
2026.04.03	20:57:34.230	0.68920	0.68925			6
2026.04.03	20:57:38.137	0.68919	0.68926			6
2026.04.03	20:57:39.936	0.68920	0.68925			6
2026.04.03	20:57:46.254	0.68919	0.68926			6
2026.04.03	20:57:54.080	0.68920	0.68925			6
2026.04.03	20:57:57.683	0.68919				2
2026.04.03	20:57:57.979		0.68926			4
2026.04.03	20:58:00.086	0.68919				2
2026.04.03	20:58:01.588	0.68920	0.68925			6
2026.04.03	20:58:05.499	0.68919	0.68926			6
2026.04.03	20:58:06.402	0.68920	0.68925			6
2026.04.03	20:58:09.414	0.68919	0.68926			6
2026.04.03	20:58:14.525	0.68920	0.68925			6
2026.04.03	20:58:14.822	0.68919	0.68926			6
2026.04.03	20:58:16.026	0.68920	0.68925			6
2026.04.03	20:58:20.852	0.68919	0.68926			6
2026.04.03	20:58:24.455	0.68920	0.68925			6
2026.04.03	20:58:31.376	0.68919	0.68926			6
2026.04.03	20:58:34.381	0.68920	0.68925			6
2026.04.03	20:58:36.487	0.68919	0.68926			6
2026.04.03	20:58:37.695	0.68918	0.68927			6
2026.04.03	20:58:38.000		0.68928			4
2026.04.03	20:58:40.406	0.68919				2
2026.04.03	20:58:41.007	0.68918	0.68927			6
2026.04.03	20:58:41.308	0.68919	0.68926			6
2026.04.03	20:58:57.241	0.68920	0.68925			6
2026.04.03	20:59:00.244	0.68920				2
2026.04.03	20:59:01.750	0.68919	0.68926			6
2026.04.03	20:59:08.665	0.68920	0.68925			6
2026.04.03	20:59:09.265	0.68919	0.68926			6
2026.04.03	20:59:20.387	0.68920	0.68925			6
2026.04.03	20:59:30.004	0.68919	0.68926			6
2026.04.03	20:59:39.944	0.68920				2
2026.04.03	20:59:40.545	0.68921				2
2026.04.03	20:59:40.846	0.68919				2
2026.04.03	20:59:41.446	0.68920				2
2026.04.03	20:59:42.653	0.68918	0.68927			6
2026.04.03	20:59:42.954	0.68919				2
2026.04.03	20:59:43.255	0.68920				2
2026.04.03	20:59:44.158	0.68918				2
2026.04.03	20:59:44.459	0.68920				2
2026.04.03	20:59:45.060	0.68921	0.68926			6
2026.04.03	20:59:45.662	0.68919				2
2026.04.03	20:59:45.969	0.68920	0.68927			6
2026.04.03	20:59:46.573	0.68921				2
2026.04.03	20:59:47.175	0.68919	0.68926			6
2026.04.03	20:59:47.476	0.68920				2
2026.04.03	20:59:48.678	0.68918	0.68927			6
2026.04.03	20:59:48.979	0.68921	0.68926			6
2026.04.03	20:59:49.280	0.68920	0.68927			6
2026.04.03	20:59:50.179	0.68918				2
2026.04.03	20:59:50.481	0.68919				2
2026.04.03	20:59:51.684	0.68917	0.68928			6
2026.04.03	20:59:51.986	0.68919				2
2026.04.03	20:59:53.185	0.68917				2
2026.04.03	20:59:53.785	0.68919				2
2026.04.03	20:59:54.985	0.68918	0.68929			6
2026.04.03	21:00:00.096	0.68923				2
2026.04.03	21:00:00.398	0.68924	0.68931			6
2026.04.03	21:00:00.699	0.68921	0.68929			6
2026.04.03	21:00:01.600	0.68918	0.68925			6
2026.04.03	21:00:01.898	0.68917	0.68924			6
2026.04.03	21:00:02.198	0.68915	0.68923			6
2026.04.03	21:00:02.502	0.68914	0.68922			6
2026.04.03	21:00:02.798	0.68911	0.68920			6
2026.04.03	21:00:03.099	0.68910	0.68919			6
2026.04.03	21:00:03.399		0.68918			4
2026.04.03	21:00:04.005	0.68908	0.68917			6
2026.04.03	21:00:04.302	0.68906	0.68915			6
2026.04.03	21:00:06.709	0.68908	0.68916			6
2026.04.03	21:00:07.008		0.68917			4
2026.04.03	21:00:07.309	0.68909				2
2026.04.03	21:00:08.210	0.68910	0.68918			6
2026.04.03	21:00:08.509	0.68911	0.68920			6
2026.04.03	21:00:09.110	0.68915	0.68921			6
2026.04.03	21:00:09.410	0.68919	0.68925			6
2026.04.03	21:00:09.712		0.68926			4
2026.04.03	21:00:11.814	0.68918				2
2026.04.03	21:00:12.115	0.68912	0.68924			6
2026.04.03	21:00:12.416	0.68908	0.68916			6
2026.04.03	21:00:12.719	0.68907				2
2026.04.03	21:00:13.016	0.68909				2
2026.04.03	21:00:14.519		0.68917			4
2026.04.03	21:00:15.419	0.68910	0.68918			6
2026.04.03	21:00:15.725	0.68912	0.68920			6
2026.04.03	21:00:16.921	0.68914	0.68921			6
2026.04.03	21:00:17.222	0.68915	0.68922			6
2026.04.03	21:00:17.824	0.68914				2
2026.04.03	21:00:18.427		0.68923			4
2026.04.03	21:00:18.727	0.68912	0.68921			6
2026.04.03	21:00:19.030		0.68920			4
2026.04.03	21:00:21.439	0.68911				2
2026.04.03	21:00:21.740		0.68919			4
2026.04.03	21:00:23.538	0.68910	0.68918			6
2026.04.03	21:00:25.040	0.68907	0.68916			6
2026.04.03	21:00:25.339		0.68915			4
2026.04.03	21:00:25.639		0.68916			4
2026.04.03	21:00:29.845		0.68914			4
2026.04.03	21:00:30.748	0.68906	0.68915			6
2026.04.03	21:00:31.353		0.68914			4
2026.04.03	21:00:31.952	0.68907	0.68915			6
2026.04.03	21:00:32.856	0.68905	0.68912			6
2026.04.03	21:00:33.152		0.68913			4
2026.04.03	21:00:34.957	0.68904				2
2026.04.03	21:00:44.876		0.68912			4
2026.04.03	21:00:51.483	0.68905	0.68913			6
2026.04.03	21:01:00.198	0.68905				2
2026.04.03	21:01:08.319	0.68906				2
2026.04.03	21:01:09.522	0.68905				2
2026.04.03	21:01:22.162		0.68912			4
2026.04.03	21:01:26.376	0.68904				2
2026.04.03	21:01:40.517	0.68905				2
2026.04.03	21:01:49.537		0.68913			4
2026.04.03	21:01:55.246		0.68911			4
2026.04.03	21:01:55.547		0.68912			4
2026.04.03	21:01:57.052		0.68911			4
2026.04.03	21:02:00.069	0.68905				2
2026.04.03	21:02:02.170	0.68904				2
2026.04.03	21:02:03.674	0.68906	0.68912			6
2026.04.03	21:02:03.971	0.68907	0.68913			6
2026.04.03	21:02:04.273		0.68914			4
2026.04.03	21:02:04.573	0.68908				2
2026.04.03	21:02:05.175		0.68915			4
2026.04.03	21:02:05.776	0.68909				2
2026.04.03	21:02:06.079		0.68914			4
2026.04.03	21:02:07.279		0.68915			4
2026.04.03	21:02:08.481		0.68916			4
2026.04.03	21:02:08.778		0.68915			4
2026.04.03	21:02:09.985	0.68908	0.68914			6
2026.04.03	21:02:10.288		0.68915			4
2026.04.03	21:02:10.891	0.68907	0.68914			6
2026.04.03	21:02:12.394		0.68913			4
2026.04.03	21:02:12.694	0.68906				2
2026.04.03	21:02:12.995		0.68912			4
2026.04.03	21:02:13.598	0.68902	0.68910			6
2026.04.03	21:02:13.898	0.68901	0.68909			6
2026.04.03	21:02:14.198	0.68899	0.68908			6
2026.04.03	21:02:15.103		0.68906			4
2026.04.03	21:02:20.809	0.68898	0.68905			6
2026.04.03	21:02:30.724	0.68897	0.68904			6
2026.04.03	21:02:31.023	0.68896				2
2026.04.03	21:02:31.327	0.68897				2
2026.04.03	21:03:00.214	0.68897				2
2026.04.03	21:03:14.959	0.68898				2
2026.04.03	21:03:30.904		0.68904			4
2026.04.03	21:03:53.483	0.68897				2
2026.04.03	21:03:56.191		0.68903			4
2026.04.03	21:03:57.400	0.68898	0.68904			6
2026.04.03	21:03:57.696	0.68902	0.68907			6
2026.04.03	21:03:58.000	0.68907	0.68913			6
2026.04.03	21:03:58.298	0.68908	0.68914			6
2026.04.03	21:03:58.597		0.68913			4
2026.04.03	21:03:58.900		0.68914			4
2026.04.03	21:04:00.105	0.68908				2
2026.04.03	21:04:02.809	0.68909				2
2026.04.03	21:04:04.012	0.68907	0.68918			6
2026.04.03	21:04:04.312		0.68919			4
2026.04.03	21:04:04.616	0.68905	0.68918			6
2026.04.03	21:04:04.914	0.68907	0.68920			6
2026.04.03	21:04:05.215	0.68909				2
2026.04.03	21:04:06.415	0.68908				2
2026.04.03	21:04:07.317	0.68907	0.68918			6
2026.04.03	21:04:07.620	0.68908	0.68917			6
2026.04.03	21:04:07.918	0.68910	0.68915			6
2026.04.03	21:04:08.218	0.68908	0.68914			6
2026.04.03	21:04:08.519		0.68913			4
2026.04.03	21:04:10.321		0.68914			4
2026.04.03	21:04:11.525	0.68909	0.68916			6
2026.04.03	21:04:12.124	0.68908	0.68917			6
2026.04.03	21:04:12.425		0.68918			4
2026.04.03	21:04:13.631		0.68919			4
2026.04.03	21:04:14.532	0.68909				2
2026.04.03	21:04:14.834		0.68920			4
2026.04.03	21:04:16.936	0.68908				2
2026.04.03	21:04:23.258	0.68907				2
2026.04.03	21:04:41.618	0.68909				2
2026.04.03	21:04:41.919		0.68921			4
2026.04.03	21:04:42.219	0.68910	0.68922			6
2026.04.03	21:04:42.520		0.68923			4
2026.04.03	21:04:45.226	0.68912				2
2026.04.03	21:04:45.525	0.68910	0.68924			6
2026.04.03	21:04:45.828	0.68911	0.68917			6
2026.04.03	21:04:46.125	0.68909	0.68916			6
2026.04.03	21:04:46.428	0.68908	0.68915			6
2026.04.03	21:04:46.725	0.68906	0.68912			6
2026.04.03	21:04:47.028	0.68907	0.68914			6
2026.04.03	21:04:47.634	0.68908				2
2026.04.03	21:04:52.742	0.68909	0.68915			6
2026.04.03	21:04:53.043		0.68916			4
2026.04.03	21:04:53.344	0.68908	0.68919			6
2026.04.03	21:04:53.645	0.68910	0.68922			6
2026.04.03	21:04:53.947	0.68909	0.68921			6
2026.04.03	21:04:54.254	0.68908	0.68920			6
2026.04.03	21:04:54.552	0.68906	0.68919			6
2026.04.03	21:04:54.852	0.68908	0.68917			6
2026.04.03	21:04:55.752	0.68909	0.68916			6
2026.04.03	21:04:56.656		0.68915			4
2026.04.03	21:04:58.156		0.68916			4
2026.04.03	21:04:58.459		0.68915			4
2026.04.03	21:05:00.264	0.68909				2
2026.04.03	21:05:05.376		0.68916			4
2026.04.03	21:05:10.190		0.68915			4
2026.04.03	21:05:10.793		0.68916			4
2026.04.03	21:05:25.235	0.68907	0.68918			6
2026.04.03	21:05:27.640	0.68908	0.68919			6
2026.04.03	21:05:30.646	0.68911	0.68916			6
2026.04.03	21:05:30.946	0.68906	0.68914			6
2026.04.03	21:05:31.249		0.68913			4
2026.04.03	21:05:32.750	0.68907				2
2026.04.03	21:05:33.352	0.68908	0.68914			6
2026.04.03	21:05:37.870	0.68910	0.68916			6
2026.04.03	21:05:39.374	0.68911	0.68917			6
2026.04.03	21:05:42.079		0.68916			4
2026.04.03	21:05:42.377	0.68910				2
2026.04.03	21:05:42.678	0.68911				2
2026.04.03	21:05:42.978		0.68917			4
2026.04.03	21:05:50.198		0.68916			4
2026.04.03	21:05:53.810		0.68917			4
2026.04.03	21:06:00.123	0.68911				2
2026.04.03	21:06:05.537		0.68916			4
2026.04.03	21:06:05.839	0.68908	0.68915			6
2026.04.03	21:06:06.139	0.68907	0.68913			6
2026.04.03	21:06:07.345		0.68912			4
2026.04.03	21:06:07.646	0.68906	0.68911			6
2026.04.03	21:06:07.945	0.68905				2
2026.04.03	21:06:13.659		0.68910			4
2026.04.03	21:06:13.958	0.68904	0.68909			6
2026.04.03	21:06:14.257	0.68903	0.68908			6
2026.04.03	21:06:14.557	0.68902				2
2026.04.03	21:06:16.059	0.68903				2
2026.04.03	21:06:17.264	0.68902				2
2026.04.03	21:06:18.169		0.68907			4
2026.04.03	21:06:19.978	0.68901	0.68906			6
2026.04.03	21:06:20.277	0.68900				2
2026.04.03	21:06:21.780	0.68901				2
2026.04.03	21:06:26.884		0.68907			4
2026.04.03	21:06:27.182	0.68903	0.68909			6
2026.04.03	21:06:27.487	0.68910	0.68914			6
2026.04.03	21:06:27.783	0.68911	0.68915			6
2026.04.03	21:06:28.684	0.68909	0.68914			6
2026.04.03	21:06:41.032	0.68907	0.68912			6
2026.04.03	21:06:41.631		0.68913			4
2026.04.03	21:06:41.931	0.68906	0.68911			6
2026.04.03	21:06:42.236		0.68912			4
2026.04.03	21:06:42.841	0.68905				2
2026.04.03	21:06:43.139	0.68904	0.68910			6
2026.04.03	21:06:43.438	0.68903	0.68909			6
2026.04.03	21:06:55.776		0.68908			4
2026.04.03	21:06:56.978		0.68909			4
2026.04.03	21:06:57.277	0.68905	0.68910			6
2026.04.03	21:06:57.576		0.68911			4
2026.04.03	21:06:57.876	0.68907				2
2026.04.03	21:06:58.177	0.68908	0.68912			6
2026.04.03	21:06:58.480	0.68909	0.68913			6
2026.04.03	21:06:58.780	0.68910	0.68915			6
2026.04.03	21:06:59.379		0.68916			4
2026.04.03	21:07:00.284	0.68910				2
2026.04.03	21:07:01.187		0.68915			4
2026.04.03	21:07:01.488	0.68908	0.68913			6
2026.04.03	21:07:02.087	0.68907	0.68915			6
2026.04.03	21:07:02.386		0.68912			4
2026.04.03	21:07:02.687	0.68906				2
2026.04.03	21:07:02.988	0.68904	0.68910			6
2026.04.03	21:07:03.289	0.68902	0.68912			6
2026.04.03	21:07:03.587		0.68908			4
2026.04.03	21:07:04.191	0.68903				2
2026.04.03	21:07:05.395		0.68909			4
2026.04.03	21:07:09.606		0.68910			4
2026.04.03	21:07:10.809	0.68906	0.68911			6
2026.04.03	21:07:21.338	0.68904	0.68910			6
2026.04.03	21:07:21.638	0.68901	0.68908			6
2026.04.03	21:07:21.942	0.68902				2
2026.04.03	21:07:22.539	0.68901				2
2026.04.03	21:07:24.653		0.68909			4
2026.04.03	21:07:30.663	0.68902				2
2026.04.03	21:07:37.576		0.68908			4
2026.04.03	21:07:37.877	0.68903	0.68909			6
2026.04.03	21:07:41.179	0.68901	0.68908			6
2026.04.03	21:07:41.479	0.68902				2
2026.04.03	21:07:49.300	0.68901				2
2026.04.03	21:07:51.402	0.68900				2
2026.04.03	21:08:00.125	0.68900				2
2026.04.03	21:08:01.633		0.68907			4
2026.04.03	21:08:02.232	0.68901				2
2026.04.03	21:08:04.338	0.68900				2
2026.04.03	21:08:07.649	0.68901	0.68908			6
2026.04.03	21:08:08.251	0.68903	0.68909			6
2026.04.03	21:08:08.550	0.68906	0.68911			6
2026.04.03	21:08:08.853	0.68907	0.68912			6
2026.04.03	21:08:09.451		0.68913			4
2026.04.03	21:08:09.754	0.68908				2
2026.04.03	21:08:13.063		0.68914			4
2026.04.03	21:08:13.365	0.68909				2
2026.04.03	21:08:13.664	0.68910	0.68916			6
2026.04.03	21:08:29.611	0.68911				2
2026.04.03	21:08:29.909		0.68917			4
2026.04.03	21:08:30.210	0.68912	0.68918			6
2026.04.03	21:08:32.614	0.68911	0.68917			6
2026.04.03	21:08:32.914		0.68916			4
2026.04.03	21:08:33.216	0.68910				2
2026.04.03	21:08:33.515	0.68909	0.68915			6
2026.04.03	21:08:34.115		0.68914			4
2026.04.03	21:08:36.224	0.68907				2
2026.04.03	21:08:36.823		0.68913			4
2026.04.03	21:08:38.026	0.68906				2
2026.04.03	21:08:38.326		0.68912			4
2026.04.03	21:08:38.629	0.68905	0.68911			6
2026.04.03	21:08:38.930	0.68904				2
2026.04.03	21:08:39.233	0.68903	0.68910			6
2026.04.03	21:08:39.530	0.68902	0.68909			6
2026.04.03	21:08:41.037	0.68901	0.68908			6
2026.04.03	21:08:42.237	0.68900				2
2026.04.03	21:08:50.376	0.68903	0.68909			6
2026.04.03	21:08:50.976	0.68905	0.68911			6
2026.04.03	21:08:51.277	0.68907	0.68912			6
2026.04.03	21:08:52.180		0.68913			4
2026.04.03	21:08:52.481	0.68908				2
2026.04.03	21:08:53.081		0.68914			4
2026.04.03	21:09:00.001	0.68908				2
2026.04.03	21:09:02.404		0.68915			4
2026.04.03	21:09:03.004		0.68914			4
2026.04.03	21:09:04.513	0.68906	0.68912			6
2026.04.03	21:09:04.812	0.68905				2
2026.04.03	21:09:05.116		0.68911			4
2026.04.03	21:09:05.414	0.68904	0.68910			6
2026.04.03	21:09:05.715	0.68903	0.68909			6
2026.04.03	21:09:14.132		0.68910			4
2026.04.03	21:09:27.682		0.68909			4
2026.04.03	21:09:28.584	0.68902				2
2026.04.03	21:09:34.000		0.68908			4
2026.04.03	21:09:37.003	0.68901				2
2026.04.03	21:09:46.023		0.68909			4
2026.04.03	21:10:00.159	0.68901				2
2026.04.03	21:10:00.460		0.68908			4
2026.04.03	21:10:11.587		0.68907			4
2026.04.03	21:10:23.016	0.68902				2
2026.04.03	21:10:23.317		0.68909			4
2026.04.03	21:10:23.614	0.68904				2
2026.04.03	21:10:23.919	0.68906	0.68913			6
2026.04.03	21:10:29.928	0.68907				2
2026.04.03	21:10:32.635	0.68908				2
2026.04.03	21:10:35.044		0.68914			4
2026.04.03	21:10:42.269	0.68904	0.68912			6
2026.04.03	21:10:42.571		0.68911			4
2026.04.03	21:10:43.175	0.68902	0.68909			6
2026.04.03	21:10:43.474	0.68901				2
2026.04.03	21:10:43.775		0.68908			4
2026.04.03	21:10:44.376	0.68902	0.68909			6
2026.04.03	21:10:49.191	0.68903				2
2026.04.03	21:10:49.492	0.68904	0.68910			6
2026.04.03	21:11:00.026	0.68904				2
2026.04.03	21:11:04.532	0.68905	0.68911			6
2026.04.03	21:11:04.834	0.68906	0.68912			6
2026.04.03	21:11:05.735	0.68908	0.68914			6
2026.04.03	21:11:06.037	0.68910	0.68916			6
2026.04.03	21:11:09.040		0.68915			4
2026.04.03	21:11:10.844	0.68909				2
2026.04.03	21:11:11.144	0.68907	0.68914			6
2026.04.03	21:11:11.448	0.68906	0.68912			6
2026.04.03	21:11:11.747	0.68905				2
2026.04.03	21:11:12.045		0.68911			4
2026.04.03	21:11:12.348	0.68903	0.68910			6
2026.04.03	21:11:12.648	0.68902				2
2026.04.03	21:11:14.151		0.68909			4
2026.04.03	21:11:14.452	0.68901				2
2026.04.03	21:11:20.176		0.68908			4
2026.04.03	21:11:21.677	0.68902				2
2026.04.03	21:11:21.977		0.68907			4
2026.04.03	21:11:23.181	0.68901				2
2026.04.03	21:11:29.189	0.68900				2
2026.04.03	21:11:31.599		0.68908			4
2026.04.03	21:11:31.897		0.68910			4
2026.04.03	21:11:32.798		0.68907			4
2026.04.03	21:11:46.940		0.68908			4
2026.04.03	21:11:47.237	0.68901	0.68907			6
2026.04.03	21:11:47.838		0.68908			4
2026.04.03	21:11:48.145	0.68902	0.68909			6
2026.04.03	21:11:57.780	0.68901	0.68908			6
2026.04.03	21:12:00.182	0.68902				2
2026.04.03	21:12:04.406	0.68909	0.68911			6
2026.04.03	21:12:11.630	0.68902	0.68909			6
2026.04.03	21:12:17.647		0.68910			4
2026.04.03	21:12:24.262	0.68903				2
2026.04.03	21:12:24.561	0.68906	0.68913			6
2026.04.03	21:12:24.861		0.68915			4
2026.04.03	21:12:25.162	0.68905	0.68913			6
2026.04.03	21:12:25.466	0.68904	0.68912			6
2026.04.03	21:12:25.766	0.68901	0.68910			6
2026.04.03	21:12:29.976		0.68909			4
2026.04.03	21:12:32.981	0.68902				2
2026.04.03	21:12:33.282		0.68910			4
2026.04.03	21:12:33.585	0.68903				2
2026.04.03	21:12:34.784	0.68905	0.68912			6
2026.04.03	21:12:35.084		0.68913			4
2026.04.03	21:12:35.385	0.68907				2
2026.04.03	21:12:37.795		0.68915			4
2026.04.03	21:12:38.097	0.68906	0.68914			6
2026.04.03	21:12:38.398		0.68913			4
2026.04.03	21:12:38.696	0.68905				2
2026.04.03	21:12:38.997		0.68912			4
2026.04.03	21:12:39.901	0.68904				2
2026.04.03	21:12:46.219	0.68905	0.68913			6
2026.04.03	21:12:54.940	0.68906				2
2026.04.03	21:12:56.752	0.68905				2
2026.04.03	21:12:58.855		0.68912			4
2026.04.03	21:12:59.454		0.68913			4
2026.04.03	21:13:00.056	0.68905				2
2026.04.03	21:13:02.760	0.68906				2
2026.04.03	21:13:03.969		0.68914			4
2026.04.03	21:13:07.576	0.68907				2
2026.04.03	21:13:09.082		0.68915			4
2026.04.03	21:13:18.100	0.68908				2
2026.04.03	21:13:18.999	0.68907				2
2026.04.03	21:13:19.300	0.68904	0.68912			6
2026.04.03	21:13:25.612		0.68911			4
2026.04.03	21:13:29.219		0.68912			4
2026.04.03	21:13:43.361		0.68911			4
2026.04.03	21:13:50.877		0.68912			4
2026.04.03	21:13:51.177		0.68911			4
2026.04.03	21:14:00.194	0.68904				2
2026.04.03	21:14:00.797		0.68910			4
2026.04.03	21:14:05.910	0.68903				2
2026.04.03	21:14:06.811	0.68904				2
2026.04.03	21:14:08.317	0.68903				2
2026.04.03	21:14:08.617	0.68902	0.68909			6
2026.04.03	21:14:08.918	0.68903				2
2026.04.03	21:14:09.517	0.68902				2
2026.04.03	21:14:10.117	0.68901				2
2026.04.03	21:14:10.721		0.68908			4
2026.04.03	21:14:12.225	0.68900				2
2026.04.03	21:14:12.827		0.68909			4
2026.04.03	21:14:13.126	0.68902				2
2026.04.03	21:14:14.633	0.68903	0.68910			6
2026.04.03	21:14:17.345	0.68902				2
2026.04.03	21:14:17.646		0.68908			4
2026.04.03	21:14:17.946		0.68909			4
2026.04.03	21:14:25.175	0.68903				2
2026.04.03	21:14:25.477	0.68905	0.68911			6
2026.04.03	21:14:27.578	0.68906	0.68913			6
2026.04.03	21:14:28.478	0.68905				2
2026.04.03	21:14:28.779	0.68902	0.68910			6
2026.04.03	21:14:29.680		0.68909			4
2026.04.03	21:14:32.385		0.68910			4
2026.04.03	21:14:32.685		0.68909			4
2026.04.03	21:14:33.889	0.68903	0.68910			6
2026.04.03	21:14:34.192	0.68906	0.68912			6
2026.04.03	21:14:34.493	0.68905				2
2026.04.03	21:14:35.700	0.68904				2
2026.04.03	21:14:36.001	0.68903	0.68911			6
2026.04.03	21:14:42.310		0.68910			4
2026.04.03	21:14:48.018	0.68904				2
2026.04.03	21:14:48.322		0.68911			4
2026.04.03	21:14:51.027	0.68905				2
2026.04.03	21:14:54.038	0.68904				2
2026.04.03	21:14:54.937		0.68910			4
2026.04.03	21:14:55.239		0.68911			4
2026.04.03	21:15:00.052	0.68904				2
2026.04.03	21:15:00.352	0.68905				2
2026.04.03	21:15:00.653	0.68902	0.68910			6
2026.04.03	21:15:00.958	0.68903				2
2026.04.03	21:15:02.756	0.68904	0.68911			6
2026.04.03	21:15:06.067	0.68905				2
2026.04.03	21:15:08.468	0.68904				2
2026.04.03	21:15:08.772	0.68905				2
2026.04.03	21:15:14.777	0.68904				2
2026.04.03	21:15:15.378	0.68905	0.68912			6
2026.04.03	21:15:23.494		0.68911			4
2026.04.03	21:15:24.397	0.68903	0.68915			6
2026.04.03	21:15:24.697	0.68904	0.68911			6
2026.04.03	21:15:46.341	0.68905				2
2026.04.03	21:15:58.378	0.68906	0.68912			6
2026.04.03	21:15:58.980	0.68907	0.68913			6
2026.04.03	21:16:00.182	0.68907				2
2026.04.03	21:16:01.081	0.68906				2
2026.04.03	21:16:05.585	0.68907				2
2026.04.03	21:16:18.523	0.68906				2
2026.04.03	21:16:19.422	0.68907				2
2026.04.03	21:16:41.975	0.68905	0.68914			6
2026.04.03	21:16:42.876		0.68913			4
2026.04.03	21:16:43.176		0.68914			4
2026.04.03	21:16:43.777	0.68907				2
2026.04.03	21:16:44.976	0.68906				2
2026.04.03	21:16:45.278	0.68907				2
2026.04.03	21:16:46.178	0.68906	0.68913			6
2026.04.03	21:16:46.478	0.68905				2
2026.04.03	21:16:47.380	0.68904	0.68912			6
2026.04.03	21:16:49.483	0.68905				2
2026.04.03	21:16:49.787	0.68906	0.68913			6
2026.04.03	21:16:50.686	0.68905				2
2026.04.03	21:16:51.892		0.68912			4
2026.04.03	21:17:00.032	0.68905				2
2026.04.03	21:17:02.733	0.68906	0.68913			6
2026.04.03	21:17:06.037	0.68905	0.68916			6
2026.04.03	21:17:06.337		0.68913			4
2026.04.03	21:17:13.272	0.68906				2
2026.04.03	21:17:15.376	0.68907				2
2026.04.03	21:17:15.677	0.68908	0.68914			6
2026.04.03	21:17:15.978		0.68915			4
2026.04.03	21:17:29.811	0.68907	0.68914			6
2026.04.03	21:18:00.204	0.68907				2
2026.04.03	21:18:03.209	0.68906				2
2026.04.03	21:18:03.511		0.68913			4
2026.04.03	21:18:04.112		0.68912			4
2026.04.03	21:18:04.411		0.68911			4
2026.04.03	21:18:08.925	0.68905				2
2026.04.03	21:18:11.332		0.68912			4
2026.04.03	21:18:13.137	0.68904	0.68911			6
2026.04.03	21:18:13.740	0.68903	0.68910			6
2026.04.03	21:18:15.549	0.68902				2
2026.04.03	21:18:20.965	0.68900	0.68907			6
2026.04.03	21:18:27.001	0.68901	0.68908			6
2026.04.03	21:18:27.596	0.68903	0.68910			6
2026.04.03	21:18:27.900	0.68905				2
2026.04.03	21:18:28.198	0.68906	0.68911			6
2026.04.03	21:18:28.497	0.68907	0.68912			6
2026.04.03	21:18:28.799		0.68914			4
2026.04.03	21:18:29.099	0.68908				2
2026.04.03	21:18:29.700		0.68915			4
2026.04.03	21:18:33.004		0.68916			4
2026.04.03	21:18:33.612	0.68909				2
2026.04.03	21:18:34.514	0.68908	0.68914			6
2026.04.03	21:18:34.814	0.68907	0.68913			6
2026.04.03	21:18:35.114	0.68906				2
2026.04.03	21:18:35.419	0.68905				2
2026.04.03	21:18:35.719		0.68912			4
2026.04.03	21:18:36.019	0.68904	0.68911			6
2026.04.03	21:18:36.318	0.68903				2
2026.04.03	21:18:36.918	0.68902	0.68910			6
2026.04.03	21:18:47.441		0.68909			4
2026.04.03	21:18:57.964		0.68908			4
2026.04.03	21:19:00.069	0.68902				2
2026.04.03	21:19:02.773	0.68901				2
2026.04.03	21:19:04.576	0.68902				2
2026.04.03	21:19:04.878		0.68909			4
2026.04.03	21:19:09.984	0.68903				2
2026.04.03	21:19:10.287	0.68904	0.68910			6
2026.04.03	21:19:10.584	0.68907	0.68912			6
2026.04.03	21:19:10.889		0.68913			4
2026.04.03	21:19:11.188		0.68914			4
2026.04.03	21:19:12.687	0.68906	0.68913			6
2026.04.03	21:19:12.987		0.68912			4
2026.04.03	21:19:13.287	0.68903	0.68911			6
2026.04.03	21:19:13.591	0.68904				2
2026.04.03	21:19:14.190	0.68905				2
2026.04.03	21:19:16.895	0.68904				2
2026.04.03	21:19:18.700		0.68914			4
2026.04.03	21:19:18.999		0.68911			4
2026.04.03	21:19:32.257	0.68907	0.68912			6
2026.04.03	21:19:32.555		0.68913			4
2026.04.03	21:19:43.383	0.68906				2
2026.04.03	21:19:48.799		0.68914			4
2026.04.03	21:19:49.100	0.68908	0.68916			6
2026.04.03	21:19:49.700	0.68909	0.68915			6
2026.04.03	21:19:51.807		0.68916			4
2026.04.03	21:19:56.918	0.68911				2
2026.04.03	21:19:57.222	0.68910				2
2026.04.03	21:19:57.523	0.68911	0.68917			6
2026.04.03	21:19:57.820	0.68912				2
2026.04.03	21:19:58.120	0.68911				2
2026.04.03	21:20:00.227	0.68911				2
2026.04.03	21:20:02.331	0.68910	0.68918			6
2026.04.03	21:20:02.632	0.68909	0.68916			6
2026.04.03	21:20:02.930	0.68908				2
2026.04.03	21:20:03.231	0.68907	0.68915			6
2026.04.03	21:20:04.131	0.68908				2
2026.04.03	21:20:35.409		0.68914			4
2026.04.03	21:20:35.711		0.68915			4
2026.04.03	21:20:45.926		0.68914			4
2026.04.03	21:20:55.850	0.68907				2
2026.04.03	21:20:56.151	0.68908	0.68915			6
2026.04.03	21:20:56.752	0.68909	0.68916			6
2026.04.03	21:21:00.060	0.68909				2
2026.04.03	21:21:06.982	0.68908	0.68915			6
2026.04.03	21:21:38.279	0.68910	0.68916			6
2026.04.03	21:21:38.577	0.68911				2
2026.04.03	21:21:38.877	0.68910	0.68917			6
2026.04.03	21:21:40.079	0.68911	0.68918			6
2026.04.03	21:21:45.495	0.68912				2
2026.04.03	21:21:45.799		0.68917			4
2026.04.03	21:21:46.095	0.68911				2
2026.04.03	21:22:00.251	0.68911				2
2026.04.03	21:22:12.885	0.68910	0.68918			6
2026.04.03	21:22:16.497		0.68917			4
2026.04.03	21:22:27.317	0.68909	0.68918			6
2026.04.03	21:22:29.120	0.68910	0.68917			6
2026.04.03	21:22:45.069	0.68909	0.68918			6
2026.04.03	21:22:55.593	0.68910	0.68917			6
2026.04.03	21:22:59.803	0.68911	0.68916			6
2026.04.03	21:23:00.104	0.68911				2
2026.04.03	21:23:00.703	0.68910	0.68917			6
2026.04.03	21:23:10.930		0.68916			4
2026.04.03	21:23:11.530	0.68909	0.68915			6
2026.04.03	21:23:11.831		0.68914			4
2026.04.03	21:23:12.137	0.68908				2
2026.04.03	21:23:12.433	0.68904	0.68911			6
2026.04.03	21:23:12.732	0.68903				2
2026.04.03	21:23:14.238		0.68910			4
2026.04.03	21:23:14.541	0.68902				2
2026.04.03	21:23:19.052	0.68903				2
2026.04.03	21:23:19.956		0.68911			4
2026.04.03	21:23:26.277	0.68905	0.68912			6
2026.04.03	21:23:27.479	0.68906	0.68913			6
2026.04.03	21:23:41.317	0.68907				2
2026.04.03	21:23:48.841	0.68906				2
2026.04.03	21:23:50.955	0.68905	0.68912			6
2026.04.03	21:24:00.278	0.68905				2
2026.04.03	21:24:01.482	0.68906	0.68913			6
2026.04.03	21:24:02.985	0.68905	0.68911			6
2026.04.03	21:24:09.003	0.68904				2
2026.04.03	21:24:09.303	0.68905				2
2026.04.03	21:24:12.014	0.68904				2
2026.04.03	21:24:28.867	0.68905				2
2026.04.03	21:24:29.170		0.68912			4
2026.04.03	21:24:31.576	0.68906	0.68914			6
2026.04.03	21:24:31.876	0.68909	0.68915			6
2026.04.03	21:24:32.176	0.68908				2
2026.04.03	21:24:44.812	0.68907				2
2026.04.03	21:24:45.716		0.68914			4
2026.04.03	21:24:46.018		0.68915			4
2026.04.03	21:25:00.159	0.68907				2
2026.04.03	21:25:04.067		0.68914			4
2026.04.03	21:25:04.367	0.68906	0.68913			6
2026.04.03	21:25:04.668	0.68905				2
2026.04.03	21:25:04.969	0.68906	0.68914			6
2026.04.03	21:25:05.268		0.68913			4
2026.04.03	21:25:11.577	0.68907	0.68914			6
2026.04.03	21:25:11.880	0.68908	0.68916			6
2026.04.03	21:25:12.177	0.68909				2
2026.04.03	21:25:12.479	0.68908				2
2026.04.03	21:25:14.279	0.68907				2
2026.04.03	21:25:14.579		0.68915			4
2026.04.03	21:25:14.882		0.68914			4
2026.04.03	21:25:20.896	0.68908	0.68915			6
2026.04.03	21:25:21.198		0.68916			4
2026.04.03	21:25:21.797	0.68910				2
2026.04.03	21:25:22.402		0.68915			4
2026.04.03	21:25:23.000		0.68916			4
2026.04.03	21:25:23.305	0.68909	0.68917			6
2026.04.03	21:25:24.203	0.68908	0.68916			6
2026.04.03	21:25:24.507		0.68915			4
2026.04.03	21:25:24.808	0.68907				2
2026.04.03	21:25:25.104	0.68908	0.68916			6
2026.04.03	21:25:25.711	0.68906	0.68915			6
2026.04.03	21:25:26.011		0.68914			4
2026.04.03	21:25:39.542	0.68907				2
2026.04.03	21:25:40.443	0.68908				2
2026.04.03	21:25:40.741	0.68909	0.68916			6
2026.04.03	21:25:44.352		0.68917			4
2026.04.03	21:25:50.670	0.68910	0.68916			6
2026.04.03	21:25:50.969	0.68911				2
2026.04.03	21:25:51.272	0.68912	0.68917			6
2026.04.03	21:25:51.872		0.68918			4
2026.04.03	21:25:56.378	0.68911				2
2026.04.03	21:25:57.281		0.68919			4
2026.04.03	21:25:57.583	0.68912	0.68917			6
2026.04.03	21:25:57.882	0.68910	0.68918			6
2026.04.03	21:25:58.184	0.68909	0.68917			6
2026.04.03	21:25:58.783	0.68910	0.68916			6
2026.04.03	21:26:00.286	0.68910				2
2026.04.03	21:26:00.887	0.68909	0.68917			6
2026.04.03	21:26:01.191	0.68908	0.68916			6
2026.04.03	21:26:01.495	0.68907	0.68915			6
2026.04.03	21:26:02.095	0.68904	0.68913			6
2026.04.03	21:26:02.397	0.68903				2
2026.04.03	21:26:03.297	0.68901	0.68911			6
2026.04.03	21:26:04.500		0.68909			4
2026.04.03	21:26:15.632	0.68903	0.68910			6
2026.04.03	21:26:15.932	0.68905	0.68913			6
2026.04.03	21:26:16.232	0.68906				2
2026.04.03	21:26:16.532	0.68907	0.68914			6
2026.04.03	21:26:16.833		0.68915			4
2026.04.03	21:26:17.135	0.68906	0.68914			6
2026.04.03	21:26:18.941		0.68915			4
2026.04.03	21:26:19.243		0.68914			4
2026.04.03	21:26:19.545		0.68915			4
2026.04.03	21:26:22.253	0.68905	0.68914			6
2026.04.03	21:26:24.954	0.68906				2
2026.04.03	21:26:26.755		0.68915			4
2026.04.03	21:26:29.161	0.68907				2
2026.04.03	21:26:29.762		0.68914			4
2026.04.03	21:26:30.063	0.68908	0.68915			6
2026.04.03	21:26:30.666		0.68916			4
2026.04.03	21:26:31.265		0.68915			4
2026.04.03	21:26:31.566	0.68906				2
2026.04.03	21:26:31.870	0.68907				2
2026.04.03	21:26:32.471	0.68906	0.68914			6
2026.04.03	21:26:32.767	0.68907				2
2026.04.03	21:26:33.073	0.68906	0.68915			6
2026.04.03	21:26:34.878	0.68907				2
2026.04.03	21:26:38.181	0.68908				2
2026.04.03	21:26:39.385	0.68907	0.68916			6
2026.04.03	21:26:42.686	0.68908				2
2026.04.03	21:26:44.190	0.68907	0.68915			6
2026.04.03	21:26:46.297	0.68908				2
2026.04.03	21:26:53.818	0.68907				2
2026.04.03	21:26:55.323	0.68906	0.68914			6
2026.04.03	21:26:58.334	0.68907				2
2026.04.03	21:27:00.143	0.68907				2
2026.04.03	21:27:00.742		0.68915			4
2026.04.03	21:27:01.041	0.68908				2
2026.04.03	21:27:09.458	0.68907				2
2026.04.03	21:27:09.757	0.68908	0.68916			6
2026.04.03	21:27:14.868	0.68909				2
2026.04.03	21:27:30.504	0.68908				2
2026.04.03	21:27:44.334	0.68911	0.68922			6
2026.04.03	21:27:44.631		0.68917			4
2026.04.03	21:27:44.931	0.68909				2
2026.04.03	21:27:45.231	0.68908				2
2026.04.03	21:27:45.534		0.68916			4
2026.04.03	21:27:46.437		0.68915			4
2026.04.03	21:27:47.342	0.68907				2
2026.04.03	21:27:53.361	0.68909				2
2026.04.03	21:28:00.275	0.68909				2
2026.04.03	21:28:03.577	0.68907	0.68914			6
2026.04.03	21:28:03.880		0.68915			4
2026.04.03	21:28:04.178	0.68908				2
2026.04.03	21:28:11.087		0.68916			4
2026.04.03	21:28:11.392	0.68910	0.68915			6
2026.04.03	21:28:24.028	0.68908				2
2026.04.03	21:28:24.323	0.68909	0.68916			6
2026.04.03	21:28:46.885	0.68910	0.68915			6
2026.04.03	21:28:51.697	0.68908				2
2026.04.03	21:28:55.008		0.68916			4
2026.04.03	21:28:58.315	0.68909	0.68915			6
2026.04.03	21:28:58.617		0.68917			4
2026.04.03	21:28:58.917	0.68908	0.68918			6
2026.04.03	21:28:59.215	0.68909				2
2026.04.03	21:29:00.119	0.68909				2
2026.04.03	21:29:13.345	0.68911	0.68921			6
2026.04.03	21:29:16.659	0.68912	0.68922			6
2026.04.03	21:29:22.975	0.68913	0.68923			6
2026.04.03	21:29:23.275	0.68914				2
2026.04.03	21:29:23.576		0.68924			4
2026.04.03	21:29:23.876	0.68913	0.68921			6
2026.04.03	21:29:24.176		0.68919			4
2026.04.03	21:29:24.479		0.68918			4
2026.04.03	21:29:25.078	0.68911	0.68919			6
2026.04.03	21:29:25.382	0.68910	0.68918			6
2026.04.03	21:29:25.980	0.68909	0.68917			6
2026.04.03	21:29:26.882		0.68916			4
2026.04.03	21:29:27.181		0.68917			4
2026.04.03	21:29:28.383		0.68916			4
2026.04.03	21:29:34.103	0.68910				2
2026.04.03	21:29:34.400	0.68909	0.68918			6
2026.04.03	21:29:34.700	0.68910				2
2026.04.03	21:29:35.903		0.68919			4
2026.04.03	21:29:36.204		0.68920			4
2026.04.03	21:29:37.705	0.68911				2
2026.04.03	21:29:41.016		0.68921			4
2026.04.03	21:29:42.520	0.68913	0.68922			6
2026.04.03	21:29:59.669	0.68912	0.68921			6
2026.04.03	21:30:00.268	0.68912				2
2026.04.03	21:30:10.486	0.68913				2
2026.04.03	21:30:20.713	0.68912				2
2026.04.03	21:30:21.011	0.68911				2
2026.04.03	21:30:22.213		0.68920			4
2026.04.03	21:30:27.628	0.68912	0.68922			6
2026.04.03	21:30:27.932	0.68913	0.68923			6
2026.04.03	21:30:28.234	0.68915	0.68921			6
2026.04.03	21:30:28.530	0.68913	0.68920			6
2026.04.03	21:30:28.835	0.68912	0.68918			6
2026.04.03	21:30:29.132	0.68907	0.68915			6
2026.04.03	21:30:29.430		0.68916			4
2026.04.03	21:30:29.730	0.68908	0.68917			6
2026.04.03	21:30:30.031	0.68909				2
2026.04.03	21:30:30.331	0.68911	0.68918			6
2026.04.03	21:30:30.635		0.68919			4
2026.04.03	21:30:30.933	0.68912	0.68918			6
2026.04.03	21:30:31.235	0.68911	0.68917			6
2026.04.03	21:30:35.148	0.68910				2
2026.04.03	21:30:36.656	0.68909				2
2026.04.03	21:30:36.951	0.68910				2
2026.04.03	21:30:38.754		0.68916			4
2026.04.03	21:30:39.054		0.68917			4
2026.04.03	21:30:42.972	0.68911	0.68916			6
2026.04.03	21:30:43.571	0.68909	0.68917			6
2026.04.03	21:30:45.377	0.68910				2
2026.04.03	21:30:50.486		0.68918			4
2026.04.03	21:31:00.122	0.68910				2
2026.04.03	21:31:01.926		0.68917			4
2026.04.03	21:31:02.230	0.68911	0.68916			6
2026.04.03	21:31:02.830	0.68910	0.68917			6
2026.04.03	21:31:05.837	0.68908				2
2026.04.03	21:31:07.950	0.68906	0.68915			6
2026.04.03	21:31:12.463		0.68914			4
2026.04.03	21:31:13.965	0.68907				2
2026.04.03	21:31:14.273		0.68917			4
2026.04.03	21:31:14.569	0.68914	0.68916			6
2026.04.03	21:31:23.300	0.68907	0.68915			6
2026.04.03	21:31:24.502		0.68913			4
2026.04.03	21:31:27.214	0.68906	0.68914			6
2026.04.03	21:31:29.016	0.68905	0.68912			6
2026.04.03	21:31:29.315	0.68902	0.68911			6
2026.04.03	21:31:29.918	0.68901				2
2026.04.03	21:31:30.822		0.68910			4
2026.04.03	21:31:31.422		0.68909			4
2026.04.03	21:31:36.836	0.68900				2
2026.04.03	21:31:41.947	0.68901	0.68910			6
2026.04.03	21:31:42.241	0.68904	0.68913			6
2026.04.03	21:31:42.542	0.68907				2
2026.04.03	21:31:46.455	0.68906	0.68914			6
2026.04.03	21:32:00.000	0.68906				2
2026.04.03	21:32:35.787	0.68904	0.68913			6
2026.04.03	21:32:36.088		0.68912			4
2026.04.03	21:32:36.389	0.68903	0.68911			6
2026.04.03	21:32:36.988	0.68900	0.68910			6
2026.04.03	21:32:40.303	0.68899				2
2026.04.03	21:32:47.220		0.68909			4
2026.04.03	21:32:52.633	0.68900				2
2026.04.03	21:32:53.836		0.68907			4
2026.04.03	21:32:54.137	0.68906	0.68910			6
2026.04.03	21:32:54.438	0.68900	0.68907			6
2026.04.03	21:32:54.736	0.68906	0.68910			6
2026.04.03	21:32:55.338	0.68900	0.68907			6
2026.04.03	21:32:55.638	0.68906	0.68910			6
2026.04.03	21:32:55.939	0.68900	0.68907			6
2026.04.03	21:32:56.241	0.68906	0.68910			6
2026.04.03	21:32:56.544	0.68900	0.68907			6
2026.04.03	21:32:56.843	0.68906	0.68910			6
2026.04.03	21:32:57.141	0.68900	0.68907			6
2026.04.03	21:32:57.441	0.68906	0.68910			6
2026.04.03	21:32:58.044	0.68900	0.68909			6
2026.04.03	21:33:00.150	0.68900				2
2026.04.03	21:33:37.745		0.68908			4
2026.04.03	21:33:38.648	0.68901	0.68909			6
2026.04.03	21:33:38.948		0.68910			4
2026.04.03	21:33:39.250	0.68903	0.68912			6
2026.04.03	21:33:39.550	0.68906	0.68914			6
2026.04.03	21:33:39.852	0.68907	0.68913			6
2026.04.03	21:33:40.154	0.68906	0.68914			6
2026.04.03	21:33:41.959	0.68907	0.68913			6
2026.04.03	21:33:42.259	0.68905	0.68914			6
2026.04.03	21:33:42.566	0.68904	0.68913			6
2026.04.03	21:33:42.865	0.68902	0.68912			6
2026.04.03	21:33:43.166		0.68911			4
2026.04.03	21:33:43.467	0.68900	0.68910			6
2026.04.03	21:33:43.766		0.68909			4
2026.04.03	21:34:00.011	0.68900				2
2026.04.03	21:34:10.235		0.68910			4
2026.04.03	21:34:19.555		0.68909			4
2026.04.03	21:34:19.856		0.68910			4
2026.04.03	21:34:21.359		0.68909			4
2026.04.03	21:34:28.276	0.68901				2
2026.04.03	21:34:30.979		0.68911			4
2026.04.03	21:34:40.915	0.68902				2
2026.04.03	21:34:41.517	0.68904	0.68913			6
2026.04.03	21:34:41.819	0.68906	0.68914			6
2026.04.03	21:34:43.320	0.68907	0.68913			6
2026.04.03	21:34:44.225	0.68906	0.68914			6
2026.04.03	21:34:44.523	0.68904				2
2026.04.03	21:34:44.821		0.68913			4
2026.04.03	21:34:45.125	0.68903	0.68912			6
2026.04.03	21:34:45.425	0.68901	0.68911			6
2026.04.03	21:34:50.539	0.68902				2
2026.04.03	21:34:54.457	0.68903	0.68912			6
2026.04.03	21:35:00.181	0.68903				2
2026.04.03	21:35:03.483	0.68902	0.68911			6
2026.04.03	21:35:03.783	0.68899	0.68910			6
2026.04.03	21:35:04.083		0.68909			4
2026.04.03	21:35:19.423	0.68900	0.68910			6
2026.04.03	21:35:19.723	0.68901				2
2026.04.03	21:35:20.028	0.68902	0.68912			6
2026.04.03	21:35:20.328	0.68903				2
2026.04.03	21:35:20.629	0.68904	0.68913			6
2026.04.03	21:35:20.936	0.68903				2
2026.04.03	21:35:21.235		0.68912			4
2026.04.03	21:35:21.535		0.68913			4
2026.04.03	21:35:24.846		0.68912			4
2026.04.03	21:35:25.448	0.68901	0.68911			6
2026.04.03	21:35:25.748	0.68900	0.68910			6
2026.04.03	21:35:43.195	0.68901	0.68911			6
2026.04.03	21:35:43.497	0.68903	0.68912			6
2026.04.03	21:35:44.098	0.68905	0.68913			6
2026.04.03	21:35:44.400	0.68906	0.68915			6
2026.04.03	21:35:44.701	0.68908	0.68912			6
2026.04.03	21:35:47.710	0.68907	0.68913			6
2026.04.03	21:35:48.314	0.68905	0.68914			6
2026.04.03	21:35:48.614	0.68903	0.68913			6
2026.04.03	21:35:48.916		0.68912			4
2026.04.03	21:35:49.817	0.68902	0.68911			6
2026.04.03	21:35:52.222		0.68912			4
2026.04.03	21:35:56.134	0.68903				2
2026.04.03	21:36:00.043	0.68905	0.68915			6
2026.04.03	21:36:00.646	0.68904	0.68913			6
2026.04.03	21:36:00.947	0.68903				2
2026.04.03	21:36:01.253	0.68901	0.68911			6
2026.04.03	21:36:01.850		0.68910			4
2026.04.03	21:36:05.762	0.68900				2
2026.04.03	21:36:07.574	0.68901	0.68911			6
2026.04.03	21:36:07.872	0.68903	0.68913			6
2026.04.03	21:36:08.172	0.68905	0.68914			6
2026.04.03	21:36:09.676		0.68915			4
2026.04.03	21:36:14.180	0.68907	0.68913			6
2026.04.03	21:36:16.586	0.68906	0.68914			6
2026.04.03	21:36:45.178	0.68903				2
2026.04.03	21:36:45.476	0.68898	0.68910			6
2026.04.03	21:36:46.676	0.68899				2
2026.04.03	21:36:55.712	0.68901	0.68912			6
2026.04.03	21:36:56.016	0.68903				2
2026.04.03	21:36:56.316	0.68904	0.68913			6
2026.04.03	21:36:56.615	0.68905	0.68914			6
2026.04.03	21:36:56.917	0.68907	0.68913			6
2026.04.03	21:36:57.215	0.68906	0.68914			6
2026.04.03	21:36:59.322	0.68908	0.68916			6
2026.04.03	21:37:00.227	0.68908				2
2026.04.03	21:37:02.634	0.68907				2
2026.04.03	21:37:02.935	0.68906	0.68914			6
2026.04.03	21:37:03.237	0.68907				2
2026.04.03	21:37:03.537		0.68913			4
2026.04.03	21:37:04.437	0.68905	0.68915			6
2026.04.03	21:37:04.738	0.68897	0.68908			6
2026.04.03	21:37:09.557	0.68898	0.68909			6
2026.04.03	21:37:11.361	0.68899				2
2026.04.03	21:37:16.172	0.68906	0.68910			6
2026.04.03	21:37:16.472	0.68899	0.68906			6
2026.04.03	21:37:17.375		0.68909			4
2026.04.03	21:37:23.988		0.68910			4
2026.04.03	21:37:50.172		0.68912			4
2026.04.03	21:37:50.472		0.68909			4
2026.04.03	21:37:53.777	0.68898				2
2026.04.03	21:38:00.095	0.68898				2
2026.04.03	21:38:01.001	0.68899	0.68910			6
2026.04.03	21:38:01.302	0.68900				2
2026.04.03	21:38:08.816		0.68911			4
2026.04.03	21:38:13.023	0.68899	0.68909			6
2026.04.03	21:38:17.532	0.68898				2
2026.04.03	21:38:40.992		0.68908			4
2026.04.03	21:38:44.004	0.68899	0.68909			6
2026.04.03	21:38:44.308	0.68900				2
2026.04.03	21:38:44.607		0.68910			4
2026.04.03	21:38:45.507	0.68903	0.68911			6
2026.04.03	21:38:46.711	0.68902	0.68912			6
2026.04.03	21:38:47.911	0.68901	0.68911			6
2026.04.03	21:38:49.112	0.68897	0.68908			6
2026.04.03	21:38:50.318	0.68898				2
2026.04.03	21:39:00.238	0.68898				2
2026.04.03	21:39:09.264	0.68899				2
2026.04.03	21:39:10.469	0.68900	0.68909			6
2026.04.03	21:39:10.773	0.68904	0.68911			6
2026.04.03	21:39:11.075	0.68906	0.68912			6
2026.04.03	21:39:11.974		0.68914			4
2026.04.03	21:39:17.385	0.68907	0.68913			6
2026.04.03	21:39:17.686	0.68906	0.68914			6
2026.04.03	21:39:17.987	0.68905	0.68913			6
2026.04.03	21:39:21.291	0.68904	0.68912			6
2026.04.03	21:39:21.592		0.68913			4
2026.04.03	21:39:21.891	0.68903	0.68912			6
2026.04.03	21:39:22.495	0.68899	0.68906			6
2026.04.03	21:39:22.797	0.68896	0.68907			6
2026.04.03	21:39:23.094	0.68894	0.68902			6
2026.04.03	21:39:23.397	0.68893				2
2026.04.03	21:39:23.695		0.68901			4
2026.04.03	21:39:24.300		0.68900			4
2026.04.03	21:39:24.599	0.68892				2
2026.04.03	21:39:27.607	0.68893				2
2026.04.03	21:39:28.809	0.68892				2
2026.04.03	21:39:30.312	0.68893	0.68901			6
2026.04.03	21:39:30.612	0.68894	0.68902			6
2026.04.03	21:39:30.918	0.68896	0.68903			6
2026.04.03	21:39:31.217	0.68897	0.68904			6
2026.04.03	21:39:31.515	0.68898	0.68905			6
2026.04.03	21:39:31.818	0.68899	0.68907			6
2026.04.03	21:39:32.120	0.68900				2
2026.04.03	21:39:33.020	0.68899				2
2026.04.03	21:39:33.321	0.68898				2
2026.04.03	21:39:35.122	0.68897	0.68906			6
2026.04.03	21:39:35.422	0.68896	0.68905			6
2026.04.03	21:39:37.527	0.68897				2
2026.04.03	21:39:37.826	0.68896				2
2026.04.03	21:39:39.331	0.68897	0.68904			6
2026.04.03	21:39:39.931		0.68905			4
2026.04.03	21:39:40.833		0.68907			4
2026.04.03	21:39:41.136		0.68905			4
2026.04.03	21:39:48.060		0.68906			4
2026.04.03	21:39:48.358	0.68898				2
2026.04.03	21:39:53.785	0.68899				2
2026.04.03	21:39:58.001		0.68907			4
2026.04.03	21:40:00.104	0.68899				2
2026.04.03	21:40:04.011	0.68898				2
2026.04.03	21:40:17.546	0.68899	0.68908			6
2026.04.03	21:40:20.855	0.68900	0.68907			6
2026.04.03	21:40:28.078	0.68902				2
2026.04.03	21:40:29.279	0.68901	0.68908			6
2026.04.03	21:40:42.817		0.68907			4
2026.04.03	21:40:46.430	0.68902	0.68908			6
2026.04.03	21:40:46.732	0.68903				2
2026.04.03	21:40:57.568		0.68909			4
2026.04.03	21:40:57.871	0.68902	0.68911			6
2026.04.03	21:40:58.174	0.68901				2
2026.04.03	21:41:00.277	0.68901				2
2026.04.03	21:41:01.777	0.68899	0.68910			6
2026.04.03	21:41:03.882		0.68909			4
2026.04.03	21:41:04.786	0.68898	0.68907			6
2026.04.03	21:41:05.089	0.68895	0.68905			6
2026.04.03	21:41:05.388		0.68904			4
2026.04.03	21:41:05.688		0.68905			4
2026.04.03	21:41:05.987	0.68896	0.68906			6
2026.04.03	21:41:06.286	0.68898	0.68907			6
2026.04.03	21:41:06.887	0.68899	0.68908			6
2026.04.03	21:41:07.188		0.68909			4
2026.04.03	21:41:12.004	0.68900				2
2026.04.03	21:41:19.833		0.68910			4
2026.04.03	21:41:20.134	0.68901	0.68909			6
2026.04.03	21:41:20.431	0.68902				2
2026.04.03	21:41:24.339	0.68903	0.68910			6
2026.04.03	21:41:24.938	0.68904	0.68912			6
2026.04.03	21:41:25.239	0.68902	0.68913			6
2026.04.03	21:41:25.540	0.68901	0.68912			6
2026.04.03	21:41:25.840	0.68900	0.68911			6
2026.04.03	21:41:26.141		0.68910			4
2026.04.03	21:41:26.442	0.68899	0.68909			6
2026.04.03	21:41:26.742	0.68898	0.68908			6
2026.04.03	21:41:27.043	0.68896	0.68906			6
2026.04.03	21:41:27.345	0.68895	0.68905			6
2026.04.03	21:41:27.647	0.68896	0.68906			6
2026.04.03	21:41:27.946	0.68898	0.68907			6
2026.04.03	21:41:28.248	0.68899	0.68908			6
2026.04.03	21:41:28.553		0.68909			4
2026.04.03	21:41:29.151	0.68900	0.68910			6
2026.04.03	21:41:29.452	0.68901	0.68909			6
2026.04.03	21:41:42.092	0.68902				2
2026.04.03	21:41:42.690	0.68903				2
2026.04.03	21:41:59.234		0.68908			4
2026.04.03	21:41:59.536	0.68902	0.68912			6
2026.04.03	21:42:00.137	0.68902				2
2026.04.03	21:42:02.248	0.68904	0.68910			6
2026.04.03	21:42:02.545	0.68903	0.68911			6
2026.04.03	21:42:06.461	0.68904				2
2026.04.03	21:42:16.377	0.68903	0.68913			6
2026.04.03	21:42:16.677		0.68911			4
2026.04.03	21:42:26.911	0.68902	0.68912			6
2026.04.03	21:42:27.211	0.68903	0.68910			6
2026.04.03	21:42:27.516	0.68904				2
2026.04.03	21:42:27.813		0.68912			4
2026.04.03	21:42:46.770	0.68903				2
2026.04.03	21:42:47.073		0.68911			4
2026.04.03	21:42:52.180		0.68912			4
2026.04.03	21:43:00.298	0.68903				2
2026.04.03	21:43:03.002		0.68911			4
2026.04.03	21:43:03.302	0.68904	0.68912			6
2026.04.03	21:43:03.604	0.68905				2
2026.04.03	21:43:03.906		0.68913			4
2026.04.03	21:43:04.204		0.68912			4
2026.04.03	21:43:05.108	0.68906				2
2026.04.03	21:43:05.405	0.68905				2
2026.04.03	21:43:05.706		0.68911			4
2026.04.03	21:43:06.005	0.68904				2
2026.04.03	21:43:07.210	0.68903	0.68912			6
2026.04.03	21:43:15.327	0.68904				2
2026.04.03	21:43:20.436	0.68905	0.68911			6
2026.04.03	21:43:21.037	0.68904				2
2026.04.03	21:43:21.940	0.68905				2
2026.04.03	21:43:52.337	0.68904				2
2026.04.03	21:44:00.150	0.68904				2
2026.04.03	21:44:01.658	0.68903	0.68912			6
2026.04.03	21:44:04.063		0.68913			4
2026.04.03	21:44:23.319		0.68912			4
2026.04.03	21:44:25.422		0.68913			4
2026.04.03	21:44:27.832	0.68902	0.68912			6
2026.04.03	21:44:29.337	0.68901	0.68911			6
2026.04.03	21:44:29.639	0.68899	0.68910			6
2026.04.03	21:44:29.944	0.68897	0.68908			6
2026.04.03	21:44:30.243	0.68894	0.68905			6
2026.04.03	21:44:30.845	0.68896	0.68907			6
2026.04.03	21:44:31.748	0.68898	0.68908			6
2026.04.03	21:44:32.050	0.68897				2
2026.04.03	21:44:32.352	0.68898				2
2026.04.03	21:44:32.652	0.68897				2
2026.04.03	21:44:32.953		0.68907			4
2026.04.03	21:44:37.156	0.68898	0.68909			6
2026.04.03	21:44:39.561	0.68899	0.68910			6
2026.04.03	21:44:39.861	0.68900				2
2026.04.03	21:44:41.362	0.68901				2
2026.04.03	21:44:41.962	0.68902	0.68909			6
2026.04.03	21:44:47.976	0.68903				2
2026.04.03	21:45:00.000	0.68903				2
2026.04.03	21:45:00.602	0.68902	0.68912			6
2026.04.03	21:45:01.503	0.68899	0.68911			6
2026.04.03	21:45:01.803	0.68897	0.68908			6
2026.04.03	21:45:02.107	0.68894	0.68906			6
2026.04.03	21:45:03.009	0.68895				2
2026.04.03	21:45:03.610	0.68896				2
2026.04.03	21:45:04.811		0.68907			4
2026.04.03	21:45:06.618	0.68897				2
2026.04.03	21:45:07.221	0.68899	0.68909			6
2026.04.03	21:45:07.518	0.68900				2
2026.04.03	21:45:07.818		0.68910			4
2026.04.03	21:45:08.118	0.68901	0.68911			6
2026.04.03	21:45:08.719	0.68903	0.68912			6
2026.04.03	21:45:17.147	0.68902				2
2026.04.03	21:45:22.869	0.68903	0.68911			6
2026.04.03	21:45:23.772		0.68912			4
2026.04.03	21:45:25.276	0.68904				2
2026.04.03	21:45:33.994	0.68901				2
2026.04.03	21:45:37.303		0.68913			4
2026.04.03	21:45:39.711		0.68912			4
2026.04.03	21:45:56.858	0.68902	0.68913			6
2026.04.03	21:46:00.169	0.68902				2
2026.04.03	21:46:03.177	0.68901	0.68912			6
2026.04.03	21:46:03.484	0.68900	0.68911			6
2026.04.03	21:46:04.086	0.68898	0.68909			6
2026.04.03	21:46:04.987		0.68910			4
2026.04.03	21:46:05.289	0.68899				2
2026.04.03	21:46:09.196	0.68901				2
2026.04.03	21:46:09.497		0.68911			4
2026.04.03	21:46:11.299		0.68912			4
2026.04.03	21:46:18.515		0.68911			4
2026.04.03	21:46:23.923		0.68910			4
2026.04.03	21:46:27.834		0.68911			4
2026.04.03	21:46:30.250	0.68902				2
2026.04.03	21:46:50.415	0.68901				2
2026.04.03	21:46:51.019	0.68902				2
2026.04.03	21:46:51.618	0.68903	0.68912			6
2026.04.03	21:46:52.521	0.68904				2
2026.04.03	21:46:53.732	0.68905	0.68911			6
2026.04.03	21:46:56.137	0.68904	0.68912			6
2026.04.03	21:46:56.439	0.68903				2
2026.04.03	21:46:58.851	0.68902				2
2026.04.03	21:46:59.153		0.68910			4
2026.04.03	21:47:00.058	0.68902	0.68911			6
2026.04.03	21:47:01.270		0.68910			4
2026.04.03	21:47:01.867	0.68901				2
2026.04.03	21:47:02.169		0.68913			4
2026.04.03	21:47:02.473		0.68909			4
2026.04.03	21:47:02.773		0.68910			4
2026.04.03	21:47:03.073		0.68909			4
2026.04.03	21:47:03.375		0.68910			4
2026.04.03	21:47:04.577		0.68909			4
2026.04.03	21:47:04.877	0.68898	0.68908			6
2026.04.03	21:47:05.179	0.68899				2
2026.04.03	21:47:11.500		0.68909			4
2026.04.03	21:47:11.801	0.68900				2
2026.04.03	21:47:12.104		0.68910			4
2026.04.03	21:47:12.400	0.68902				2
2026.04.03	21:47:12.700		0.68911			4
2026.04.03	21:47:13.302		0.68908			4
2026.04.03	21:47:24.141		0.68911			4
2026.04.03	21:47:26.246	0.68901	0.68910			6
2026.04.03	21:47:26.847		0.68911			4
2026.04.03	21:47:29.255		0.68912			4
2026.04.03	21:47:29.556		0.68911			4
2026.04.03	21:47:32.861	0.68902	0.68912			6
2026.04.03	21:47:33.166		0.68911			4
2026.04.03	21:47:35.574	0.68901	0.68910			6
2026.04.03	21:47:37.680	0.68900				2
2026.04.03	21:47:37.979		0.68908			4
2026.04.03	21:47:39.786	0.68899				2
2026.04.03	21:47:44.303		0.68909			4
2026.04.03	21:47:57.833	0.68900	0.68910			6
2026.04.03	21:47:58.135		0.68909			4
2026.04.03	21:47:58.437	0.68901	0.68911			6
2026.04.03	21:48:00.244	0.68901				2
2026.04.03	21:48:01.753	0.68903	0.68912			6
2026.04.03	21:48:02.054	0.68904	0.68911			6
2026.04.03	21:48:04.758		0.68910			4
2026.04.03	21:48:06.867	0.68902	0.68912			6
2026.04.03	21:48:07.169		0.68911			4
2026.04.03	21:48:08.069	0.68901				2
2026.04.03	21:48:11.676		0.68909			4
2026.04.03	21:48:11.977		0.68910			4
2026.04.03	21:48:12.280		0.68912			4
2026.04.03	21:48:12.580		0.68909			4
2026.04.03	21:48:12.878		0.68910			4
2026.04.03	21:48:13.177		0.68909			4
2026.04.03	21:48:14.981		0.68910			4
2026.04.03	21:48:15.581	0.68900	0.68909			6
2026.04.03	21:48:18.900	0.68901	0.68910			6
2026.04.03	21:48:19.501		0.68911			4
2026.04.03	21:48:21.605		0.68910			4
2026.04.03	21:48:29.418		0.68911			4
2026.04.03	21:48:29.720		0.68910			4
2026.04.03	21:48:30.019		0.68911			4
2026.04.03	21:48:31.525		0.68910			4
2026.04.03	21:48:33.927	0.68900				2
2026.04.03	21:48:37.845	0.68901				2
2026.04.03	21:48:39.646		0.68911			4
2026.04.03	21:48:39.949	0.68902				2
2026.04.03	21:48:42.353	0.68901				2
2026.04.03	21:48:42.658	0.68900	0.68910			6
2026.04.03	21:48:42.956	0.68899	0.68909			6
2026.04.03	21:48:43.258		0.68908			4
2026.04.03	21:48:44.456		0.68909			4
2026.04.03	21:48:45.962	0.68897	0.68907			6
2026.04.03	21:48:49.276		0.68906			4
2026.04.03	21:48:53.788	0.68898				2
2026.04.03	21:48:54.091		0.68907			4
2026.04.03	21:48:54.388	0.68899	0.68908			6
2026.04.03	21:48:54.691	0.68900	0.68909			6
2026.04.03	21:48:55.596	0.68901	0.68910			6
2026.04.03	21:49:00.112	0.68901				2
2026.04.03	21:49:05.832	0.68898	0.68908			6
2026.04.03	21:49:06.135		0.68907			4
2026.04.03	21:49:07.037	0.68896	0.68906			6
2026.04.03	21:49:12.760	0.68897	0.68905			6
2026.04.03	21:49:13.059	0.68894	0.68904			6
2026.04.03	21:49:13.361	0.68893	0.68903			6
2026.04.03	21:49:13.664	0.68894	0.68904			6
2026.04.03	21:49:13.965	0.68895				2
2026.04.03	21:49:21.785	0.68896				2
2026.04.03	21:49:24.192	0.68897	0.68906			6
2026.04.03	21:49:25.096		0.68907			4
2026.04.03	21:49:25.398	0.68899				2
2026.04.03	21:49:26.000		0.68908			4
2026.04.03	21:49:26.899	0.68900				2
2026.04.03	21:49:27.505		0.68909			4
2026.04.03	21:49:28.102	0.68901				2
2026.04.03	21:49:32.911	0.68902	0.68908			6
2026.04.03	21:49:38.919		0.68910			4
2026.04.03	21:49:39.223	0.68901				2
2026.04.03	21:49:39.822	0.68899	0.68908			6
2026.04.03	21:49:40.123	0.68898	0.68907			6
2026.04.03	21:49:41.630	0.68899	0.68908			6
2026.04.03	21:49:42.230	0.68900	0.68909			6
2026.04.03	21:49:42.531	0.68899	0.68908			6
2026.04.03	21:49:42.831		0.68909			4
2026.04.03	21:49:43.131		0.68908			4
2026.04.03	21:49:51.257		0.68909			4
2026.04.03	21:50:00.280	0.68899				2
2026.04.03	21:50:03.888		0.68908			4
2026.04.03	21:50:04.191	0.68893	0.68903			6
2026.04.03	21:50:04.490		0.68904			4
2026.04.03	21:50:04.795		0.68905			4
2026.04.03	21:50:05.091		0.68904			4
2026.04.03	21:50:05.391	0.68895	0.68905			6
2026.04.03	21:50:06.293	0.68896				2
2026.04.03	21:50:10.801		0.68906			4
2026.04.03	21:50:11.102	0.68897				2
2026.04.03	21:50:11.707		0.68907			4
2026.04.03	21:50:12.002	0.68898				2
2026.04.03	21:50:12.305		0.68908			4
2026.04.03	21:50:13.509	0.68900	0.68909			6
2026.04.03	21:50:16.521	0.68899				2
2026.04.03	21:50:16.818		0.68908			4
2026.04.03	21:50:18.023		0.68909			4
2026.04.03	21:50:49.926	0.68900				2
2026.04.03	21:50:59.858		0.68910			4
2026.04.03	21:51:00.160	0.68900				2
2026.04.03	21:51:04.666		0.68909			4
2026.04.03	21:51:05.269	0.68898	0.68910			6
2026.04.03	21:51:05.571	0.68897	0.68907			6
2026.04.03	21:51:11.581	0.68898				2
2026.04.03	21:51:22.716	0.68899	0.68908			6
2026.04.03	21:51:34.154	0.68898				2
2026.04.03	21:51:34.455	0.68899	0.68909			6
2026.04.03	21:51:43.185	0.68900				2
2026.04.03	21:51:44.087		0.68910			4
2026.04.03	21:51:47.403	0.68899				2
2026.04.03	21:51:47.703		0.68911			4
2026.04.03	21:51:48.005	0.68900				2
2026.04.03	21:51:51.011		0.68910			4
2026.04.03	21:51:53.417		0.68911			4
2026.04.03	21:51:54.620		0.68910			4
2026.04.03	21:51:58.832	0.68899				2
2026.04.03	21:51:59.132		0.68909			4
2026.04.03	21:52:00.034	0.68899				2
2026.04.03	21:52:02.438	0.68898				2
2026.04.03	21:52:02.742	0.68896	0.68906			6
2026.04.03	21:52:03.043	0.68894	0.68905			6
2026.04.03	21:52:03.949	0.68892	0.68903			6
2026.04.03	21:52:04.846	0.68889	0.68901			6
2026.04.03	21:52:05.447	0.68888				2
2026.04.03	21:52:06.048		0.68900			4
2026.04.03	21:52:06.652	0.68887	0.68898			6
2026.04.03	21:52:06.952	0.68886				2
2026.04.03	21:52:07.250	0.68889	0.68901			6
2026.04.03	21:52:07.555	0.68891				2
2026.04.03	21:52:07.854		0.68902			4
2026.04.03	21:52:08.753	0.68893	0.68903			6
2026.04.03	21:52:09.051	0.68894				2
2026.04.03	21:52:09.354	0.68895	0.68905			6
2026.04.03	21:52:09.956	0.68896				2
2026.04.03	21:52:10.859		0.68907			4
2026.04.03	21:52:11.158	0.68898				2
2026.04.03	21:52:12.356		0.68908			4
2026.04.03	21:52:12.961	0.68899	0.68910			6
2026.04.03	21:52:13.559	0.68901	0.68909			6
2026.04.03	21:52:17.773	0.68900	0.68910			6
2026.04.03	21:52:18.975	0.68899				2
2026.04.03	21:52:19.276	0.68898	0.68909			6
2026.04.03	21:52:19.576		0.68908			4
2026.04.03	21:52:20.481	0.68897	0.68907			6
2026.04.03	21:52:20.779		0.68906			4
2026.04.03	21:52:27.100		0.68907			4
2026.04.03	21:52:30.717		0.68908			4
2026.04.03	21:52:31.322	0.68899				2
2026.04.03	21:52:32.223		0.68909			4
2026.04.03	21:52:49.382	0.68900	0.68910			6
2026.04.03	21:52:49.681	0.68899	0.68909			6
2026.04.03	21:52:52.085	0.68898	0.68908			6
2026.04.03	21:52:54.186		0.68909			4
2026.04.03	21:53:00.199	0.68898				2
2026.04.03	21:53:03.204	0.68894	0.68905			6
2026.04.03	21:53:08.922	0.68895				2
2026.04.03	21:53:09.223	0.68896	0.68906			6
2026.04.03	21:53:09.824	0.68897				2
2026.04.03	21:53:10.727		0.68907			4
2026.04.03	21:53:23.071	0.68896				2
2026.04.03	21:53:27.284		0.68906			4
2026.04.03	21:53:29.087		0.68907			4
2026.04.03	21:53:29.988	0.68897				2
2026.04.03	21:53:30.291	0.68898				2
2026.04.03	21:53:31.190	0.68897	0.68908			6
2026.04.03	21:53:31.493		0.68907			4
2026.04.03	21:53:33.596	0.68896				2
2026.04.03	21:53:42.916	0.68897				2
2026.04.03	21:53:44.116		0.68906			4
2026.04.03	21:53:44.418	0.68895	0.68905			6
2026.04.03	21:53:44.721	0.68894	0.68904			6
2026.04.03	21:53:46.521		0.68903			4
2026.04.03	21:53:47.721		0.68902			4
2026.04.03	21:53:48.022		0.68903			4
2026.04.03	21:53:48.625		0.68904			4
2026.04.03	21:53:54.338		0.68905			4
2026.04.03	21:53:54.940		0.68904			4
2026.04.03	21:54:00.059	0.68894				2
2026.04.03	21:54:01.869		0.68905			4
2026.04.03	21:54:04.576		0.68904			4
2026.04.03	21:54:05.178		0.68903			4
2026.04.03	21:54:05.478	0.68893				2
2026.04.03	21:54:11.187	0.68894	0.68904			6
2026.04.03	21:54:12.389	0.68895	0.68905			6
2026.04.03	21:54:16.604	0.68894	0.68904			6
2026.04.03	21:54:16.903		0.68906			4
2026.04.03	21:54:17.205		0.68904			4
2026.04.03	21:54:17.505	0.68893				2
2026.04.03	21:54:25.026	0.68894				2
2026.04.03	21:54:35.858	0.68896				2
2026.04.03	21:54:36.158	0.68897	0.68903			6
2026.04.03	21:54:39.473	0.68895				2
2026.04.03	21:54:39.772	0.68893	0.68904			6
2026.04.03	21:54:40.072	0.68890	0.68902			6
2026.04.03	21:54:42.479		0.68901			4
2026.04.03	21:54:42.779	0.68891				2
2026.04.03	21:54:43.380		0.68902			4
2026.04.03	21:54:44.282	0.68892				2
2026.04.03	21:54:47.587	0.68893	0.68903			6
2026.04.03	21:54:49.693	0.68894	0.68905			6
2026.04.03	21:54:50.300		0.68904			4
2026.04.03	21:54:54.206	0.68895	0.68905			6
2026.04.03	21:54:58.411	0.68894				2
2026.04.03	21:54:59.309		0.68903			4
2026.04.03	21:54:59.610		0.68904			4
2026.04.03	21:55:00.219	0.68894				2
2026.04.03	21:55:02.017		0.68905			4
2026.04.03	21:55:02.316	0.68895				2
2026.04.03	21:55:05.624	0.68893	0.68904			6
2026.04.03	21:55:05.923		0.68903			4
2026.04.03	21:55:06.226	0.68892				2
2026.04.03	21:55:06.521	0.68893				2
2026.04.03	21:55:10.427		0.68904			4
2026.04.03	21:55:10.729		0.68903			4
2026.04.03	21:55:14.343		0.68904			4
2026.04.03	21:55:16.452		0.68903			4
2026.04.03	21:55:17.354		0.68904			4
2026.04.03	21:55:18.258		0.68902			4
2026.04.03	21:55:18.561	0.68892				2
2026.04.03	21:55:21.875	0.68891				2
2026.04.03	21:55:24.879	0.68892	0.68903			6
2026.04.03	21:55:35.409	0.68893				2
2026.04.03	21:55:36.312	0.68892				2
2026.04.03	21:55:37.215		0.68905			4
2026.04.03	21:55:37.518		0.68902			4
2026.04.03	21:55:38.419		0.68903			4
2026.04.03	21:55:38.720		0.68902			4
2026.04.03	21:55:40.532	0.68891				2
2026.04.03	21:55:41.131		0.68901			4
2026.04.03	21:55:43.537	0.68890				2
2026.04.03	21:55:50.455		0.68900			4
2026.04.03	21:56:00.082	0.68890				2
2026.04.03	21:56:04.586		0.68901			4
2026.04.03	21:56:09.699	0.68889	0.68900			6
2026.04.03	21:56:10.901	0.68888	0.68899			6
2026.04.03	21:56:23.534	0.68887	0.68897			6
2026.04.03	21:56:23.832	0.68886				2
2026.04.03	21:56:24.134	0.68887	0.68898			6
2026.04.03	21:56:24.735	0.68886	0.68897			6
2026.04.03	21:56:34.969		0.68896			4
2026.04.03	21:56:50.602	0.68885	0.68895			6
2026.04.03	21:56:55.413	0.68886	0.68898			6
2026.04.03	21:56:55.715	0.68885	0.68895			6
2026.04.03	21:56:56.014	0.68884				2
2026.04.03	21:56:56.916	0.68885				2
2026.04.03	21:56:59.029		0.68896			4
2026.04.03	21:57:00.236	0.68885				2
2026.04.03	21:57:04.444	0.68884	0.68894			6
2026.04.03	21:57:04.747	0.68883	0.68893			6
2026.04.03	21:57:05.046	0.68882	0.68892			6
2026.04.03	21:57:06.249	0.68883	0.68891			6
2026.04.03	21:57:07.452		0.68892			4
2026.04.03	21:57:16.778	0.68884	0.68893			6
2026.04.03	21:57:17.079	0.68885	0.68894			6
2026.04.03	21:57:18.279		0.68893			4
2026.04.03	21:57:19.181		0.68894			4
2026.04.03	21:57:21.590	0.68884				2
2026.04.03	21:57:21.888		0.68893			4
2026.04.03	21:57:27.903	0.68885				2
2026.04.03	21:57:28.203		0.68894			4
2026.04.03	21:57:39.025	0.68886				2
2026.04.03	21:57:39.329	0.68887				2
2026.04.03	21:57:39.626		0.68893			4
2026.04.03	21:57:39.927	0.68888				2
2026.04.03	21:57:41.730		0.68894			4
2026.04.03	21:57:45.035		0.68893			4
2026.04.03	21:57:45.337	0.68889				2
2026.04.03	21:57:46.238	0.68888	0.68894			6
2026.04.03	21:57:49.546	0.68889				2
2026.04.03	21:57:50.452	0.68887	0.68895			6
2026.04.03	21:57:50.750	0.68888	0.68894			6
2026.04.03	21:57:51.952		0.68896			4
2026.04.03	21:58:00.081	0.68888				2
2026.04.03	21:58:00.980	0.68889	0.68897			6
2026.04.03	21:58:01.282		0.68898			4
2026.04.03	21:58:01.580		0.68897			4
2026.04.03	21:58:09.105		0.68899			4
2026.04.03	21:58:10.006	0.68890				2
2026.04.03	21:58:10.309	0.68888	0.68896			6
2026.04.03	21:58:10.607		0.68895			4
2026.04.03	21:58:10.910		0.68896			4
2026.04.03	21:58:11.507	0.68889				2
2026.04.03	21:58:12.715		0.68897			4
2026.04.03	21:58:16.022		0.68898			4
2026.04.03	21:58:19.332	0.68890				2
2026.04.03	21:58:20.833		0.68899			4
2026.04.03	21:58:31.661		0.68900			4
2026.04.03	21:58:31.961	0.68891				2
2026.04.03	21:58:36.176	0.68890				2
2026.04.03	21:58:36.478	0.68891				2
2026.04.03	21:58:44.593	0.68892				2
2026.04.03	21:59:00.243	0.68892				2
2026.04.03	21:59:00.849	0.68891				2
2026.04.03	21:59:01.448	0.68892				2
2026.04.03	21:59:16.502	0.68893	0.68901			6
2026.04.03	21:59:16.804	0.68892	0.68900			6
2026.04.03	21:59:17.403	0.68893	0.68901			6
2026.04.03	21:59:30.355	0.68892	0.68900			6
2026.04.03	21:59:31.559	0.68891				2
2026.04.03	21:59:32.165	0.68892				2
2026.04.03	21:59:37.277		0.68901			4
2026.04.03	21:59:37.578		0.68900			4
2026.04.03	21:59:53.532		0.68899			4
2026.04.03	21:59:53.835	0.68891				2
2026.04.03	21:59:55.037	0.68892	0.68900			6
2026.04.03	22:00:00.158	0.68892	0.68898			6
2026.04.03	22:00:00.457	0.68882	0.68891			6
2026.04.03	22:00:00.757	0.68883				2
2026.04.03	22:00:01.054	0.68882	0.68890			6
2026.04.03	22:00:01.354	0.68881				2
2026.04.03	22:00:01.654	0.68882	0.68891			6
2026.04.03	22:00:02.557	0.68879	0.68889			6
2026.04.03	22:00:03.462		0.68891			4
2026.04.03	22:00:03.763	0.68878	0.68889			6
2026.04.03	22:00:05.868		0.68888			4
2026.04.03	22:00:06.170	0.68876	0.68887			6
2026.04.03	22:00:06.474		0.68888			4
2026.04.03	22:00:08.276	0.68877	0.68887			6
2026.04.03	22:00:09.476	0.68876				2
2026.04.03	22:00:12.784	0.68875	0.68886			6
2026.04.03	22:00:13.083	0.68874				2
2026.04.03	22:00:17.295	0.68873	0.68883			6
2026.04.03	22:00:17.899	0.68871	0.68882			6
2026.04.03	22:00:19.097	0.68872				2
2026.04.03	22:00:23.308	0.68871	0.68881			6
2026.04.03	22:00:28.115		0.68880			4
2026.04.03	22:00:42.548		0.68879			4
2026.04.03	22:00:44.052		0.68880			4
2026.04.03	22:00:50.671	0.68872	0.68881			6
2026.04.03	22:00:52.774		0.68882			4
2026.04.03	22:00:53.074	0.68871	0.68880			6
2026.04.03	22:00:53.676	0.68872	0.68881			6
2026.04.03	22:00:55.177	0.68874				2
2026.04.03	22:00:55.479		0.68882			4
2026.04.03	22:00:55.777	0.68873				2
2026.04.03	22:00:56.678	0.68874	0.68883			6
2026.04.03	22:00:57.278	0.68873	0.68882			6
2026.04.03	22:01:00.286	0.68873				2
2026.04.03	22:01:02.089	0.68875	0.68881			6
2026.04.03	22:01:02.390		0.68884			4
2026.04.03	22:01:02.990	0.68874	0.68882			6
2026.04.03	22:01:03.592	0.68873				2
2026.04.03	22:01:10.810	0.68874	0.68883			6
2026.04.03	22:01:19.531	0.68873				2
2026.04.03	22:01:29.449	0.68875				2
2026.04.03	22:01:30.347	0.68876				2
2026.04.03	22:01:33.656	0.68875				2
2026.04.03	22:01:34.259	0.68874	0.68884			6
2026.04.03	22:01:39.376	0.68873	0.68883			6
2026.04.03	22:01:47.187	0.68874				2
2026.04.03	22:01:48.693	0.68872				2
2026.04.03	22:01:51.101	0.68873	0.68882			6
2026.04.03	22:01:54.405	0.68875	0.68883			6
2026.04.03	22:01:54.706	0.68876				2
2026.04.03	22:01:56.514	0.68875				2
2026.04.03	22:01:56.812	0.68873				2
2026.04.03	22:01:57.115		0.68881			4
2026.04.03	22:02:00.124	0.68873				2
2026.04.03	22:02:02.223	0.68875	0.68886			6
2026.04.03	22:02:02.824	0.68876	0.68887			6
2026.04.03	22:02:03.129	0.68888	0.68894			6
2026.04.03	22:02:03.425	0.68889	0.68896			6
2026.04.03	22:02:03.726	0.68887	0.68895			6
2026.04.03	22:02:04.325	0.68890	0.68897			6
2026.04.03	22:02:04.623		0.68896			4
2026.04.03	22:02:04.924	0.68879	0.68887			6
2026.04.03	22:02:05.225	0.68878				2
2026.04.03	22:02:05.827	0.68877	0.68886			6
2026.04.03	22:02:07.934		0.68885			4
2026.04.03	22:02:09.132		0.68886			4
2026.04.03	22:02:16.656	0.68875	0.68884			6
2026.04.03	22:02:16.956		0.68885			4
2026.04.03	22:02:22.676	0.68876				2
2026.04.03	22:02:31.103	0.68874	0.68883			6
2026.04.03	22:02:32.305	0.68873	0.68881			6
2026.04.03	22:02:32.607	0.68874	0.68886			6
2026.04.03	22:02:33.212		0.68881			4
2026.04.03	22:02:43.431		0.68882			4
2026.04.03	22:02:51.253		0.68886			4
2026.04.03	22:02:52.154		0.68881			4
2026.04.03	22:03:00.275	0.68874				2
2026.04.03	22:03:02.077	0.68877	0.68884			6
2026.04.03	22:03:02.377	0.68884	0.68890			6
2026.04.03	22:03:02.677	0.68883				2
2026.04.03	22:03:04.478		0.68893			4
2026.04.03	22:03:04.780		0.68892			4
2026.04.03	22:03:05.080	0.68875	0.68883			6
2026.04.03	22:03:05.681		0.68882			4
2026.04.03	22:03:06.583	0.68874				2
2026.04.03	22:03:10.486	0.68873				2
2026.04.03	22:03:10.787	0.68874				2
2026.04.03	22:03:17.402		0.68883			4
2026.04.03	22:03:21.909		0.68882			4
2026.04.03	22:03:22.509	0.68873				2
2026.04.03	22:03:23.110	0.68874				2
2026.04.03	22:03:23.412	0.68873				2
2026.04.03	22:03:36.632	0.68874				2
2026.04.03	22:03:39.039	0.68873				2
2026.04.03	22:03:40.840	0.68874				2
2026.04.03	22:03:41.145	0.68873				2
2026.04.03	22:03:41.744	0.68874	0.68883			6
2026.04.03	22:03:50.773	0.68876	0.68886			6
2026.04.03	22:03:51.078		0.68883			4
2026.04.03	22:03:51.376		0.68884			4
2026.04.03	22:03:52.578		0.68885			4
2026.04.03	22:03:53.479	0.68875				2
2026.04.03	22:04:00.091	0.68875				2
2026.04.03	22:04:02.199		0.68882			4
2026.04.03	22:04:04.302	0.68874				2
2026.04.03	22:04:06.705		0.68881			4
2026.04.03	22:04:16.928		0.68882			4
2026.04.03	22:04:17.229		0.68885			4
2026.04.03	22:04:17.830	0.68875	0.68882			6
2026.04.03	22:04:18.130	0.68874	0.68883			6
2026.04.03	22:04:18.431		0.68882			4
2026.04.03	22:04:24.743	0.68875				2
2026.04.03	22:04:25.347	0.68874				2
2026.04.03	22:04:25.643	0.68875				2
2026.04.03	22:04:25.943	0.68874				2
2026.04.03	22:04:26.243	0.68875				2
2026.04.03	22:04:27.748	0.68874				2
2026.04.03	22:04:28.952	0.68875				2
2026.04.03	22:04:29.255	0.68874				2
2026.04.03	22:04:29.856	0.68875				2
2026.04.03	22:04:30.159	0.68874				2
2026.04.03	22:04:34.376		0.68881			4
2026.04.03	22:04:34.675	0.68868	0.68874			6
2026.04.03	22:04:34.978	0.68859	0.68876			6
2026.04.03	22:04:35.277		0.68870			4
2026.04.03	22:04:35.576		0.68876			4
2026.04.03	22:04:35.875	0.68860	0.68871			6
2026.04.03	22:04:36.176	0.68859	0.68870			6
2026.04.03	22:04:36.475		0.68869			4
2026.04.03	22:04:37.379		0.68868			4
2026.04.03	22:04:37.677	0.68857	0.68865			6
2026.04.03	22:04:40.678	0.68856	0.68864			6
2026.04.03	22:04:41.580	0.68855	0.68868			6
2026.04.03	22:04:41.882		0.68867			4
2026.04.03	22:04:42.179	0.68856	0.68863			6
2026.04.03	22:04:46.391	0.68854				2
2026.04.03	22:04:46.694	0.68852	0.68860			6
2026.04.03	22:04:46.997	0.68851				2
2026.04.03	22:04:47.297		0.68862			4
2026.04.03	22:04:47.600	0.68852				2
2026.04.03	22:04:47.902	0.68854	0.68863			6
2026.04.03	22:04:48.206	0.68858	0.68867			6
2026.04.03	22:04:48.803	0.68860	0.68868			6
2026.04.03	22:04:49.408		0.68871			4
2026.04.03	22:04:49.706	0.68856	0.68869			6
2026.04.03	22:04:50.007	0.68859				2
2026.04.03	22:04:51.209		0.68870			4
2026.04.03	22:04:52.412	0.68857				2
2026.04.03	22:04:52.712	0.68859				2
2026.04.03	22:04:53.015	0.68860	0.68871			6
2026.04.03	22:04:54.815	0.68869	0.68882			6
2026.04.03	22:04:55.118	0.68870	0.68881			6
2026.04.03	22:04:56.014	0.68871	0.68879			6
2026.04.03	22:04:56.320	0.68873	0.68884			6
2026.04.03	22:04:56.619	0.68875	0.68885			6
2026.04.03	22:04:56.918		0.68886			4
2026.04.03	22:04:57.219	0.68876	0.68887			6
2026.04.03	22:04:57.521	0.68875				2
2026.04.03	22:05:00.230	0.68875				2
2026.04.03	22:05:02.636	0.68877	0.68888			6
2026.04.03	22:05:04.748	0.68875				2
2026.04.03	22:05:05.049	0.68874				2
2026.04.03	22:05:05.348	0.68877				2
2026.04.03	22:05:06.854		0.68889			4
2026.04.03	22:05:07.455		0.68890			4
2026.04.03	22:05:07.759	0.68883	0.68894			6
2026.04.03	22:05:08.058	0.68888	0.68900			6
2026.04.03	22:05:08.358	0.68884	0.68897			6
2026.04.03	22:05:08.658	0.68889	0.68903			6
2026.04.03	22:05:08.959	0.68890	0.68899			6
2026.04.03	22:05:09.259	0.68888	0.68900			6
2026.04.03	22:05:09.559	0.68892	0.68903			6
2026.04.03	22:05:09.858	0.68893	0.68904			6
2026.04.03	22:05:10.159	0.68888				2
2026.04.03	22:05:10.759	0.68887	0.68900			6
2026.04.03	22:05:11.061	0.68885				2
2026.04.03	22:05:11.365	0.68888				2
2026.04.03	22:05:11.662	0.68889				2
2026.04.03	22:05:12.866	0.68887				2
2026.04.03	22:05:13.166	0.68886				2
2026.04.03	22:05:13.468	0.68885	0.68899			6
2026.04.03	22:05:13.770	0.68879	0.68891			6
2026.04.03	22:05:14.068	0.68878				2
2026.04.03	22:05:16.772	0.68879				2
2026.04.03	22:05:17.673	0.68880	0.68890			6
2026.04.03	22:05:17.973	0.68878				2
2026.04.03	22:05:19.775	0.68880				2
2026.04.03	22:05:22.777	0.68879	0.68889			6
2026.04.03	22:05:32.096	0.68878				2
2026.04.03	22:05:33.899	0.68881	0.68890			6
2026.04.03	22:05:43.817	0.68878	0.68889			6
2026.04.03	22:05:46.216	0.68877				2
2026.04.03	22:05:48.318	0.68878	0.68887			6
2026.04.03	22:05:50.723	0.68877				2
2026.04.03	22:06:00.055	0.68877				2
2026.04.03	22:06:13.577	0.68878				2
2026.04.03	22:06:18.386	0.68877				2
2026.04.03	22:06:21.699	0.68876	0.68888			6
2026.04.03	22:06:28.011	0.68877				2
2026.04.03	22:06:28.915	0.68876				2
2026.04.03	22:06:30.721	0.68879				2
2026.04.03	22:06:31.022		0.68889			4
2026.04.03	22:06:31.321	0.68878	0.68888			6
2026.04.03	22:06:32.824	0.68879				2
2026.04.03	22:06:33.129	0.68877	0.68891			6
2026.04.03	22:06:33.428	0.68875				2
2026.04.03	22:06:34.933	0.68880	0.68893			6
2026.04.03	22:06:35.231	0.68886	0.68901			6
2026.04.03	22:06:35.535	0.68882	0.68896			6
2026.04.03	22:06:36.741	0.68883				2
2026.04.03	22:06:37.344	0.68885				2
2026.04.03	22:06:38.246	0.68881	0.68893			6
2026.04.03	22:06:38.546	0.68882				2
2026.04.03	22:06:39.451	0.68883	0.68892			6
2026.04.03	22:06:39.754	0.68880	0.68895			6
2026.04.03	22:06:40.058	0.68881	0.68896			6
2026.04.03	22:06:40.961	0.68879	0.68894			6
2026.04.03	22:06:41.861	0.68881				2
2026.04.03	22:06:42.163	0.68880				2
2026.04.03	22:06:43.364	0.68879				2
2026.04.03	22:06:43.970	0.68881				2
2026.04.03	22:06:44.272	0.68880				2
2026.04.03	22:06:44.574		0.68893			4
2026.04.03	22:06:44.875	0.68879				2
2026.04.03	22:06:46.377	0.68877				2
2026.04.03	22:06:46.681	0.68880				2
2026.04.03	22:06:50.881	0.68882				2
2026.04.03	22:06:51.182	0.68883				2
2026.04.03	22:06:51.484		0.68894			4
2026.04.03	22:06:52.686	0.68882	0.68893			6
2026.04.03	22:06:54.185	0.68881	0.68891			6
2026.04.03	22:06:54.485	0.68879	0.68890			6
2026.04.03	22:06:55.088	0.68878				2
2026.04.03	22:06:55.987	0.68880				2
2026.04.03	22:06:58.997	0.68879				2
2026.04.03	22:07:00.202	0.68879				2
2026.04.03	22:07:05.908	0.68872	0.68887			6
2026.04.03	22:07:06.509	0.68874				2
2026.04.03	22:07:06.809	0.68876	0.68886			6
2026.04.03	22:07:11.616		0.68887			4
2026.04.03	22:07:18.232		0.68888			4
2026.04.03	22:07:22.138	0.68877	0.68893			6
2026.04.03	22:07:23.344		0.68891			4
2026.04.03	22:07:29.361	0.68880	0.68895			6
2026.04.03	22:07:29.662	0.68878	0.68894			6
2026.04.03	22:07:29.966	0.68877				2
2026.04.03	22:07:30.868		0.68895			4
2026.04.03	22:07:34.778	0.68878				2
2026.04.03	22:07:40.199	0.68879	0.68897			6
2026.04.03	22:08:00.054	0.68879				2
2026.04.03	22:08:11.787	0.68880	0.68898			6
2026.04.03	22:08:17.817	0.68881				2
2026.04.03	22:08:20.524	0.68878	0.68896			6
2026.04.03	22:08:35.577		0.68895			4
2026.04.03	22:08:36.477	0.68879				2
2026.04.03	22:08:59.950	0.68883	0.68894			6
2026.04.03	22:09:00.258	0.68879	0.68898			6
2026.04.03	22:09:10.786	0.68884	0.68897			6
2026.04.03	22:09:11.989	0.68881	0.68899			6
2026.04.03	22:09:20.712		0.68892			4
2026.04.03	22:09:21.913	0.68880	0.68893			6
2026.04.03	22:09:22.514	0.68879	0.68894			6
2026.04.03	22:09:22.815	0.68880	0.68891			6
2026.04.03	22:09:26.118	0.68879	0.68890			6
2026.04.03	22:09:31.230		0.68891			4
2026.04.03	22:09:35.737	0.68880				2
2026.04.03	22:09:37.848	0.68879	0.68892			6
2026.04.03	22:09:38.451	0.68880	0.68891			6
2026.04.03	22:09:59.204	0.68881	0.68896			6
2026.04.03	22:10:00.105	0.68881				2
2026.04.03	22:10:02.209		0.68897			4
2026.04.03	22:10:07.018		0.68896			4
2026.04.03	22:10:26.282		0.68897			4
2026.04.03	22:10:38.615	0.68883	0.68895			6
2026.04.03	22:10:38.918	0.68884	0.68898			6
2026.04.03	22:10:44.629	0.68885				2
2026.04.03	22:10:44.932		0.68899			4
2026.04.03	22:10:49.138	0.68886	0.68898			6
2026.04.03	22:10:49.436	0.68883	0.68897			6
2026.04.03	22:11:00.258	0.68883				2
2026.04.03	22:11:00.862	0.68879	0.68895			6
2026.04.03	22:11:03.272	0.68881	0.68894			6
2026.04.03	22:11:03.575	0.68878	0.68893			6
2026.04.03	22:11:19.229	0.68881				2
2026.04.03	22:11:20.430	0.68878	0.68891			6
2026.04.03	22:11:20.730		0.68890			4
2026.04.03	22:11:37.884	0.68879				2
2026.04.03	22:11:45.403	0.68878				2
2026.04.03	22:11:45.703		0.68892			4
2026.04.03	22:11:46.911	0.68880	0.68893			6
2026.04.03	22:11:47.209	0.68879				2
2026.04.03	22:11:47.811		0.68890			4
2026.04.03	22:11:49.912	0.68877	0.68889			6
2026.04.03	22:11:50.217		0.68888			4
2026.04.03	22:11:55.935	0.68876	0.68889			6
2026.04.03	22:12:00.149	0.68876				2
2026.04.03	22:12:01.351	0.68877	0.68888			6
2026.04.03	22:12:20.892	0.68876				2
2026.04.03	22:12:35.033		0.68889			4
2026.04.03	22:12:58.211	0.68875	0.68891			6
2026.04.03	22:12:58.511	0.68877				2
2026.04.03	22:13:00.019	0.68877				2
2026.04.03	22:13:00.318	0.68876				2
2026.04.03	22:13:05.432	0.68878	0.68888			6
2026.04.03	22:13:05.734	0.68877				2
2026.04.03	22:13:16.562	0.68876				2
2026.04.03	22:13:20.478	0.68875	0.68889			6
2026.04.03	22:13:20.778	0.68876				2
2026.04.03	22:13:26.495	0.68874	0.68891			6
2026.04.03	22:13:26.796	0.68876				2
2026.04.03	22:13:27.697		0.68887			4
2026.04.03	22:13:27.997		0.68886			4
2026.04.03	22:13:28.899	0.68875	0.68888			6
2026.04.03	22:13:29.199	0.68876				2
2026.04.03	22:13:31.605	0.68875	0.68889			6
2026.04.03	22:13:32.509	0.68874	0.68891			6
2026.04.03	22:13:32.810	0.68877	0.68889			6
2026.04.03	22:13:33.712	0.68876	0.68888			6
2026.04.03	22:13:34.014		0.68887			4
2026.04.03	22:13:34.915	0.68873				2
2026.04.03	22:13:35.218	0.68872	0.68886			6
2026.04.03	22:13:39.723	0.68873				2
2026.04.03	22:13:40.024	0.68875				2
2026.04.03	22:13:41.227	0.68876	0.68887			6
2026.04.03	22:13:42.431		0.68889			4
2026.04.03	22:13:43.937	0.68875	0.68886			6
2026.04.03	22:13:50.850		0.68887			4
2026.04.03	22:14:00.178	0.68875				2
2026.04.03	22:14:04.700	0.68876	0.68889			6
2026.04.03	22:14:05.601		0.68890			4
2026.04.03	22:14:05.903		0.68888			4
2026.04.03	22:14:07.109		0.68887			4
2026.04.03	22:14:12.532	0.68875				2
2026.04.03	22:14:17.354	0.68873	0.68891			6
2026.04.03	22:14:17.657	0.68875	0.68892			6
2026.04.03	22:14:54.655	0.68876				2
2026.04.03	22:14:58.863	0.68875				2
2026.04.03	22:15:00.070	0.68875				2
2026.04.03	22:15:09.685	0.68876				2
2026.04.03	22:15:17.499		0.68894			4
2026.04.03	22:15:18.401	0.68878	0.68892			6
2026.04.03	22:15:28.641	0.68877				2
2026.04.03	22:15:32.856	0.68876	0.68893			6
2026.04.03	22:15:33.154		0.68895			4
2026.04.03	22:15:33.454	0.68880	0.68894			6
2026.04.03	22:15:36.167	0.68878				2
2026.04.03	22:15:41.588	0.68877	0.68897			6
2026.04.03	22:15:41.891	0.68878	0.68895			6
2026.04.03	22:15:54.827		0.68896			4
2026.04.03	22:16:00.243	0.68878				2
2026.04.03	22:16:07.171	0.68877				2
2026.04.03	22:16:07.472	0.68880	0.68900			6
2026.04.03	22:16:07.774		0.68897			4
2026.04.03	22:16:19.820	0.68879				2
2026.04.03	22:16:21.326	0.68882	0.68899			6
2026.04.03	22:16:21.628	0.68887	0.68905			6
2026.04.03	22:16:21.928		0.68904			4
2026.04.03	22:16:22.232	0.68886				2
2026.04.03	22:16:22.530	0.68888	0.68905			6
2026.04.03	22:16:23.131	0.68887				2
2026.04.03	22:16:23.732	0.68885	0.68903			6
2026.04.03	22:16:24.039	0.68886				2
2026.04.03	22:16:24.642	0.68882	0.68900			6
2026.04.03	22:16:26.145		0.68899			4
2026.04.03	22:16:39.982		0.68900			4
2026.04.03	22:16:40.282	0.68883	0.68901			6
2026.04.03	22:16:40.584	0.68881				2
2026.04.03	22:17:00.149	0.68881				2
2026.04.03	22:17:05.875	0.68885	0.68906			6
2026.04.03	22:17:06.177	0.68889	0.68910			6
2026.04.03	22:17:06.475	0.68888	0.68909			6
2026.04.03	22:17:09.178	0.68885	0.68904			6
2026.04.03	22:17:09.478	0.68887				2
2026.04.03	22:17:11.582	0.68885				2
2026.04.03	22:17:13.985	0.68887				2
2026.04.03	22:17:17.297	0.68886				2
2026.04.03	22:17:17.897	0.68887				2
2026.04.03	22:17:19.702	0.68885				2
2026.04.03	22:17:27.216	0.68884				2
2026.04.03	22:17:27.519	0.68889	0.68908			6
2026.04.03	22:17:28.719	0.68890	0.68910			6
2026.04.03	22:17:29.020	0.68893	0.68914			6
2026.04.03	22:17:31.728		0.68913			4
2026.04.03	22:17:32.027	0.68895	0.68914			6
2026.04.03	22:17:32.630	0.68896				2
2026.04.03	22:17:33.831	0.68897	0.68915			6
2026.04.03	22:17:38.345	0.68895	0.68912			6
2026.04.03	22:17:39.546	0.68894	0.68911			6
2026.04.03	22:17:41.054	0.68892	0.68910			6
2026.04.03	22:17:41.354	0.68897	0.68916			6
2026.04.03	22:17:41.657	0.68895	0.68915			6
2026.04.03	22:17:42.257	0.68897				2
2026.04.03	22:17:44.059	0.68898	0.68914			6
2026.04.03	22:17:46.169		0.68915			4
2026.04.03	22:17:47.975	0.68899	0.68914			6
2026.04.03	22:18:00.003	0.68899				2
2026.04.03	22:18:05.118		0.68915			4
2026.04.03	22:18:05.721	0.68897				2
2026.04.03	22:18:09.027		0.68914			4
2026.04.03	22:18:11.733	0.68895	0.68912			6
2026.04.03	22:18:12.034		0.68911			4
2026.04.03	22:18:14.443	0.68896				2
2026.04.03	22:18:16.254	0.68894	0.68909			6
2026.04.03	22:18:19.867	0.68892				2
2026.04.03	22:18:23.176	0.68894				2
2026.04.03	22:18:28.282	0.68893				2
2026.04.03	22:18:28.883		0.68910			4
2026.04.03	22:18:31.287	0.68894				2
2026.04.03	22:19:00.153	0.68894				2
2026.04.03	22:19:04.073		0.68911			4
2026.04.03	22:19:04.676	0.68896	0.68912			6
2026.04.03	22:19:06.779	0.68895	0.68911			6
2026.04.03	22:19:07.079	0.68894	0.68910			6
2026.04.03	22:19:10.994	0.68893				2
2026.04.03	22:19:28.734	0.68894	0.68912			6
2026.04.03	22:19:29.638	0.68895	0.68910			6
2026.04.03	22:19:29.941	0.68893				2
2026.04.03	22:19:41.076	0.68894				2
2026.04.03	22:19:54.000	0.68896	0.68908			6
2026.04.03	22:20:00.012	0.68896				2
2026.04.03	22:20:02.116	0.68900	0.68909			6
2026.04.03	22:20:02.418	0.68896	0.68911			6
2026.04.03	22:20:02.717		0.68907			4
2026.04.03	22:20:03.021	0.68895				2
2026.04.03	22:20:03.317	0.68897	0.68913			6
2026.04.03	22:20:06.026	0.68901	0.68916			6
2026.04.03	22:20:11.134	0.68903				2
2026.04.03	22:20:12.035	0.68901				2
2026.04.03	22:20:21.964	0.68899				2
2026.04.03	22:20:23.470	0.68898				2
2026.04.03	22:20:24.070	0.68897				2
2026.04.03	22:20:41.532		0.68915			4
2026.04.03	22:20:43.637		0.68912			4
2026.04.03	22:20:43.940	0.68894	0.68908			6
2026.04.03	22:20:52.360	0.68893				2
2026.04.03	22:21:00.178	0.68893				2
2026.04.03	22:21:02.283	0.68891	0.68910			6
2026.04.03	22:21:02.585	0.68893				2
2026.04.03	22:21:02.882	0.68894	0.68913			6
2026.04.03	22:21:03.183	0.68895	0.68911			6
2026.04.03	22:21:04.684	0.68894	0.68912			6
2026.04.03	22:21:05.586	0.68893	0.68914			6
2026.04.03	22:21:05.887	0.68894	0.68909			6
2026.04.03	22:21:08.304	0.68893				2
2026.04.03	22:21:13.113	0.68894	0.68908			6
2026.04.03	22:21:19.129	0.68893				2
2026.04.03	22:21:26.054	0.68894				2
2026.04.03	22:21:31.171	0.68893	0.68912			6
2026.04.03	22:21:31.472	0.68894	0.68911			6
2026.04.03	22:21:31.772	0.68895	0.68914			6
2026.04.03	22:21:32.076	0.68896	0.68917			6
2026.04.03	22:21:34.481	0.68897				2
2026.04.03	22:21:50.723	0.68898				2
2026.04.03	22:22:00.051	0.68898				2
2026.04.03	22:22:02.453	0.68891	0.68905			6
2026.04.03	22:22:03.955	0.68893	0.68907			6
2026.04.03	22:22:04.553	0.68895				2
2026.04.03	22:22:04.854	0.68893	0.68912			6
2026.04.03	22:22:05.156	0.68895	0.68910			6
2026.04.03	22:22:13.885		0.68911			4
2026.04.03	22:22:19.908		0.68917			4
2026.04.03	22:22:20.809	0.68900				2
2026.04.03	22:22:21.110	0.68901				2
2026.04.03	22:22:46.376		0.68916			4
2026.04.03	22:22:50.285	0.68899	0.68912			6
2026.04.03	22:22:50.587	0.68896	0.68911			6
2026.04.03	22:22:51.186	0.68897				2
2026.04.03	22:23:00.212	0.68897				2
2026.04.03	22:23:05.632	0.68895				2
2026.04.03	22:23:07.136	0.68897				2
2026.04.03	22:23:08.038	0.68896				2
2026.04.03	22:23:47.158	0.68897				2
2026.04.03	22:23:50.770		0.68911			4
2026.04.03	22:24:00.084	0.68897				2
2026.04.03	22:24:02.190	0.68898	0.68912			6
2026.04.03	22:24:02.491		0.68913			4
2026.04.03	22:24:04.299	0.68899	0.68914			6
2026.04.03	22:24:04.602	0.68898	0.68912			6
2026.04.03	22:24:06.706		0.68911			4
2026.04.03	22:24:32.279	0.68897	0.68912			6
2026.04.03	22:25:00.253	0.68897				2
2026.04.03	22:25:05.360	0.68896				2
2026.04.03	22:25:06.268	0.68899	0.68914			6
2026.04.03	22:25:06.569	0.68898	0.68912			6
2026.04.03	22:26:00.140	0.68898				2
2026.04.03	22:26:02.248	0.68896				2
2026.04.03	22:26:02.551		0.68909			4
2026.04.03	22:26:02.850	0.68894	0.68906			6
2026.04.03	22:26:04.653	0.68893				2
2026.04.03	22:26:05.558	0.68899	0.68913			6
2026.04.03	22:26:06.456	0.68898				2
2026.04.03	22:26:09.763		0.68912			4
2026.04.03	22:26:41.624		0.68913			4
2026.04.03	22:27:00.283	0.68898				2
2026.04.03	22:27:04.799	0.68890				2
2026.04.03	22:27:07.812	0.68897	0.68914			6
2026.04.03	22:27:08.109	0.68898				2
2026.04.03	22:27:30.384	0.68901	0.68917			6
2026.04.03	22:27:30.685	0.68897	0.68911			6
2026.04.03	22:27:30.985		0.68912			4
2026.04.03	22:27:31.585	0.68896	0.68909			6
2026.04.03	22:27:33.696	0.68894				2
2026.04.03	22:27:34.600		0.68910			4
2026.04.03	22:27:50.554		0.68909			4
2026.04.03	22:27:52.358	0.68893				2
2026.04.03	22:27:58.981	0.68894				2
2026.04.03	22:28:00.180	0.68894				2
2026.04.03	22:28:00.783		0.68910			4
2026.04.03	22:28:16.422	0.68893				2
2026.04.03	22:28:31.469	0.68895	0.68912			6
2026.04.03	22:28:31.772		0.68913			4
2026.04.03	22:28:32.675	0.68896				2
2026.04.03	22:28:36.279	0.68898	0.68916			6
2026.04.03	22:28:36.580	0.68896	0.68913			6
2026.04.03	22:28:38.085	0.68895	0.68912			6
2026.04.03	22:28:58.551	0.68892				2
2026.04.03	22:29:00.055	0.68892				2
2026.04.03	22:29:00.658	0.68893	0.68915			6
2026.04.03	22:29:00.955	0.68897	0.68917			6
2026.04.03	22:29:01.556	0.68898	0.68916			6
2026.04.03	22:29:01.856	0.68897				2
2026.04.03	22:29:02.761	0.68896				2
2026.04.03	22:29:03.061	0.68899				2
2026.04.03	22:29:03.363	0.68898				2
2026.04.03	22:29:03.973	0.68900				2
2026.04.03	22:29:06.075		0.68915			4
2026.04.03	22:29:06.677	0.68901				2
2026.04.03	22:29:08.179	0.68902	0.68916			6
2026.04.03	22:29:11.183	0.68899				2
2026.04.03	22:29:11.485	0.68902	0.68915			6
2026.04.03	22:29:11.783	0.68900				2
2026.04.03	22:29:12.084	0.68891	0.68912			6
2026.04.03	22:29:12.385		0.68902			4
2026.04.03	22:29:12.684	0.68890	0.68904			6
2026.04.03	22:29:13.285	0.68893	0.68907			6
2026.04.03	22:29:13.586	0.68894	0.68906			6
2026.04.03	22:29:14.787	0.68893	0.68907			6
2026.04.03	22:29:17.499	0.68892				2
2026.04.03	22:29:22.619	0.68891				2
2026.04.03	22:29:25.023	0.68890				2
2026.04.03	22:29:25.324		0.68908			4
2026.04.03	22:29:25.625	0.68891				2
2026.04.03	22:29:41.884	0.68892				2
2026.04.03	22:30:00.224	0.68897	0.68909			6
2026.04.03	22:30:02.327		0.68908			4
2026.04.03	22:30:03.533	0.68896				2
2026.04.03	22:30:06.240	0.68895				2
2026.04.03	22:30:07.742	0.68894	0.68909			6
2026.04.03	22:30:08.041	0.68896				2
2026.04.03	22:30:10.147	0.68899	0.68914			6
2026.04.03	22:30:10.445	0.68902	0.68917			6
2026.04.03	22:30:11.046	0.68901				2
2026.04.03	22:30:11.349	0.68898				2
2026.04.03	22:30:12.249	0.68897				2
2026.04.03	22:30:12.852	0.68898	0.68915			6
2026.04.03	22:30:14.351	0.68897				2
2026.04.03	22:30:15.255	0.68898	0.68914			6
2026.04.03	22:30:18.561		0.68915			4
2026.04.03	22:30:21.877	0.68900				2
2026.04.03	22:30:22.179	0.68898	0.68914			6
2026.04.03	22:30:22.478	0.68897				2
2026.04.03	22:30:23.678	0.68898				2
2026.04.03	22:30:24.280		0.68913			4
2026.04.03	22:30:26.379	0.68897				2
2026.04.03	22:30:29.986	0.68899	0.68912			6
2026.04.03	22:30:30.286	0.68898				2
2026.04.03	22:30:31.792	0.68897	0.68913			6
2026.04.03	22:30:32.094	0.68898				2
2026.04.03	22:30:34.801	0.68899				2
2026.04.03	22:30:40.213	0.68898				2
2026.04.03	22:30:40.514	0.68889	0.68907			6
2026.04.03	22:30:41.117	0.68888	0.68906			6
2026.04.03	22:30:41.717	0.68889	0.68907			6
2026.04.03	22:30:42.918	0.68888	0.68908			6
2026.04.03	22:30:43.221	0.68889	0.68907			6
2026.04.03	22:30:44.420	0.68887	0.68906			6
2026.04.03	22:30:44.721	0.68885	0.68904			6
2026.04.03	22:30:45.319		0.68905			4
2026.04.03	22:30:45.619	0.68889	0.68904			6
2026.04.03	22:30:45.919	0.68888	0.68909			6
2026.04.03	22:30:46.822	0.68884	0.68904			6
2026.04.03	22:30:47.124		0.68905			4
2026.04.03	22:30:50.129	0.68883	0.68904			6
2026.04.03	22:30:51.933	0.68882	0.68902			6
2026.04.03	22:30:52.837	0.68881				2
2026.04.03	22:31:00.062	0.68881				2
2026.04.03	22:31:00.362	0.68878				2
2026.04.03	22:31:03.675	0.68879				2
2026.04.03	22:31:03.975	0.68877	0.68900			6
2026.04.03	22:31:04.277	0.68881	0.68903			6
2026.04.03	22:31:04.576	0.68877	0.68900			6
2026.04.03	22:31:05.475		0.68899			4
2026.04.03	22:31:05.775	0.68878	0.68900			6
2026.04.03	22:31:08.177	0.68879				2
2026.04.03	22:31:10.583	0.68880				2
2026.04.03	22:31:12.686	0.68881				2
2026.04.03	22:31:15.102	0.68882				2
2026.04.03	22:31:19.311		0.68899			4
2026.04.03	22:31:20.515	0.68883				2
2026.04.03	22:31:21.417	0.68886	0.68903			6
2026.04.03	22:31:22.616	0.68888	0.68904			6
2026.04.03	22:31:24.720	0.68890	0.68906			6
2026.04.03	22:31:25.024	0.68888	0.68905			6
2026.04.03	22:31:30.732	0.68889	0.68904			6
2026.04.03	22:31:41.271	0.68898	0.68910			6
2026.04.03	22:31:41.572	0.68899	0.68912			6
2026.04.03	22:31:42.173		0.68913			4
2026.04.03	22:31:42.475		0.68912			4
2026.04.03	22:32:00.225	0.68899				2
2026.04.03	22:32:07.431		0.68913			4
2026.04.03	22:32:11.653	0.68897	0.68912			6
2026.04.03	22:32:14.058	0.68896	0.68910			6
2026.04.03	22:32:21.577	0.68895				2
2026.04.03	22:32:26.387		0.68911			4
2026.04.03	22:32:26.688	0.68896				2
2026.04.03	22:32:46.239	0.68895				2
2026.04.03	22:33:00.084	0.68895				2
2026.04.03	22:33:26.554		0.68911			4
2026.04.03	22:33:28.970		0.68917			4
2026.04.03	22:33:29.269	0.68898	0.68912			6
2026.04.03	22:33:30.175	0.68895	0.68911			6
2026.04.03	22:33:47.334	0.68896	0.68912			6
2026.04.03	22:33:53.355	0.68886	0.68902			6
2026.04.03	22:33:53.657	0.68883	0.68898			6
2026.04.03	22:33:54.257	0.68881	0.68896			6
2026.04.03	22:33:54.558	0.68873	0.68890			6
2026.04.03	22:33:54.858	0.68875	0.68891			6
2026.04.03	22:33:55.759	0.68873	0.68889			6
2026.04.03	22:33:56.662	0.68872	0.68888			6
2026.04.03	22:33:57.868	0.68876	0.68890			6
2026.04.03	22:33:58.172	0.68874	0.68888			6
2026.04.03	22:33:58.472	0.68873				2
2026.04.03	22:33:58.771		0.68887			4
2026.04.03	22:33:59.073	0.68870	0.68884			6
2026.04.03	22:33:59.375	0.68869				2
2026.04.03	22:33:59.676	0.68870				2
2026.04.03	22:33:59.976	0.68871	0.68885			6
2026.04.03	22:34:00.276	0.68870	0.68884			6
2026.04.03	22:34:00.578	0.68871	0.68886			6
2026.04.03	22:34:01.779	0.68869	0.68885			6
2026.04.03	22:34:02.078	0.68867	0.68882			6
2026.04.03	22:34:02.379	0.68866	0.68881			6
2026.04.03	22:34:03.279	0.68864	0.68879			6
2026.04.03	22:34:03.579	0.68865				2
2026.04.03	22:34:04.180	0.68861	0.68874			6
2026.04.03	22:34:04.482	0.68859	0.68872			6
2026.04.03	22:34:04.782	0.68857	0.68871			6
2026.04.03	22:34:05.083		0.68870			4
2026.04.03	22:34:05.381	0.68861	0.68873			6
2026.04.03	22:34:05.681	0.68862	0.68875			6
2026.04.03	22:34:05.982	0.68863	0.68877			6
2026.04.03	22:34:06.283	0.68866				2
2026.04.03	22:34:06.583	0.68868	0.68879			6
2026.04.03	22:34:07.484	0.68867	0.68878			6
2026.04.03	22:34:07.785	0.68868	0.68879			6
2026.04.03	22:34:08.085	0.68867	0.68878			6
2026.04.03	22:34:08.386	0.68868	0.68879			6
2026.04.03	22:34:08.987		0.68880			4
2026.04.03	22:34:09.589	0.68865	0.68881			6
2026.04.03	22:34:09.891	0.68867	0.68878			6
2026.04.03	22:34:10.191	0.68865	0.68879			6
2026.04.03	22:34:10.491	0.68867	0.68878			6
2026.04.03	22:34:10.790	0.68866				2
2026.04.03	22:34:11.090	0.68867				2
2026.04.03	22:34:12.291	0.68866				2
2026.04.03	22:34:12.594	0.68865	0.68877			6
2026.04.03	22:34:12.891	0.68867	0.68878			6
2026.04.03	22:34:13.194	0.68869	0.68880			6
2026.04.03	22:34:13.495	0.68868	0.68879			6
2026.04.03	22:34:14.397	0.68869	0.68880			6
2026.04.03	22:34:14.996	0.68867	0.68878			6
2026.04.03	22:34:15.300	0.68868	0.68880			6
2026.04.03	22:34:16.200	0.68866	0.68877			6
2026.04.03	22:34:16.802	0.68867	0.68879			6
2026.04.03	22:34:17.102		0.68878			4
2026.04.03	22:34:17.402	0.68868	0.68879			6
2026.04.03	22:34:18.311	0.68867	0.68878			6
2026.04.03	22:34:18.612	0.68866	0.68877			6
2026.04.03	22:34:18.910		0.68878			4
2026.04.03	22:34:19.211	0.68865				2
2026.04.03	22:34:19.510	0.68867				2
2026.04.03	22:34:19.813	0.68868	0.68879			6
2026.04.03	22:34:20.414	0.68870	0.68881			6
2026.04.03	22:34:20.717	0.68869	0.68880			6
2026.04.03	22:34:21.319	0.68867	0.68878			6
2026.04.03	22:34:21.618	0.68866	0.68877			6
2026.04.03	22:34:21.919	0.68868	0.68878			6
2026.04.03	22:34:22.220	0.68867				2
2026.04.03	22:34:22.819	0.68868	0.68879			6
2026.04.03	22:34:24.624	0.68867	0.68878			6
2026.04.03	22:34:24.926	0.68866	0.68877			6
2026.04.03	22:34:25.525	0.68868	0.68879			6
2026.04.03	22:34:26.425	0.68869				2
2026.04.03	22:34:27.329	0.68866	0.68877			6
2026.04.03	22:34:27.630	0.68865	0.68876			6
2026.04.03	22:34:27.931	0.68867	0.68878			6
2026.04.03	22:34:28.832	0.68866	0.68876			6
2026.04.03	22:34:29.432	0.68867	0.68878			6
2026.04.03	22:34:29.732	0.68870	0.68881			6
2026.04.03	22:34:30.032	0.68873				2
2026.04.03	22:34:30.635		0.68880			4
2026.04.03	22:34:30.932		0.68881			4
2026.04.03	22:34:31.834	0.68874				2
2026.04.03	22:34:32.134		0.68884			4
2026.04.03	22:34:32.437		0.68880			4
2026.04.03	22:34:32.734	0.68872				2
2026.04.03	22:34:33.034	0.68873	0.68879			6
2026.04.03	22:34:33.335	0.68872				2
2026.04.03	22:34:33.634	0.68873				2
2026.04.03	22:34:34.536	0.68874	0.68880			6
2026.04.03	22:34:35.437		0.68879			4
2026.04.03	22:34:36.939	0.68873				2
2026.04.03	22:34:37.240	0.68872				2
2026.04.03	22:34:37.542	0.68874				2
2026.04.03	22:34:37.842	0.68872				2
2026.04.03	22:34:38.445	0.68873				2
2026.04.03	22:34:38.743	0.68872	0.68880			6
2026.04.03	22:34:39.345		0.68879			4
2026.04.03	22:34:39.949	0.68873				2
2026.04.03	22:34:40.850		0.68880			4
2026.04.03	22:34:42.055		0.68879			4
2026.04.03	22:34:42.658		0.68880			4
2026.04.03	22:34:43.258		0.68879			4
2026.04.03	22:34:44.763	0.68872				2
2026.04.03	22:34:45.369	0.68873				2
2026.04.03	22:34:45.669	0.68872				2
2026.04.03	22:34:46.873		0.68878			4
2026.04.03	22:34:49.277		0.68879			4
2026.04.03	22:34:49.876		0.68881			4
2026.04.03	22:34:50.177		0.68880			4
2026.04.03	22:34:53.480	0.68873				2
2026.04.03	22:34:53.782		0.68879			4
2026.04.03	22:34:58.887	0.68872				2
2026.04.03	22:34:59.487		0.68880			4
2026.04.03	22:35:00.088	0.68871	0.68878			6
2026.04.03	22:35:00.389		0.68877			4
2026.04.03	22:35:00.690		0.68878			4
2026.04.03	22:35:00.990	0.68870	0.68879			6
2026.04.03	22:35:01.289		0.68878			4
2026.04.03	22:35:01.890	0.68871	0.68876			6
2026.04.03	22:35:02.191	0.68886	0.68913			6
2026.04.03	22:35:02.495	0.68877	0.68915			6
2026.04.03	22:35:02.794	0.68872	0.68893			6
2026.04.03	22:35:03.093	0.68879	0.68894			6
2026.04.03	22:35:03.391	0.68880	0.68893			6
2026.04.03	22:35:03.691	0.68890	0.68900			6
2026.04.03	22:35:03.992	0.68891	0.68902			6
2026.04.03	22:35:04.301	0.68884	0.68897			6
2026.04.03	22:35:04.598	0.68880	0.68892			6
2026.04.03	22:35:05.203		0.68894			4
2026.04.03	22:35:06.100	0.68878	0.68890			6
2026.04.03	22:35:06.403	0.68877	0.68891			6
2026.04.03	22:35:06.702	0.68876				2
2026.04.03	22:35:07.004	0.68875	0.68890			6
2026.04.03	22:35:07.303	0.68872	0.68883			6
2026.04.03	22:35:07.603	0.68873				2
2026.04.03	22:35:08.512	0.68872				2
2026.04.03	22:35:09.114	0.68871	0.68882			6
2026.04.03	22:35:09.414	0.68870	0.68881			6
2026.04.03	22:35:09.718	0.68869	0.68880			6
2026.04.03	22:35:10.316	0.68868	0.68879			6
2026.04.03	22:35:10.920	0.68866	0.68877			6
2026.04.03	22:35:12.721	0.68867				2
2026.04.03	22:35:16.028	0.68863	0.68874			6
2026.04.03	22:35:16.328	0.68862	0.68872			6
2026.04.03	22:35:16.631	0.68860	0.68870			6
2026.04.03	22:35:16.934	0.68857	0.68871			6
2026.04.03	22:35:17.231		0.68869			4
2026.04.03	22:35:17.534		0.68867			4
2026.04.03	22:35:18.131	0.68859	0.68869			6
2026.04.03	22:35:19.336		0.68870			4
2026.04.03	22:35:19.641	0.68862	0.68874			6
2026.04.03	22:35:19.945		0.68872			4
2026.04.03	22:35:20.850	0.68861				2
2026.04.03	22:35:21.751	0.68862				2
2026.04.03	22:35:22.953	0.68860	0.68871			6
2026.04.03	22:35:23.855	0.68857	0.68867			6
2026.04.03	22:35:24.155	0.68856	0.68872			6
2026.04.03	22:35:24.756	0.68855	0.68867			6
2026.04.03	22:35:30.171	0.68854	0.68865			6
2026.04.03	22:35:30.472	0.68852	0.68864			6
2026.04.03	22:35:30.775	0.68851				2
2026.04.03	22:35:31.673	0.68852				2
2026.04.03	22:35:32.876	0.68849	0.68861			6
2026.04.03	22:35:33.177	0.68847	0.68865			6
2026.04.03	22:35:33.474		0.68860			4
2026.04.03	22:35:33.778		0.68859			4
2026.04.03	22:35:39.487		0.68865			4
2026.04.03	22:35:40.088		0.68859			4
2026.04.03	22:35:42.191	0.68848	0.68861			6
2026.04.03	22:35:43.999	0.68847				2
2026.04.03	22:35:44.302	0.68846	0.68859			6
2026.04.03	22:35:52.722	0.68847				2
2026.04.03	22:35:54.530		0.68857			4
2026.04.03	22:35:57.231		0.68861			4
2026.04.03	22:35:57.834		0.68864			4
2026.04.03	22:35:58.732		0.68859			4
2026.04.03	22:35:59.033		0.68868			4
2026.04.03	22:36:00.237	0.68847	0.68859			6
2026.04.03	22:36:00.536	0.68854	0.68868			6
2026.04.03	22:36:01.137	0.68853	0.68866			6
2026.04.03	22:36:01.440	0.68851	0.68865			6
2026.04.03	22:36:01.737		0.68864			4
2026.04.03	22:36:03.849		0.68871			4
2026.04.03	22:36:05.354	0.68856	0.68867			6
2026.04.03	22:36:05.654	0.68854	0.68869			6
2026.04.03	22:36:05.955	0.68858	0.68877			6
2026.04.03	22:36:06.256	0.68861	0.68878			6
2026.04.03	22:36:07.758	0.68860				2
2026.04.03	22:36:12.282	0.68859	0.68876			6
2026.04.03	22:36:17.397	0.68858				2
2026.04.03	22:36:47.809		0.68877			4
2026.04.03	22:37:00.149	0.68858				2
2026.04.03	22:37:42.276	0.68859				2
2026.04.03	22:37:47.998		0.68877			4
2026.04.03	22:38:00.036	0.68859	0.68878			6
2026.04.03	22:38:20.781	0.68857				2
2026.04.03	22:38:48.451		0.68872			4
2026.04.03	22:38:48.752		0.68878			4
2026.04.03	22:38:49.054		0.68872			4
2026.04.03	22:38:49.354		0.68878			4
2026.04.03	22:38:49.654		0.68872			4
2026.04.03	22:38:49.954		0.68878			4
2026.04.03	22:38:50.255		0.68872			4
2026.04.03	22:38:50.856		0.68878			4
2026.04.03	22:38:51.157		0.68872			4
2026.04.03	22:38:51.458		0.68878			4
2026.04.03	22:38:51.759		0.68872			4
2026.04.03	22:38:52.058		0.68878			4
2026.04.03	22:39:00.184	0.68857				2
2026.04.03	22:39:11.922		0.68879			4
2026.04.03	22:39:34.492	0.68856				2
2026.04.03	22:39:39.605	0.68858				2
2026.04.03	22:39:41.410	0.68859				2
2026.04.03	22:40:00.054	0.68859				2
2026.04.03	22:40:12.099		0.68879			4
2026.04.03	22:40:29.854	0.68860				2
2026.04.03	22:41:00.248	0.68860				2
2026.04.03	22:41:01.450		0.68882			4
2026.04.03	22:41:02.954		0.68881			4
2026.04.03	22:41:05.960	0.68861				2
2026.04.03	22:41:06.559	0.68860	0.68882			6
2026.04.03	22:41:07.761		0.68881			4
2026.04.03	22:41:09.869	0.68859				2
2026.04.03	22:41:11.070	0.68860				2
2026.04.03	22:41:11.373	0.68859				2
2026.04.03	22:41:13.777	0.68860				2
2026.04.03	22:41:14.378	0.68859				2
2026.04.03	22:41:14.978	0.68860				2
2026.04.03	22:41:31.225		0.68882			4
2026.04.03	22:41:33.032	0.68859				2
2026.04.03	22:41:42.351		0.68883			4
2026.04.03	22:42:00.099	0.68859				2
2026.04.03	22:42:02.209		0.68887			4
2026.04.03	22:42:04.317		0.68886			4
2026.04.03	22:42:04.618	0.68860	0.68884			6
2026.04.03	22:42:12.431		0.68883			4
2026.04.03	22:42:17.851		0.68882			4
2026.04.03	22:42:30.478		0.68883			4
2026.04.03	22:42:35.281		0.68882			4
2026.04.03	22:42:50.617	0.68861				2
2026.04.03	22:42:53.026		0.68881			4
2026.04.03	22:43:00.255	0.68861				2
2026.04.03	22:43:00.854		0.68880			4
2026.04.03	22:43:02.658	0.68860				2
2026.04.03	22:43:03.260	0.68861				2
2026.04.03	22:43:31.545	0.68858	0.68876			6
2026.04.03	22:43:31.848	0.68846	0.68869			6
2026.04.03	22:43:32.447	0.68845	0.68867			6
2026.04.03	22:43:39.069	0.68848	0.68869			6
2026.04.03	22:43:40.271		0.68870			4
2026.04.03	22:43:43.277	0.68849				2
2026.04.03	22:43:46.583	0.68848				2
2026.04.03	22:43:53.808		0.68871			4
2026.04.03	22:43:55.312	0.68850	0.68874			6
2026.04.03	22:44:00.123	0.68850				2
2026.04.03	22:44:00.423	0.68849				2
2026.04.03	22:44:02.831	0.68853	0.68876			6
2026.04.03	22:44:03.134		0.68880			4
2026.04.03	22:44:03.434	0.68854				2
2026.04.03	22:44:03.732	0.68855	0.68879			6
2026.04.03	22:44:12.157	0.68854	0.68878			6
2026.04.03	22:44:47.661	0.68855	0.68879			6
2026.04.03	22:44:58.789	0.68852	0.68875			6
2026.04.03	22:44:59.095	0.68849	0.68873			6
2026.04.03	22:44:59.394	0.68847	0.68871			6
2026.04.03	22:44:59.994	0.68846				2
2026.04.03	22:45:00.293	0.68846				2
2026.04.03	22:45:01.498	0.68845	0.68873			6
2026.04.03	22:45:02.100	0.68851	0.68876			6
2026.04.03	22:45:02.401	0.68855	0.68879			6
2026.04.03	22:45:02.703	0.68857				2
2026.04.03	22:45:03.003	0.68858	0.68878			6
2026.04.03	22:45:03.303	0.68859	0.68879			6
2026.04.03	22:45:03.605	0.68860				2
2026.04.03	22:45:04.808	0.68862				2
2026.04.03	22:45:05.109		0.68880			4
2026.04.03	22:45:06.011	0.68864				2
2026.04.03	22:45:10.525		0.68878			4
2026.04.03	22:45:10.827	0.68866	0.68877			6
2026.04.03	22:45:11.128		0.68879			4
2026.04.03	22:45:11.429		0.68878			4
2026.04.03	22:45:11.731		0.68877			4
2026.04.03	22:45:12.331	0.68864	0.68876			6
2026.04.03	22:45:12.931		0.68875			4
2026.04.03	22:45:13.232	0.68868	0.68879			6
2026.04.03	22:45:13.536	0.68889	0.68904			6
2026.04.03	22:45:13.832	0.68888	0.68902			6
2026.04.03	22:45:14.134	0.68884	0.68901			6
2026.04.03	22:45:14.435	0.68885				2
2026.04.03	22:45:14.733	0.68888				2
2026.04.03	22:45:15.035		0.68902			4
2026.04.03	22:45:15.335	0.68889	0.68903			6
2026.04.03	22:45:15.635		0.68904			4
2026.04.03	22:45:15.935	0.68879				2
2026.04.03	22:45:16.238	0.68867	0.68881			6
2026.04.03	22:45:16.536		0.68886			4
2026.04.03	22:45:16.839	0.68868				2
2026.04.03	22:45:17.137		0.68882			4
2026.04.03	22:45:17.437		0.68881			4
2026.04.03	22:45:17.739	0.68867				2
2026.04.03	22:45:18.937	0.68866				2
2026.04.03	22:45:19.841	0.68864	0.68878			6
2026.04.03	22:45:20.138	0.68867	0.68881			6
2026.04.03	22:45:20.439		0.68880			4
2026.04.03	22:45:21.944	0.68865				2
2026.04.03	22:45:24.051	0.68864				2
2026.04.03	22:45:24.352		0.68879			4
2026.04.03	22:45:27.359	0.68863	0.68880			6
2026.04.03	22:45:27.661		0.68881			4
2026.04.03	22:45:33.680	0.68862				2
2026.04.03	22:45:36.985	0.68861				2
2026.04.03	22:45:43.311		0.68882			4
2026.04.03	22:45:48.727	0.68863	0.68881			6
2026.04.03	22:45:51.133		0.68880			4
2026.04.03	22:45:51.733	0.68862				2
2026.04.03	22:45:53.539		0.68881			4
2026.04.03	22:45:53.840	0.68859				2
2026.04.03	22:45:58.647		0.68880			4
2026.04.03	22:45:59.247	0.68858				2
2026.04.03	22:45:59.546		0.68878			4
2026.04.03	22:45:59.851	0.68857	0.68877			6
2026.04.03	22:46:00.151	0.68857	0.68878			6
2026.04.03	22:46:00.452		0.68877			4
2026.04.03	22:46:02.854	0.68855				2
2026.04.03	22:46:03.457	0.68857				2
2026.04.03	22:46:03.757		0.68876			4
2026.04.03	22:46:04.359		0.68877			4
2026.04.03	22:46:04.658		0.68876			4
2026.04.03	22:46:05.262	0.68856	0.68877			6
2026.04.03	22:46:06.163		0.68876			4
2026.04.03	22:46:06.766		0.68877			4
2026.04.03	22:46:08.272	0.68857				2
2026.04.03	22:46:11.278	0.68856	0.68878			6
2026.04.03	22:46:30.245	0.68857	0.68877			6
2026.04.03	22:46:36.257	0.68855	0.68874			6
2026.04.03	22:46:36.557	0.68854				2
2026.04.03	22:46:38.059	0.68864				2
2026.04.03	22:46:38.660	0.68854				2
2026.04.03	22:46:40.764	0.68866				2
2026.04.03	22:46:41.365	0.68854				2
2026.04.03	22:46:42.269	0.68856				2
2026.04.03	22:46:43.173	0.68866				2
2026.04.03	22:46:44.375	0.68854				2
2026.04.03	22:46:44.675	0.68856				2
2026.04.03	22:46:45.276	0.68854	0.68872			6
2026.04.03	22:46:46.778	0.68855				2
2026.04.03	22:46:47.380	0.68854	0.68871			6
2026.04.03	22:46:56.404	0.68853				2
2026.04.03	22:46:56.703		0.68872			4
2026.04.03	22:46:58.509	0.68854	0.68871			6
2026.04.03	22:46:58.810	0.68860				2
2026.04.03	22:46:59.111	0.68854				2
2026.04.03	22:47:00.014	0.68854				2
2026.04.03	22:47:00.314	0.68856	0.68873			6
2026.04.03	22:47:00.914	0.68854				2
2026.04.03	22:47:01.816		0.68872			4
2026.04.03	22:47:03.017	0.68860	0.68875			6
2026.04.03	22:47:03.619		0.68872			4
2026.04.03	22:47:03.918	0.68853				2
2026.04.03	22:47:06.628	0.68861				2
2026.04.03	22:47:08.731	0.68862				2
2026.04.03	22:47:09.032	0.68859				2
2026.04.03	22:47:14.155	0.68853				2
2026.04.03	22:47:14.457	0.68859				2
2026.04.03	22:47:15.357	0.68860				2
2026.04.03	22:47:16.561	0.68862				2
2026.04.03	22:47:17.166		0.68873			4
2026.04.03	22:47:23.477	0.68854				2
2026.04.03	22:47:24.679	0.68853	0.68872			6
2026.04.03	22:47:25.882		0.68871			4
2026.04.03	22:47:26.183	0.68852				2
2026.04.03	22:47:26.484		0.68872			4
2026.04.03	22:47:26.783		0.68871			4
2026.04.03	22:47:27.684		0.68872			4
2026.04.03	22:47:43.920		0.68873			4
2026.04.03	22:47:46.931		0.68872			4
2026.04.03	22:47:47.832		0.68873			4
2026.04.03	22:47:49.039	0.68853	0.68871			6
2026.04.03	22:47:50.242	0.68851				2
2026.04.03	22:47:50.844	0.68850				2
2026.04.03	22:47:52.051		0.68872			4
2026.04.03	22:47:53.551		0.68870			4
2026.04.03	22:47:53.851		0.68871			4
2026.04.03	22:48:00.169	0.68851				2
2026.04.03	22:48:01.374		0.68875			4
2026.04.03	22:48:01.976		0.68871			4
2026.04.03	22:48:10.693		0.68872			4
2026.04.03	22:48:11.295		0.68871			4
2026.04.03	22:48:12.195		0.68872			4
2026.04.03	22:48:12.497	0.68853	0.68873			6
2026.04.03	22:48:17.310	0.68852	0.68874			6
2026.04.03	22:48:17.612	0.68853	0.68873			6
2026.04.03	22:48:19.714	0.68852	0.68874			6
2026.04.03	22:48:28.437		0.68873			4
2026.04.03	22:48:29.646		0.68874			4
2026.04.03	22:48:32.352		0.68873			4
2026.04.03	22:48:36.872		0.68874			4
2026.04.03	22:48:40.177		0.68873			4
2026.04.03	22:48:45.589		0.68872			4
2026.04.03	22:49:00.049	0.68852				2
2026.04.03	22:49:02.152		0.68871			4
2026.04.03	22:49:08.759		0.68872			4
2026.04.03	22:49:18.077		0.68873			4
2026.04.03	22:49:30.411		0.68874			4
2026.04.03	22:50:00.187	0.68857				2
2026.04.03	22:50:01.989	0.68852				2
2026.04.03	22:50:02.598	0.68857				2
2026.04.03	22:50:04.402	0.68852				2
2026.04.03	22:50:04.703	0.68857				2
2026.04.03	22:50:05.304	0.68858				2
2026.04.03	22:50:09.217	0.68859				2
2026.04.03	22:50:11.332	0.68852				2
2026.04.03	22:50:21.267		0.68872			4
2026.04.03	22:50:35.729	0.68851				2
2026.04.03	22:50:36.331		0.68870			4
2026.04.03	22:50:36.632	0.68850				2
2026.04.03	22:50:43.244	0.68852				2
2026.04.03	22:50:43.546	0.68851				2
2026.04.03	22:50:44.448	0.68850				2
2026.04.03	22:50:57.685		0.68869			4
2026.04.03	22:51:00.101	0.68850				2
2026.04.03	22:51:02.212		0.68873			4
2026.04.03	22:51:02.511		0.68874			4
2026.04.03	22:51:02.812		0.68871			4
2026.04.03	22:51:28.403		0.68870			4
2026.04.03	22:52:00.011	0.68850				2
2026.04.03	22:52:00.311		0.68872			4
2026.04.03	22:52:02.719	0.68888	0.68934			6
2026.04.03	22:52:03.018	0.68900	0.68949			6
2026.04.03	22:52:03.320	0.68893	0.68969			6
2026.04.03	22:52:03.621	0.68896	0.68965			6
2026.04.03	22:52:03.923	0.68891	0.68959			6
2026.04.03	22:52:04.219	0.68898	0.68945			6
2026.04.03	22:52:04.520		0.68943			4
2026.04.03	22:52:04.819	0.68895	0.68940			6
2026.04.03	22:52:05.124	0.68882	0.68929			6
2026.04.03	22:52:05.424	0.68878	0.68918			6
2026.04.03	22:52:05.721	0.68870	0.68902			6
2026.04.03	22:52:06.022	0.68871	0.68910			6
2026.04.03	22:52:06.325	0.68872	0.68908			6
2026.04.03	22:52:06.623	0.68871	0.68899			6
2026.04.03	22:52:07.221	0.68868	0.68896			6
2026.04.03	22:52:07.523		0.68895			4
2026.04.03	22:52:10.836	0.68866	0.68890			6
2026.04.03	22:52:11.137	0.68863	0.68888			6
2026.04.03	22:52:11.442		0.68890			4
2026.04.03	22:52:11.740		0.68889			4
2026.04.03	22:52:12.645	0.68862				2
2026.04.03	22:52:12.950	0.68861	0.68884			6
2026.04.03	22:52:13.250	0.68860	0.68881			6
2026.04.03	22:52:14.155	0.68859	0.68880			6
2026.04.03	22:52:18.374	0.68858	0.68879			6
2026.04.03	22:52:18.678	0.68857	0.68878			6
2026.04.03	22:52:22.278	0.68856	0.68879			6
2026.04.03	22:52:22.878	0.68843	0.68874			6
2026.04.03	22:52:23.479	0.68842	0.68873			6
2026.04.03	22:52:25.283	0.68856	0.68879			6
2026.04.03	22:52:28.287	0.68858	0.68878			6
2026.04.03	22:52:28.588	0.68857				2
2026.04.03	22:52:29.490		0.68876			4
2026.04.03	22:52:33.704		0.68875			4
2026.04.03	22:52:34.009		0.68876			4
2026.04.03	22:52:35.513	0.68856	0.68875			6
2026.04.03	22:52:37.619	0.68858	0.68876			6
2026.04.03	22:52:37.922		0.68877			4
2026.04.03	22:52:38.221	0.68859	0.68879			6
2026.04.03	22:52:38.522		0.68878			4
2026.04.03	22:52:39.121	0.68860	0.68879			6
2026.04.03	22:52:41.531	0.68859	0.68878			6
2026.04.03	22:52:41.833	0.68858				2
2026.04.03	22:52:42.134		0.68877			4
2026.04.03	22:52:57.476		0.68878			4
2026.04.03	22:52:59.279		0.68879			4
2026.04.03	22:53:00.182	0.68858				2
2026.04.03	22:53:01.685	0.68859	0.68878			6
2026.04.03	22:53:01.987	0.68858	0.68879			6
2026.04.03	22:53:03.792	0.68859	0.68878			6
2026.04.03	22:53:04.391		0.68879			4
2026.04.03	22:53:04.691		0.68881			4
2026.04.03	22:53:08.603	0.68860	0.68879			6
2026.04.03	22:53:08.907	0.68859	0.68880			6
2026.04.03	22:53:17.937		0.68881			4
2026.04.03	22:53:21.851		0.68882			4
2026.04.03	22:53:22.451	0.68858	0.68886			6
2026.04.03	22:53:22.755		0.68879			4
2026.04.03	22:53:30.276		0.68880			4
2026.04.03	22:53:30.579		0.68881			4
2026.04.03	22:53:51.312	0.68860				2
2026.04.03	22:53:51.614		0.68879			4
2026.04.03	22:54:00.033	0.68860				2
2026.04.03	22:54:00.333	0.68858	0.68880			6
2026.04.03	22:54:00.635		0.68881			4
2026.04.03	22:54:04.842		0.68879			4
2026.04.03	22:54:05.442		0.68880			4
2026.04.03	22:54:25.296		0.68879			4
2026.04.03	22:54:29.507		0.68878			4
2026.04.03	22:54:31.614		0.68877			4
2026.04.03	22:55:00.199	0.68858				2
2026.04.03	22:55:02.607		0.68876			4
2026.04.03	22:55:08.917	0.68857				2
2026.04.03	22:55:16.732	0.68856	0.68875			6
2026.04.03	22:55:17.031	0.68862	0.68877			6
2026.04.03	22:55:29.062	0.68861				2
2026.04.03	22:55:52.222	0.68862				2
2026.04.03	22:55:59.754	0.68861				2
2026.04.03	22:56:00.054	0.68861				2
2026.04.03	22:56:00.356	0.68862	0.68878			6
2026.04.03	22:56:02.468	0.68855	0.68873			6
2026.04.03	22:56:02.770	0.68861	0.68878			6
2026.04.03	22:56:05.777		0.68877			4
2026.04.03	22:56:10.879	0.68855	0.68872			6
2026.04.03	22:56:12.383	0.68861	0.68877			6
2026.04.03	22:56:12.683	0.68855	0.68872			6
2026.04.03	22:56:13.283	0.68861	0.68877			6
2026.04.03	22:56:31.631	0.68854	0.68872			6
2026.04.03	22:56:31.930	0.68849	0.68866			6
2026.04.03	22:56:33.732	0.68848				2
2026.04.03	22:56:36.438	0.68847				2
2026.04.03	22:56:39.145	0.68845	0.68863			6
2026.04.03	22:56:48.478		0.68862			4
2026.04.03	22:56:54.486	0.68846				2
2026.04.03	22:56:56.892	0.68850	0.68867			6
2026.04.03	22:56:57.192	0.68852	0.68866			6
2026.04.03	22:56:58.994		0.68869			4
2026.04.03	22:57:00.196	0.68853	0.68870			6
2026.04.03	22:57:00.499	0.68855				2
2026.04.03	22:57:01.100	0.68856	0.68872			6
2026.04.03	22:57:01.701	0.68858	0.68870			6
2026.04.03	22:57:02.305		0.68869			4
2026.04.03	22:57:02.599		0.68870			4
2026.04.03	22:57:04.704	0.68857				2
2026.04.03	22:57:05.004	0.68853	0.68865			6
2026.04.03	22:57:05.304		0.68868			4
2026.04.03	22:57:05.606	0.68852				2
2026.04.03	22:57:05.906	0.68851	0.68864			6
2026.04.03	22:57:06.207	0.68852	0.68866			6
2026.04.03	22:57:07.710	0.68850	0.68865			6
2026.04.03	22:57:08.011	0.68851				2
2026.04.03	22:57:09.211	0.68850	0.68866			6
2026.04.03	22:57:18.226	0.68847	0.68862			6
2026.04.03	22:57:20.330	0.68846				2
2026.04.03	22:57:20.630	0.68847	0.68863			6
2026.04.03	22:57:30.852	0.68846	0.68869			6
2026.04.03	22:57:31.157		0.68862			4
2026.04.03	22:57:32.055	0.68844				2
2026.04.03	22:57:32.354	0.68850	0.68867			6
2026.04.03	22:57:33.257		0.68866			4
2026.04.03	22:57:33.558	0.68853	0.68869			6
2026.04.03	22:57:34.761	0.68852	0.68867			6
2026.04.03	22:57:36.262		0.68869			4
2026.04.03	22:57:38.664		0.68868			4
2026.04.03	22:57:40.469	0.68851	0.68866			6
2026.04.03	22:57:41.670		0.68865			4
2026.04.03	22:57:43.473	0.68850	0.68866			6
2026.04.03	22:57:45.877	0.68849	0.68868			6
2026.04.03	22:57:49.480	0.68853	0.68870			6
2026.04.03	22:57:49.781	0.68850	0.68867			6
2026.04.03	22:57:50.080		0.68866			4
2026.04.03	22:57:50.682	0.68849	0.68868			6
2026.04.03	22:57:52.488	0.68853	0.68870			6
2026.04.03	22:57:52.792	0.68847	0.68865			6
2026.04.03	22:57:53.090		0.68866			4
2026.04.03	22:57:55.497		0.68864			4
2026.04.03	22:57:57.602	0.68852	0.68868			6
2026.04.03	22:57:57.903	0.68850	0.68865			6
2026.04.03	22:57:58.203	0.68848	0.68864			6
2026.04.03	22:57:59.107		0.68863			4
2026.04.03	22:58:00.010	0.68848				2
2026.04.03	22:58:01.211	0.68849	0.68870			6
2026.04.03	22:58:01.512	0.68850				2
2026.04.03	22:58:02.113		0.68866			4
2026.04.03	22:58:02.713		0.68865			4
2026.04.03	22:58:03.914	0.68849				2
2026.04.03	22:58:04.218		0.68866			4
2026.04.03	22:58:04.515	0.68852	0.68871			6
2026.04.03	22:58:04.816	0.68851	0.68868			6
2026.04.03	22:58:05.114		0.68867			4
2026.04.03	22:58:09.324		0.68866			4
2026.04.03	22:58:09.623		0.68867			4
2026.04.03	22:58:10.227		0.68866			4
2026.04.03	22:58:10.527	0.68850	0.68867			6
2026.04.03	22:58:23.457	0.68853	0.68870			6
2026.04.03	22:58:24.359	0.68852				2
2026.04.03	22:58:24.663	0.68851	0.68868			6
2026.04.03	22:58:25.866	0.68850				2
2026.04.03	22:58:26.466	0.68852	0.68869			6
2026.04.03	22:58:28.279		0.68867			4
2026.04.03	22:58:30.379	0.68853	0.68869			6
2026.04.03	22:58:30.680	0.68851	0.68867			6
2026.04.03	22:58:37.588	0.68850	0.68868			6
2026.04.03	22:58:40.595	0.68851	0.68869			6
2026.04.03	22:58:41.197		0.68870			4
2026.04.03	22:58:41.797	0.68850	0.68868			6
2026.04.03	22:58:42.698		0.68867			4
2026.04.03	22:58:42.998		0.68866			4
2026.04.03	22:58:44.503		0.68867			4
2026.04.03	22:58:49.313		0.68866			4
2026.04.03	22:58:49.614		0.68867			4
2026.04.03	22:58:49.914	0.68849				2
2026.04.03	22:58:52.017	0.68850	0.68865			6
2026.04.03	22:58:52.317		0.68867			4
2026.04.03	22:58:52.618	0.68852				2
2026.04.03	22:58:53.821	0.68849	0.68866			6
2026.04.03	22:58:54.122	0.68850	0.68865			6
2026.04.03	22:58:54.423	0.68851	0.68864			6
2026.04.03	22:58:58.636	0.68852	0.68866			6
2026.04.03	22:58:59.236	0.68850	0.68865			6
2026.04.03	22:59:00.137	0.68850				2
2026.04.03	22:59:01.039	0.68851	0.68864			6
2026.04.03	22:59:01.339		0.68867			4
2026.04.03	22:59:01.641	0.68852	0.68866			6
2026.04.03	22:59:02.540	0.68851	0.68864			6
2026.04.03	22:59:04.046	0.68845	0.68870			6
2026.04.03	22:59:07.657	0.68848	0.68872			6
2026.04.03	22:59:10.364	0.68853	0.68877			6
2026.04.03	22:59:10.675	0.68849	0.68872			6
2026.04.03	22:59:11.573	0.68847	0.68873			6
2026.04.03	22:59:12.776		0.68872			4
2026.04.03	22:59:13.678		0.68873			4
2026.04.03	22:59:13.978	0.68845	0.68869			6
2026.04.03	22:59:14.579	0.68848	0.68873			6
2026.04.03	22:59:14.879	0.68846	0.68870			6
2026.04.03	22:59:17.582	0.68844				2
2026.04.03	22:59:19.688	0.68845	0.68869			6
2026.04.03	22:59:19.988		0.68867			4
2026.04.03	22:59:20.592	0.68849	0.68868			6
2026.04.03	22:59:23.598	0.68846	0.68869			6
2026.04.03	22:59:27.510	0.68847	0.68868			6
2026.04.03	22:59:28.712	0.68846				2
2026.04.03	22:59:30.515	0.68848	0.68870			6
2026.04.03	22:59:32.619		0.68869			4
2026.04.03	22:59:34.418	0.68853	0.68875			6
2026.04.03	22:59:34.718	0.68849	0.68869			6
2026.04.03	22:59:37.422	0.68853	0.68875			6
2026.04.03	22:59:37.723	0.68847	0.68868			6
2026.04.03	22:59:38.629	0.68846				2
2026.04.03	22:59:44.658	0.68847	0.68870			6
2026.04.03	22:59:44.959		0.68869			4
2026.04.03	22:59:46.462	0.68845	0.68867			6
2026.04.03	22:59:47.667	0.68846	0.68866			6
2026.04.03	22:59:50.676		0.68869			4
2026.04.03	22:59:50.976	0.68848				2
2026.04.03	22:59:51.576	0.68854	0.68872			6
2026.04.03	22:59:53.077	0.68856				2
2026.04.03	22:59:53.377	0.68855				2
2026.04.03	22:59:53.678	0.68856				2
2026.04.03	22:59:53.978	0.68850				2
2026.04.03	22:59:54.579	0.68851	0.68868			6
2026.04.03	22:59:54.878	0.68850	0.68867			6
2026.04.03	22:59:56.682		0.68868			4
2026.04.03	23:00:00.288	0.68851				2
2026.04.03	23:00:00.886	0.68843				2
2026.04.03	23:00:01.189	0.68844	0.68867			6
2026.04.03	23:00:01.487	0.68845	0.68866			6
2026.04.03	23:00:02.390	0.68852	0.68871			6
2026.04.03	23:00:02.689	0.68850				2
2026.04.03	23:00:03.291	0.68853				2
2026.04.03	23:00:03.591	0.68864	0.68885			6
2026.04.03	23:00:03.891	0.68865				2
2026.04.03	23:00:04.191	0.68868				2
2026.04.03	23:00:04.496	0.68871	0.68889			6
2026.04.03	23:00:05.096	0.68873				2
2026.04.03	23:00:05.398	0.68889	0.68911			6
2026.04.03	23:00:05.699	0.68884	0.68908			6
2026.04.03	23:00:05.997	0.68882	0.68907			6
2026.04.03	23:00:06.600	0.68883	0.68912			6
2026.04.03	23:00:07.198		0.68910			4
2026.04.03	23:00:08.699	0.68882	0.68906			6
2026.04.03	23:00:14.412		0.68909			4
2026.04.03	23:00:14.714	0.68884	0.68910			6
2026.04.03	23:00:16.517	0.68890	0.68914			6
2026.04.03	23:00:17.118	0.68889	0.68915			6
2026.04.03	23:00:18.022	0.68888	0.68916			6
2026.04.03	23:00:18.626	0.68891				2
2026.04.03	23:00:19.532		0.68912			4
2026.04.03	23:00:19.831		0.68911			4
2026.04.03	23:00:20.135	0.68894	0.68918			6
2026.04.03	23:00:20.431	0.68901	0.68939			6
2026.04.03	23:00:20.732	0.68888	0.68926			6
2026.04.03	23:00:21.036	0.68907	0.68929			6
2026.04.03	23:00:21.936	0.68906				2
2026.04.03	23:00:22.234	0.68907	0.68930			6
2026.04.03	23:00:23.740	0.68908	0.68928			6
2026.04.03	23:00:24.038	0.68893	0.68922			6
2026.04.03	23:00:24.644	0.68894	0.68923			6
2026.04.03	23:00:25.245	0.68892	0.68924			6
2026.04.03	23:00:26.151	0.68890	0.68925			6
2026.04.03	23:00:26.452	0.68908	0.68928			6
2026.04.03	23:00:26.751	0.68897	0.68918			6
2026.04.03	23:00:27.057	0.68894	0.68915			6
2026.04.03	23:00:28.255		0.68913			4
2026.04.03	23:00:28.559	0.68893				2
2026.04.03	23:00:29.159	0.68894				2
2026.04.03	23:00:29.465	0.68893				2
2026.04.03	23:00:30.065	0.68894				2
2026.04.03	23:00:30.364	0.68889	0.68909			6
2026.04.03	23:00:31.268	0.68870				2
2026.04.03	23:00:31.568	0.68872	0.68915			6
2026.04.03	23:00:31.868		0.68913			4
2026.04.03	23:00:32.471	0.68876	0.68909			6
2026.04.03	23:00:33.372		0.68908			4
2026.04.03	23:00:35.476	0.68877				2
2026.04.03	23:00:38.185	0.68878				2
2026.04.03	23:00:39.986		0.68905			4
2026.04.03	23:00:40.886		0.68907			4
2026.04.03	23:00:44.202	0.68879	0.68905			6
2026.04.03	23:00:47.213	0.68880				2
2026.04.03	23:00:50.221		0.68907			4
2026.04.03	23:00:50.822	0.68883				2
2026.04.03	23:00:52.321	0.68882				2
2026.04.03	23:00:53.223		0.68908			4
2026.04.03	23:00:53.822	0.68886	0.68915			6
2026.04.03	23:00:54.124		0.68913			4
2026.04.03	23:00:54.427		0.68912			4
2026.04.03	23:00:54.725	0.68884	0.68909			6
2026.04.03	23:00:55.024		0.68900			4
2026.04.03	23:00:55.326		0.68909			4
2026.04.03	23:00:59.535		0.68907			4
2026.04.03	23:01:00.133	0.68884				2
2026.04.03	23:01:01.038	0.68880	0.68900			6
2026.04.03	23:01:01.334	0.68879				2
2026.04.03	23:01:01.637	0.68880				2
2026.04.03	23:01:02.237	0.68884	0.68908			6
2026.04.03	23:01:02.536	0.68879	0.68900			6
2026.04.03	23:01:03.443	0.68884	0.68908			6
2026.04.03	23:01:04.343	0.68880	0.68902			6
2026.04.03	23:01:04.946	0.68878				2
2026.04.03	23:01:05.246	0.68880				2
2026.04.03	23:01:06.152		0.68893			4
2026.04.03	23:01:06.453		0.68907			4
2026.04.03	23:01:07.354		0.68900			4
2026.04.03	23:01:10.967		0.68899			4
2026.04.03	23:01:14.277	0.68884	0.68908			6
2026.04.03	23:01:17.579		0.68907			4
2026.04.03	23:01:19.088	0.68883				2
2026.04.03	23:01:30.817		0.68906			4
2026.04.03	23:01:33.222	0.68884				2
2026.04.03	23:01:35.929	0.68883				2
2026.04.03	23:01:38.033	0.68884	0.68905			6
2026.04.03	23:01:41.349		0.68907			4
2026.04.03	23:02:00.004	0.68884				2
2026.04.03	23:02:10.832		0.68906			4
2026.04.03	23:02:12.036	0.68883				2
2026.04.03	23:02:23.484	0.68882				2
2026.04.03	23:02:24.685	0.68880	0.68903			6
2026.04.03	23:02:28.603	0.68881				2
2026.04.03	23:02:37.330		0.68905			4
2026.04.03	23:02:38.231	0.68882	0.68904			6
2026.04.03	23:02:39.440	0.68881				2
2026.04.03	23:02:48.761	0.68882	0.68905			6
2026.04.03	23:02:49.665		0.68904			4
2026.04.03	23:02:53.877	0.68884	0.68903			6
2026.04.03	23:03:00.201	0.68884				2
2026.04.03	23:03:04.409	0.68883				2
2026.04.03	23:03:54.087		0.68903			4
2026.04.03	23:04:00.102	0.68883				2
2026.04.03	23:04:05.214	0.68882				2
2026.04.03	23:04:05.815	0.68881				2
2026.04.03	23:04:11.831	0.68880				2
2026.04.03	23:04:15.135	0.68884	0.68902			6
2026.04.03	23:04:21.756	0.68885				2
2026.04.03	23:04:22.358	0.68883				2
2026.04.03	23:04:22.960	0.68884				2
2026.04.03	23:04:24.162	0.68883	0.68901			6
2026.04.03	23:04:27.476	0.68880	0.68902			6
2026.04.03	23:05:00.265	0.68880				2
2026.04.03	23:05:02.369		0.68901			4
2026.04.03	23:05:35.142	0.68881				2
2026.04.03	23:05:39.351		0.68902			4
2026.04.03	23:05:39.651		0.68901			4
2026.04.03	23:05:41.153		0.68900			4
2026.04.03	23:05:45.363		0.68902			4
2026.04.03	23:05:47.763		0.68901			4
2026.04.03	23:05:48.068		0.68902			4
2026.04.03	23:05:48.973		0.68901			4
2026.04.03	23:05:50.178		0.68902			4
2026.04.03	23:05:55.883	0.68880				2
2026.04.03	23:06:00.086	0.68880				2
2026.04.03	23:06:02.193		0.68901			4
2026.04.03	23:06:04.600		0.68902			4
2026.04.03	23:06:06.400	0.68881	0.68903			6
2026.04.03	23:06:07.302		0.68904			4
2026.04.03	23:06:08.503		0.68902			4
2026.04.03	23:06:17.528		0.68903			4
2026.04.03	23:06:33.468	0.68880	0.68902			6
2026.04.03	23:06:42.187	0.68882				2
2026.04.03	23:06:51.817	0.68883	0.68901			6
2026.04.03	23:07:00.241	0.68883				2
2026.04.03	23:07:11.379	0.68881				2
2026.04.03	23:07:12.580	0.68882				2
2026.04.03	23:07:14.685	0.68885	0.68902			6
2026.04.03	23:07:23.715	0.68887				2
2026.04.03	23:07:41.755	0.68888				2
2026.04.03	23:08:00.117	0.68888				2
2026.04.03	23:08:07.640	0.68889				2
2026.04.03	23:08:14.860		0.68902			4
2026.04.03	23:08:22.078		0.68901			4
2026.04.03	23:08:23.881	0.68890				2
2026.04.03	23:08:30.202	0.68889				2
2026.04.03	23:08:35.312		0.68902			4
2026.04.03	23:08:52.168	0.68890				2
2026.04.03	23:09:00.286	0.68890				2
2026.04.03	23:09:14.133		0.68904			4
2026.04.03	23:09:14.736	0.68888				2
2026.04.03	23:09:47.838	0.68889				2
2026.04.03	23:09:50.247	0.68888				2
2026.04.03	23:09:54.458	0.68889				2
2026.04.03	23:09:54.755	0.68890	0.68906			6
2026.04.03	23:09:55.956	0.68891				2
2026.04.03	23:10:00.169	0.68891				2
2026.04.03	23:10:26.924	0.68890				2
2026.04.03	23:10:30.827	0.68905	0.68925			6
2026.04.03	23:10:31.127	0.68915	0.68935			6
2026.04.03	23:10:31.426	0.68894	0.68941			6
2026.04.03	23:10:31.729	0.68907	0.68964			6
2026.04.03	23:10:32.029	0.68908	0.68962			6
2026.04.03	23:10:32.326	0.68883	0.69036			6
2026.04.03	23:10:32.626	0.68880	0.69057			6
2026.04.03	23:10:32.927	0.68883				2
2026.04.03	23:10:33.228	0.68884	0.69084			6
2026.04.03	23:10:33.528	0.68871	0.69047			6
2026.04.03	23:10:33.832		0.69061			4
2026.04.03	23:10:34.132	0.68859	0.69121			6
2026.04.03	23:10:34.429	0.68840	0.69096			6
2026.04.03	23:10:34.730	0.68841	0.69108			6
2026.04.03	23:10:35.033	0.68832	0.69096			6
2026.04.03	23:10:35.330	0.68865	0.68980			6
2026.04.03	23:10:35.632	0.68857	0.68975			6
2026.04.03	23:10:35.933	0.68842	0.69075			6
2026.04.03	23:10:36.232	0.68847	0.69091			6
2026.04.03	23:10:54.169		0.69090			4
2026.04.03	23:11:00.454	0.68847				2
2026.04.03	23:11:00.754	0.68862	0.69034			6
2026.04.03	23:11:01.354	0.68847	0.69090			6
2026.04.03	23:11:01.655	0.68862	0.69034			6
2026.04.03	23:11:02.255	0.68848	0.69048			6
2026.04.03	23:11:04.738	0.68847	0.69090			6
2026.04.03	23:11:05.038	0.68857	0.69067			6
2026.04.03	23:11:05.339	0.68806	0.69081			6
2026.04.03	23:11:05.639	0.68857	0.69067			6
2026.04.03	23:11:10.663		0.69062			4
2026.04.03	23:11:11.916	0.68810	0.69076			6
2026.04.03	23:11:13.237	0.68809				2
2026.04.03	23:11:14.147	0.68805	0.69072			6
2026.04.03	23:11:14.448	0.68809				2
2026.04.03	23:11:15.295	0.68811				2
2026.04.03	23:11:16.196	0.68810	0.69070			6
2026.04.03	23:11:16.498	0.68811				2
2026.04.03	23:11:18.001	0.68810				2
2026.04.03	23:11:18.903	0.68882	0.68998			6
2026.04.03	23:11:19.205	0.68861	0.69047			6
2026.04.03	23:11:20.118	0.68872	0.69034			6
2026.04.03	23:11:20.719	0.68847	0.69090			6
2026.04.03	23:11:21.018	0.68881	0.69029			6
2026.04.03	23:11:23.494	0.68798	0.69070			6
2026.04.03	23:11:24.398	0.68881	0.69029			6
2026.04.03	23:11:26.341	0.68797	0.69069			6
2026.04.03	23:11:28.207	0.68874	0.69036			6
2026.04.03	23:11:29.205	0.68792	0.69058			6
2026.04.03	23:11:29.506	0.68903	0.68984			6
2026.04.03	23:11:31.007	0.68807	0.69068			6
2026.04.03	23:11:31.307	0.68888	0.69096			6
2026.04.03	23:11:31.608	0.68872	0.69083			6
2026.04.03	23:11:31.908		0.69082			4
2026.04.03	23:11:35.470	0.68863	0.69132			6
2026.04.03	23:11:35.771	0.68875	0.69083			6
2026.04.03	23:11:36.073		0.69082			4
2026.04.03	23:11:53.515		0.69084			4
2026.04.03	23:11:55.696		0.69107			4
2026.04.03	23:11:55.996		0.69106			4
2026.04.03	23:11:56.301		0.69099			4
2026.04.03	23:11:56.902		0.69111			4
2026.04.03	23:11:57.411		0.69099			4
2026.04.03	23:11:58.013	0.68878	0.69098			6
2026.04.03	23:11:59.777	0.68856	0.69123			6
2026.04.03	23:12:00.078	0.68895	0.69145			6
2026.04.03	23:12:00.378	0.68884				2
2026.04.03	23:12:02.405	0.68883				2
2026.04.03	23:12:03.019		0.69149			4
2026.04.03	23:12:04.537	0.68884				2
2026.04.03	23:12:05.138	0.68874	0.69147			6
2026.04.03	23:12:05.439	0.68878	0.69107			6
2026.04.03	23:12:05.741	0.68875				2
2026.04.03	23:12:06.042		0.69108			4
2026.04.03	23:12:06.343	0.68878	0.69107			6
2026.04.03	23:12:06.642		0.69108			4
2026.04.03	23:12:06.944	0.68855	0.69127			6
2026.04.03	23:12:07.244	0.68875	0.69093			6
2026.04.03	23:12:07.544		0.69092			4
2026.04.03	23:12:07.847	0.68878	0.69147			6
2026.04.03	23:12:08.150	0.68876				2
2026.04.03	23:12:09.354	0.68874				2
2026.04.03	23:12:12.637	0.68873				2
2026.04.03	23:12:13.239	0.68874	0.69146			6
2026.04.03	23:12:14.356	0.68877				2
2026.04.03	23:12:14.656	0.68880	0.69148			6
2026.04.03	23:12:16.237	0.68879				2
2026.04.03	23:12:17.502	0.68878				2
2026.04.03	23:12:18.127	0.68882				2
2026.04.03	23:12:18.427	0.68879				2
2026.04.03	23:12:18.728	0.68878				2
2026.04.03	23:12:21.644	0.68885	0.69107			6
2026.04.03	23:12:24.777	0.68855	0.69130			6
2026.04.03	23:12:25.075		0.69128			4
2026.04.03	23:12:25.376		0.69125			4
2026.04.03	23:12:26.741		0.69118			4
2026.04.03	23:12:27.697		0.69120			4
2026.04.03	23:12:27.998		0.69119			4
2026.04.03	23:12:28.601		0.69118			4
2026.04.03	23:12:35.454		0.69120			4
2026.04.03	23:12:36.055		0.69118			4
2026.04.03	23:12:36.359		0.69119			4
2026.04.03	23:12:36.960		0.69118			4
2026.04.03	23:12:39.676		0.69119			4
2026.04.03	23:12:42.821		0.69118			4
2026.04.03	23:12:43.122	0.68858	0.69113			6
2026.04.03	23:12:47.361		0.69109			4
2026.04.03	23:12:47.662	0.68861	0.69094			6
2026.04.03	23:12:49.159	0.68870	0.69093			6
2026.04.03	23:12:49.464	0.68865				2
2026.04.03	23:12:49.765	0.68866	0.69095			6
2026.04.03	23:12:53.137	0.68867	0.69096			6
2026.04.03	23:12:53.436	0.68885	0.69105			6
2026.04.03	23:12:53.737	0.68887	0.69086			6
2026.04.03	23:13:00.042	0.68887				2
2026.04.03	23:13:01.544	0.68889	0.69085			6
2026.04.03	23:13:03.049	0.68891	0.69075			6
2026.04.03	23:13:21.640	0.68886	0.69117			6
2026.04.03	23:13:21.941	0.68880	0.69106			6
2026.04.03	23:13:22.240	0.68882	0.69099			6
2026.04.03	23:13:23.145	0.68891	0.69069			6
2026.04.03	23:13:27.892	0.68892	0.69073			6
2026.04.03	23:13:29.895	0.68893	0.69063			6
2026.04.03	23:13:50.086	0.68894				2
2026.04.03	23:13:54.937	0.68897	0.69044			6
2026.04.03	23:13:55.539	0.68896	0.69050			6
2026.04.03	23:13:57.044	0.68897	0.69044			6
2026.04.03	23:14:00.036	0.68897				2
2026.04.03	23:14:09.616	0.68886	0.69047			6
2026.04.03	23:14:10.516	0.68833	0.69050			6
2026.04.03	23:14:10.818	0.68806	0.69070			6
2026.04.03	23:14:11.122	0.68791	0.69066			6
2026.04.03	23:14:11.720	0.68844	0.69047			6
2026.04.03	23:14:12.022	0.68849	0.69051			6
2026.04.03	23:14:12.621	0.68855	0.69041			6
2026.04.03	23:14:12.921	0.68843	0.69060			6
2026.04.03	23:14:13.223	0.68844	0.69082			6
2026.04.03	23:14:13.524		0.69080			4
2026.04.03	23:14:13.824	0.68858	0.69033			6
2026.04.03	23:14:14.125	0.68851	0.69080			6
2026.04.03	23:14:14.423	0.68844	0.69079			6
2026.04.03	23:14:15.028	0.68860	0.69032			6
2026.04.03	23:14:15.327	0.68856	0.69033			6
2026.04.03	23:14:15.627	0.68821	0.69085			6
2026.04.03	23:14:15.927	0.68844	0.69081			6
2026.04.03	23:14:16.231	0.68847	0.69057			6
2026.04.03	23:14:16.532	0.68854	0.69053			6
2026.04.03	23:14:16.831	0.68853	0.69041			6
2026.04.03	23:14:17.132	0.68856	0.69038			6
2026.04.03	23:14:17.432	0.68866	0.69036			6
2026.04.03	23:14:17.735	0.68856	0.69043			6
2026.04.03	23:14:18.035	0.68870	0.69035			6
2026.04.03	23:14:18.638	0.68858	0.69041			6
2026.04.03	23:14:18.936		0.69045			4
2026.04.03	23:14:19.241	0.68871	0.69034			6
2026.04.03	23:14:19.540		0.69035			4
2026.04.03	23:14:19.842	0.68873	0.69042			6
2026.04.03	23:14:20.143	0.68867	0.69035			6
2026.04.03	23:14:21.043	0.68872	0.69034			6
2026.04.03	23:14:25.919	0.68878	0.69025			6
2026.04.03	23:14:26.518	0.68873	0.69027			6
2026.04.03	23:14:26.819		0.69030			4
2026.04.03	23:14:27.852	0.68863	0.69032			6
2026.04.03	23:14:33.644	0.68869	0.69030			6
2026.04.03	23:14:33.945		0.69031			4
2026.04.03	23:14:38.511	0.68864				2
2026.04.03	23:14:39.113	0.68881	0.69036			6
2026.04.03	23:14:39.416	0.68870				2
2026.04.03	23:14:40.754		0.69031			4
2026.04.03	23:14:41.054	0.68866	0.69032			6
2026.04.03	23:14:41.354	0.68872	0.69030			6
2026.04.03	23:14:43.117	0.68873				2
2026.04.03	23:14:43.419	0.68871	0.69027			6
2026.04.03	23:14:43.721	0.68874	0.69025			6
2026.04.03	23:14:44.022	0.68873				2
2026.04.03	23:14:44.321	0.68888	0.69028			6
2026.04.03	23:14:44.622	0.68887	0.69025			6
2026.04.03	23:14:45.820	0.68886				2
2026.04.03	23:14:49.545	0.68885				2
2026.04.03	23:14:51.936	0.68884				2
2026.04.03	23:14:56.137	0.68883				2
2026.04.03	23:14:57.940	0.68893				2
2026.04.03	23:14:58.242		0.69029			4
2026.04.03	23:14:59.376		0.69022			4
2026.04.03	23:15:00.168	0.68893				2
2026.04.03	23:15:00.468	0.68852	0.69025			6
2026.04.03	23:15:03.286	0.68853	0.69024			6
2026.04.03	23:15:04.648	0.68852	0.69020			6
2026.04.03	23:15:05.436	0.68851				2
2026.04.03	23:15:10.038		0.69019			4
2026.04.03	23:15:10.338	0.68850	0.69020			6
2026.04.03	23:15:10.939	0.68854				2
2026.04.03	23:15:30.141	0.68853				2
2026.04.03	23:15:33.022	0.68852				2
2026.04.03	23:15:34.490	0.68886	0.69030			6
2026.04.03	23:15:34.789	0.68866	0.69020			6
2026.04.03	23:15:35.391	0.68855				2
2026.04.03	23:15:36.294	0.68876	0.69027			6
2026.04.03	23:15:36.895	0.68864	0.69021			6
2026.04.03	23:15:37.796	0.68858				2
2026.04.03	23:15:38.815	0.68855				2
2026.04.03	23:15:43.514		0.69025			4
2026.04.03	23:15:57.579	0.68909	0.69029			6
2026.04.03	23:15:58.181	0.68894				2
2026.04.03	23:15:58.481	0.68865				2
2026.04.03	23:15:59.590	0.68857	0.69023			6
2026.04.03	23:16:00.281	0.68857				2
2026.04.03	23:16:00.881	0.68853				2
2026.04.03	23:16:01.183		0.69024			4
2026.04.03	23:16:11.737	0.68852				2
2026.04.03	23:16:34.688	0.68853				2
2026.04.03	23:16:40.439		0.69020			4
2026.04.03	23:16:41.873	0.68852				2
2026.04.03	23:17:00.348	0.68852				2
2026.04.03	23:17:15.788	0.68875				2
2026.04.03	23:17:44.485		0.69020			4
2026.04.03	23:17:45.090	0.68876				2
2026.04.03	23:17:46.184	0.68867	0.69043			6
2026.04.03	23:17:46.785		0.69033			4
2026.04.03	23:17:47.086	0.68868	0.69016			6
2026.04.03	23:17:48.427	0.68881	0.69000			6
2026.04.03	23:17:49.629	0.68877	0.68997			6
2026.04.03	23:17:50.530	0.68878				2
2026.04.03	23:17:50.831	0.68881	0.68991			6
2026.04.03	23:17:51.134	0.68882				2
2026.04.03	23:17:52.035	0.68884				2
2026.04.03	23:17:52.334	0.68885				2
2026.04.03	23:17:52.635	0.68886				2
2026.04.03	23:17:57.150	0.68884	0.68982			6
2026.04.03	23:17:58.652	0.68894	0.69036			6
2026.04.03	23:17:58.953	0.68892	0.69038			6
2026.04.03	23:17:59.254	0.68893				2
2026.04.03	23:17:59.554	0.68894	0.69036			6
2026.04.03	23:18:00.154	0.68894				2
2026.04.03	23:18:01.103		0.69033			4
2026.04.03	23:18:02.307		0.69034			4
2026.04.03	23:18:02.609	0.68892	0.69036			6
2026.04.03	23:18:02.909	0.68894	0.69034			6
2026.04.03	23:18:03.209	0.68892	0.69014			6
2026.04.03	23:18:03.509	0.68895				2
2026.04.03	23:18:08.320	0.68892	0.69015			6
2026.04.03	23:18:09.212	0.68893				2
2026.04.03	23:18:25.237	0.68897				2
2026.04.03	23:18:25.537	0.68887	0.69057			6
2026.04.03	23:18:25.837		0.69042			4
2026.04.03	23:18:26.439	0.68891	0.69039			6
2026.04.03	23:18:27.340	0.68884	0.69045			6
2026.04.03	23:18:30.416	0.68885				2
2026.04.03	23:18:33.325	0.68877	0.69021			6
2026.04.03	23:18:39.636	0.68876				2
2026.04.03	23:18:48.036	0.68878				2
2026.04.03	23:18:48.336	0.68880				2
2026.04.03	23:18:48.636	0.68879				2
2026.04.03	23:18:48.936	0.68880				2
2026.04.03	23:18:55.428	0.68899	0.69026			6
2026.04.03	23:18:55.765	0.68896				2
2026.04.03	23:18:58.340		0.69029			4
2026.04.03	23:19:00.167	0.68896				2
2026.04.03	23:19:02.139	0.68895				2
2026.04.03	23:19:07.667	0.68894				2
2026.04.03	23:19:14.736	0.68893				2
2026.04.03	23:19:21.575	0.68892				2
2026.04.03	23:19:21.878	0.68893				2
2026.04.03	23:19:23.737	0.68892				2
2026.04.03	23:19:24.637	0.68883	0.69004			6
2026.04.03	23:19:24.939	0.68871				2
2026.04.03	23:19:32.436	0.68869	0.68998			6
2026.04.03	23:19:34.461		0.69006			4
2026.04.03	23:19:39.545		0.69004			4
2026.04.03	23:19:48.426		0.69003			4
2026.04.03	23:20:00.637	0.68869				2
2026.04.03	23:20:15.336	0.68868				2
2026.04.03	23:20:34.116		0.69006			4
2026.04.03	23:20:34.417		0.69003			4
2026.04.03	23:20:37.461		0.69002			4
2026.04.03	23:20:37.762		0.69001			4
2026.04.03	23:20:42.228		0.68997			4
2026.04.03	23:20:47.360		0.68998			4
2026.04.03	23:20:48.522		0.69002			4
2026.04.03	23:20:49.551		0.69003			4
2026.04.03	23:21:00.258	0.68868				2
2026.04.03	23:21:12.035	0.68867				2
2026.04.03	23:21:17.474	0.68868				2
2026.04.03	23:21:31.186	0.68871	0.69022			6
2026.04.03	23:21:32.191	0.68872				2
2026.04.03	23:21:32.491	0.68862	0.69020			6
2026.04.03	23:21:33.703	0.68860	0.69006			6
2026.04.03	23:21:34.004		0.68994			4
2026.04.03	23:21:34.605	0.68859				2
2026.04.03	23:21:36.037		0.68979			4
2026.04.03	23:21:36.943	0.68857	0.68980			6
2026.04.03	23:21:40.680		0.68981			4
2026.04.03	23:21:44.244	0.68856				2
2026.04.03	23:21:54.369	0.68855				2
2026.04.03	23:22:00.336	0.68855				2
2026.04.03	23:22:02.737	0.68854				2
2026.04.03	23:22:09.337	0.68857	0.68980			6
2026.04.03	23:22:10.537		0.68981			4
2026.04.03	23:22:18.336	0.68856				2
2026.04.03	23:22:29.442	0.68845	0.68967			6
2026.04.03	23:22:39.116		0.68965			4
2026.04.03	23:23:01.659	0.68845				2
2026.04.03	23:23:40.377		0.68965			4
2026.04.03	23:24:01.539	0.68845				2
2026.04.03	23:24:13.674	0.68844				2
2026.04.03	23:24:30.936	0.68845				2
2026.04.03	23:24:40.983		0.68965			4
2026.04.03	23:25:00.037	0.68845	0.68954			6
2026.04.03	23:25:01.536	0.68844				2
2026.04.03	23:25:05.548	0.68845				2
2026.04.03	23:25:08.736	0.68844				2
2026.04.03	23:25:25.020	0.68846				2
2026.04.03	23:25:25.895	0.68845				2
2026.04.03	23:25:27.337	0.68844				2
2026.04.03	23:25:50.375		0.68944			4
2026.04.03	23:25:51.283		0.68947			4
2026.04.03	23:26:01.657	0.68844				2
2026.04.03	23:26:05.077		0.68945			4
2026.04.03	23:27:00.082	0.68844				2
2026.04.03	23:27:00.382		0.68946			4
2026.04.03	23:27:01.367		0.68947			4
2026.04.03	23:27:41.737	0.68843				2
2026.04.03	23:28:01.657	0.68843	0.68947			6
2026.04.03	23:28:02.728		0.68955			4
2026.04.03	23:28:03.037	0.68844				2
2026.04.03	23:28:11.897	0.68875	0.68996			6
2026.04.03	23:28:12.197		0.69007			4
2026.04.03	23:28:12.799		0.69021			4
2026.04.03	23:28:13.100	0.68882	0.69024			6
2026.04.03	23:28:14.001	0.68881	0.69025			6
2026.04.03	23:28:22.074	0.68880	0.69026			6
2026.04.03	23:28:26.736		0.69027			4
2026.04.03	23:28:30.036		0.69026			4
2026.04.03	23:28:30.637	0.68879				2
2026.04.03	23:28:30.936	0.68880	0.69027			6
2026.04.03	23:28:32.106	0.68879				2
2026.04.03	23:28:32.407	0.68878	0.69028			6
2026.04.03	23:28:33.007	0.68879				2
2026.04.03	23:28:35.138	0.68878	0.69029			6
2026.04.03	23:28:35.739	0.68879	0.69028			6
2026.04.03	23:28:41.835	0.68878				2
2026.04.03	23:28:42.136		0.69031			4
2026.04.03	23:28:42.437		0.69029			4
2026.04.03	23:28:42.742	0.68875	0.69032			6
2026.04.03	23:28:48.169	0.68876	0.69030			6
2026.04.03	23:28:48.469		0.69031			4
2026.04.03	23:28:50.354	0.68874				2
2026.04.03	23:28:50.655	0.68876				2
2026.04.03	23:28:50.978	0.68873				2
2026.04.03	23:28:51.279	0.68874	0.69033			6
2026.04.03	23:28:51.790	0.68875				2
2026.04.03	23:28:52.090		0.69031			4
2026.04.03	23:28:52.392		0.69032			4
2026.04.03	23:28:54.366	0.68877	0.69029			6
2026.04.03	23:28:55.536	0.68878				2
2026.04.03	23:28:56.436	0.68872	0.69035			6
2026.04.03	23:28:56.736	0.68876	0.69031			6
2026.04.03	23:29:00.021	0.68877				2
2026.04.03	23:29:00.322	0.68874	0.69032			6
2026.04.03	23:29:01.836	0.68873	0.69034			6
2026.04.03	23:29:02.137	0.68869				2
2026.04.03	23:29:02.437	0.68871	0.69036			6
2026.04.03	23:29:06.637		0.69035			4
2026.04.03	23:29:06.939	0.68872	0.69034			6
2026.04.03	23:29:07.542	0.68878	0.69029			6
2026.04.03	23:29:07.843	0.68876	0.69030			6
2026.04.03	23:29:08.151		0.69031			4
2026.04.03	23:29:11.444	0.68875				2
2026.04.03	23:29:11.746	0.68862	0.69042			6
2026.04.03	23:29:12.046	0.68866	0.69034			6
2026.04.03	23:29:12.348	0.68864				2
2026.04.03	23:29:13.107	0.68870	0.69031			6
2026.04.03	23:29:13.406	0.68856				2
2026.04.03	23:29:14.008	0.68854				2
2026.04.03	23:29:14.609	0.68863	0.69035			6
2026.04.03	23:29:14.909	0.68856				2
2026.04.03	23:29:15.210	0.68858	0.69026			6
2026.04.03	23:29:15.510		0.69021			4
2026.04.03	23:29:15.810	0.68843				2
2026.04.03	23:29:16.110	0.68858				2
2026.04.03	23:29:16.411	0.68859	0.69038			6
2026.04.03	23:29:16.711	0.68850				2
2026.04.03	23:29:17.012	0.68854	0.69046			6
2026.04.03	23:29:17.312	0.68846	0.69030			6
2026.04.03	23:29:17.613	0.68839				2
2026.04.03	23:29:17.915	0.68846	0.69034			6
2026.04.03	23:29:18.216	0.68852	0.69023			6
2026.04.03	23:29:18.516	0.68838				2
2026.04.03	23:29:18.815	0.68855	0.69033			6
2026.04.03	23:29:19.116	0.68843	0.69029			6
2026.04.03	23:29:21.037	0.68844				2
2026.04.03	23:29:21.638	0.68843				2
2026.04.03	23:29:21.938	0.68842				2
2026.04.03	23:29:22.238	0.68856	0.69031			6
2026.04.03	23:29:22.537	0.68845				2
2026.04.03	23:29:22.837	0.68844				2
2026.04.03	23:29:23.438	0.68845				2
2026.04.03	23:29:23.772	0.68844				2
2026.04.03	23:29:24.374	0.68848	0.69029			6
2026.04.03	23:29:24.975	0.68847	0.69039			6
2026.04.03	23:29:25.275	0.68845	0.69030			6
2026.04.03	23:29:25.575	0.68856				2
2026.04.03	23:29:26.175	0.68848				2
2026.04.03	23:29:26.475	0.68844				2
2026.04.03	23:29:27.375	0.68850	0.69031			6
2026.04.03	23:29:27.676	0.68847				2
2026.04.03	23:29:27.976	0.68855				2
2026.04.03	23:29:28.576	0.68843	0.69033			6
2026.04.03	23:29:29.176	0.68845				2
2026.04.03	23:29:29.477	0.68843				2
2026.04.03	23:29:30.377	0.68844	0.69040			6
2026.04.03	23:29:30.681	0.68846				2
2026.04.03	23:29:30.982	0.68844				2
2026.04.03	23:29:31.301	0.68845				2
2026.04.03	23:29:31.901	0.68859	0.69034			6
2026.04.03	23:29:32.202	0.68851				2
2026.04.03	23:29:32.502	0.68843				2
2026.04.03	23:29:33.008	0.68844				2
2026.04.03	23:29:33.308	0.68849	0.69044			6
2026.04.03	23:29:33.633	0.68855				2
2026.04.03	23:29:34.236	0.68849				2
2026.04.03	23:29:34.537	0.68846	0.69043			6
2026.04.03	23:29:34.837	0.68847				2
2026.04.03	23:29:35.438	0.68855	0.69045			6
2026.04.03	23:29:35.739	0.68845				2
2026.04.03	23:29:36.040	0.68852	0.69035			6
2026.04.03	23:29:36.339	0.68843				2
2026.04.03	23:29:36.639	0.68854				2
2026.04.03	23:29:36.939	0.68841				2
2026.04.03	23:29:37.540	0.68840				2
2026.04.03	23:29:38.441	0.68848				2
2026.04.03	23:29:38.742	0.68842				2
2026.04.03	23:29:39.341	0.68840				2
2026.04.03	23:29:39.643	0.68843				2
2026.04.03	23:29:39.943	0.68863	0.69044			6
2026.04.03	23:29:40.242	0.68877	0.69029			6
2026.04.03	23:29:40.843		0.69031			4
2026.04.03	23:29:41.144	0.68865	0.69042			6
2026.04.03	23:29:41.443	0.68876	0.69031			6
2026.04.03	23:29:42.045	0.68860	0.69047			6
2026.04.03	23:29:42.347	0.68865	0.69042			6
2026.04.03	23:29:42.650	0.68869	0.69037			6
2026.04.03	23:29:42.949	0.68867	0.69039			6
2026.04.03	23:29:43.254	0.68856	0.69049			6
2026.04.03	23:29:43.554	0.68857				2
2026.04.03	23:29:43.854	0.68855				2
2026.04.03	23:29:44.154	0.68859	0.69048			6
2026.04.03	23:29:44.456	0.68854				2
2026.04.03	23:29:44.756	0.68857	0.69049			6
2026.04.03	23:29:45.059	0.68855	0.69050			6
2026.04.03	23:29:45.661	0.68856				2
2026.04.03	23:29:45.963	0.68852	0.69048			6
2026.04.03	23:29:46.264	0.68856	0.69050			6
2026.04.03	23:29:46.564		0.69048			4
2026.04.03	23:29:46.867	0.68853	0.69050			6
2026.04.03	23:29:47.467	0.68851	0.69048			6
2026.04.03	23:29:47.766	0.68855				2
2026.04.03	23:29:48.069	0.68854				2
2026.04.03	23:29:48.368	0.68848				2
2026.04.03	23:29:48.668	0.68851				2
2026.04.03	23:29:48.968	0.68849				2
2026.04.03	23:29:49.269	0.68852				2
2026.04.03	23:29:49.570	0.68845				2
2026.04.03	23:29:49.869	0.68849				2
2026.04.03	23:29:50.174	0.68845				2
2026.04.03	23:29:50.774	0.68844				2
2026.04.03	23:29:51.074	0.68845				2
2026.04.03	23:29:52.763	0.68847				2
2026.04.03	23:29:53.365	0.68845				2
2026.04.03	23:29:55.598	0.68842				2
2026.04.03	23:29:55.900	0.68841	0.69052			6
2026.04.03	23:29:57.102	0.68847	0.69051			6
2026.04.03	23:29:57.402	0.68844	0.69052			6
2026.04.03	23:29:57.703	0.68854				2
2026.04.03	23:29:58.002	0.68856	0.69050			6
2026.04.03	23:29:58.301	0.68857				2
2026.04.03	23:29:58.602	0.68854	0.69052			6
2026.04.03	23:29:58.902	0.68846	0.69053			6
2026.04.03	23:29:59.205	0.68855	0.69052			6
2026.04.03	23:30:00.107	0.68847	0.69055			6
2026.04.03	23:30:00.406	0.68839				2
2026.04.03	23:30:01.608	0.68849				2
2026.04.03	23:30:01.909	0.68848				2
2026.04.03	23:30:02.509	0.68828	0.69077			6
2026.04.03	23:30:04.658	0.68832	0.69075			6
2026.04.03	23:30:04.959	0.68849	0.69053			6
2026.04.03	23:30:05.560	0.68851				2
2026.04.03	23:30:07.078	0.68852				2
2026.04.03	23:30:09.941	0.68849				2
2026.04.03	23:30:10.245	0.68807				2
2026.04.03	23:30:40.473		0.69049			4
2026.04.03	23:30:41.403	0.68809				2
2026.04.03	23:31:00.177	0.68809				2
2026.04.03	23:31:19.832		0.69042			4
2026.04.03	23:31:41.761		0.69041			4
2026.04.03	23:31:44.689		0.69043			4
2026.04.03	23:32:00.983	0.68809				2
2026.04.03	23:32:15.725		0.69045			4
2026.04.03	23:32:16.029		0.69040			4
2026.04.03	23:32:16.330		0.69052			4
2026.04.03	23:32:16.632		0.69050			4
2026.04.03	23:32:16.931		0.69054			4
2026.04.03	23:32:18.786	0.68787	0.69057			6
2026.04.03	23:32:19.085		0.69049			4
2026.04.03	23:32:41.963	0.68786	0.69047			6
2026.04.03	23:32:54.345	0.68784	0.69050			6
2026.04.03	23:33:00.636	0.68784				2
2026.04.03	23:33:31.729		0.69054			4
2026.04.03	23:33:41.205		0.69059			4
2026.04.03	23:33:53.219		0.69054			4
2026.04.03	23:33:54.374	0.68799	0.69046			6
2026.04.03	23:33:54.988	0.68819	0.69060			6
2026.04.03	23:33:55.290		0.69056			4
2026.04.03	23:33:55.897		0.69057			4
2026.04.03	23:33:56.643		0.69053			4
2026.04.03	23:34:10.536	0.68819				2
2026.04.03	23:34:18.519		0.69048			4
2026.04.03	23:34:23.128		0.69057			4
2026.04.03	23:34:23.428		0.69053			4
2026.04.03	23:34:42.940		0.69061			4
2026.04.03	23:34:44.010		0.69065			4
2026.04.03	23:34:49.989	0.68799	0.69060			6
2026.04.03	23:35:00.066	0.68818	0.69003			6
2026.04.03	23:35:00.366		0.69000			4
2026.04.03	23:35:01.840		0.69063			4
2026.04.03	23:35:02.743		0.69038			4
2026.04.03	23:35:03.345		0.69034			4
2026.04.03	23:35:03.962		0.69033			4
2026.04.03	23:35:10.966	0.68788	0.69014			6
2026.04.03	23:35:11.737		0.69015			4
2026.04.03	23:35:13.474		0.69010			4
2026.04.03	23:35:18.336		0.69014			4
2026.04.03	23:35:23.436		0.69005			4
2026.04.03	23:35:33.481	0.68791	0.68981			6
2026.04.03	23:35:44.979	0.68805	0.68985			6
2026.04.03	23:36:00.038	0.68805				2
2026.04.03	23:36:03.340	0.68799				2
2026.04.03	23:36:29.523	0.68804	0.68978			6
2026.04.03	23:36:34.380		0.68982			4
2026.04.03	23:36:36.018		0.68978			4
2026.04.03	23:36:36.321		0.68982			4
2026.04.03	23:36:37.851		0.68978			4
2026.04.03	23:37:00.637	0.68804				2
2026.04.03	23:37:12.403	0.68805	0.68981			6
2026.04.03	23:37:15.037	0.68802	0.68971			6
2026.04.03	23:37:15.341	0.68804	0.68970			6
2026.04.03	23:37:25.111	0.68805				2
2026.04.03	23:37:36.571	0.68799	0.68974			6
2026.04.03	23:37:57.938		0.68970			4
2026.04.03	23:37:59.223		0.68966			4
2026.04.03	23:38:00.635	0.68799				2
2026.04.03	23:38:03.336		0.68970			4
2026.04.03	23:38:07.052	0.68789	0.68969			6
2026.04.03	23:38:13.238		0.68965			4
2026.04.03	23:38:20.057	0.68805	0.68962			6
2026.04.03	23:38:23.616	0.68800	0.68966			6
2026.04.03	23:38:54.322		0.68964			4
2026.04.03	23:38:58.840		0.68968			4
2026.04.03	23:39:04.236	0.68800				2
2026.04.03	23:39:07.374	0.68806	0.68962			6
2026.04.03	23:39:46.270		0.68959			4
2026.04.03	23:39:51.592	0.68813	0.68949			6
2026.04.03	23:39:51.892	0.68820	0.68947			6
2026.04.03	23:39:52.194	0.68823	0.68945			6
2026.04.03	23:39:52.494	0.68797	0.68948			6
2026.04.03	23:39:52.794	0.68812	0.68949			6
2026.04.03	23:39:53.095	0.68797	0.69001			6
2026.04.03	23:39:53.398	0.68805	0.68972			6
2026.04.03	23:39:53.699	0.68801	0.69018			6
2026.04.03	23:39:55.314	0.68802	0.69020			6
2026.04.03	23:40:00.036	0.68802				2
2026.04.03	23:40:03.351	0.68807	0.68973			6
2026.04.03	23:40:28.346	0.68808	0.68960			6
2026.04.03	23:40:39.180	0.68807	0.68962			6
2026.04.03	23:40:41.896	0.68810	0.68967			6
2026.04.03	23:40:51.831	0.68815	0.68976			6
2026.04.03	23:41:00.273	0.68815				2
2026.04.03	23:41:01.775	0.68818	0.68991			6
2026.04.03	23:41:04.788		0.68986			4
2026.04.03	23:41:18.042		0.68991			4
2026.04.03	23:41:20.450	0.68821	0.68986			6
2026.04.03	23:41:22.253		0.68991			4
2026.04.03	23:41:23.758	0.68822	0.68970			6
2026.04.03	23:41:24.058	0.68820	0.69008			6
2026.04.03	23:41:25.261	0.68822	0.69021			6
2026.04.03	23:41:25.561	0.68825				2
2026.04.03	23:41:26.163	0.68827				2
2026.04.03	23:41:26.465	0.68831				2
2026.04.03	23:41:28.327	0.68826				2
2026.04.03	23:41:33.341	0.68830				2
2026.04.03	23:41:36.732		0.69031			4
2026.04.03	23:41:38.520	0.68826				2
2026.04.03	23:41:41.755	0.68830				2
2026.04.03	23:41:48.356	0.68826				2
2026.04.03	23:42:00.037	0.68826				2
2026.04.03	23:42:31.836		0.69030			4
2026.04.03	23:43:00.153	0.68826				2
2026.04.03	23:43:02.546	0.68822				2
2026.04.03	23:43:22.435		0.69089			4
2026.04.03	23:43:22.736	0.68820				2
2026.04.03	23:43:23.040	0.68794	0.69058			6
2026.04.03	23:43:24.030		0.69080			4
2026.04.03	23:43:24.823		0.69070			4
2026.04.03	23:43:25.123	0.68793				2
2026.04.03	23:44:00.156	0.68847	0.69109			6
2026.04.03	23:44:01.536		0.69110			4
2026.04.03	23:44:02.436		0.69109			4
2026.04.03	23:44:04.237		0.69110			4
2026.04.03	23:44:05.316	0.68846	0.69104			6
2026.04.03	23:44:11.136		0.69105			4
2026.04.03	23:44:15.137	0.68833				2
2026.04.03	23:44:16.182	0.68829	0.69103			6
2026.04.03	23:44:31.439	0.68849	0.69036			6
2026.04.03	23:44:31.739	0.68827	0.69030			6
2026.04.03	23:44:33.643	0.68800	0.69067			6
2026.04.03	23:44:34.277		0.69064			4
2026.04.03	23:44:42.168	0.68793	0.69089			6
2026.04.03	23:44:58.968		0.69091			4
2026.04.03	23:49:42.529	0.68800	0.69090			6
2026.04.03	23:49:42.830	0.68809	0.69019			6
2026.04.03	23:49:43.130	0.68826	0.69030			6
2026.04.03	23:49:43.430		0.69039			4
2026.04.03	23:49:43.730	0.68815	0.69048			6
2026.04.03	23:49:44.030	0.68805	0.69058			6
2026.04.03	23:49:44.330		0.69069			4
2026.04.03	23:49:44.631		0.69080			4
2026.04.03	23:49:44.931		0.69092			4
2026.04.03	23:51:09.497	0.68818	0.69058			6
2026.04.03	23:51:10.098	0.68820				2
2026.04.03	23:51:31.837	0.68816				2
2026.04.03	23:52:00.014	0.68816				2
2026.04.03	23:52:03.336	0.68820				2
2026.04.03	23:52:10.236		0.69058			4
2026.04.03	23:52:21.103	0.68821				2
2026.04.03	23:52:21.407	0.68820				2
2026.04.03	23:52:21.781	0.68819				2
2026.04.03	23:52:39.780	0.68821				2
2026.04.03	23:52:40.082	0.68820				2
2026.04.03	23:53:01.536	0.68820				2
2026.04.03	23:53:10.983		0.69058			4
2026.04.03	23:53:28.237	0.68816				2
2026.04.03	23:53:33.223	0.68820				2
2026.04.03	23:53:39.434	0.68821				2
2026.04.03	23:53:44.601	0.68820				2
2026.04.03	23:53:54.784	0.68821				2
2026.04.03	23:54:00.637	0.68821				2
2026.04.03	23:54:08.222	0.68817				2
2026.04.03	23:54:09.956	0.68821				2
2026.04.03	23:54:11.436		0.69058			4
2026.04.03	23:54:14.413	0.68820				2
2026.04.03	23:54:17.239	0.68816				2
2026.04.03	23:54:21.169	0.68820				2
2026.04.03	23:54:23.442	0.68816				2
2026.04.03	23:54:23.958	0.68820				2
2026.04.03	23:54:31.966	0.68816				2
2026.04.03	23:54:33.222	0.68820				2
2026.04.03	23:54:54.796	0.68819				2
2026.04.03	23:54:57.630	0.68823				2
2026.04.03	23:54:59.738	0.68822				2
2026.04.03	23:55:00.040	0.68823				2
2026.04.03	23:55:00.973	0.68827				2
2026.04.03	23:55:01.967	0.68823				2
2026.04.03	23:55:04.424	0.68827				2
2026.04.03	23:55:08.116	0.68823				2
2026.04.03	23:55:09.968	0.68827				2
2026.04.03	23:55:10.268	0.68823				2
2026.04.03	23:55:11.168	0.68827				2
2026.04.03	23:55:13.785	0.68814	0.69058			6
2026.04.03	23:55:14.087	0.68810				2
2026.04.03	23:55:23.136	0.68814				2
2026.04.03	23:55:23.968	0.68810				2
2026.04.03	23:55:35.649	0.68809				2
2026.04.03	23:55:39.257	0.68813				2
2026.04.03	23:55:41.736	0.68806				2
2026.04.03	23:55:44.486		0.69051			4
2026.04.03	23:55:55.837	0.68841	0.69071			6
2026.04.03	23:55:56.142	0.68833				2
2026.04.03	23:56:00.336	0.68833				2
2026.04.03	23:56:50.949	0.68831	0.69070			6
2026.04.03	23:56:58.950	0.68832				2
2026.04.03	23:57:01.236	0.68832				2
2026.04.03	23:57:04.743	0.68838	0.69051			6
2026.04.03	23:57:59.757	0.68837				2
2026.04.03	23:58:00.057	0.68837				2
2026.04.03	23:58:06.935		0.69051			4
2026.04.03	23:59:00.157	0.68837				2
